id,fecha_creacion,fecha_cierre,area,categoria,prioridad,canal,solicitante,asunto,descripcion,estado,reaperturas
TK-00183,2025-03-08,2025-04-19,Operaciones,Hardware,alta,Telefono,usuario117@lafortuna.com.co,El teclado dejó de responder,El solicitante indica que la novedad se presenta de forma intermitente desde hace tres días.,REABIERTO,2
TK-00378,2026-06-12,,Compras,VACACIONES,1-Alta,correo,usuario085@lafortuna.com.co,Me negaron las vacaciones solicitadas,Se adjunta captura de pantalla del mensaje de error recibido.,abierto,0
TK-00888,30-Jun-2025,2025-07-05,Talento Humano,Sin clasificar,2-Media,Mesa de ayuda,usuario109@lafortuna.com.co,Pendiente por definir,El caso fue reportado por teléfono y se registra para trazabilidad.,Cerrado,0
TK-01545,2025-01-20,,Comercial,Compras,Alta,correo,usuario061@lafortuna.com.co,Necesito cotización para equipos de la bodega,El solicitante indica que la novedad se presenta de forma intermitente desde hace tres días.,abierto,0
TK-01349,2026-05-12,31/05/2026,Talento Humano,HARDWARE,Baja,Mesa de ayuda,usuario044@lafortuna.com.co,El portátil no enciende desde ayer,El usuario reporta la novedad desde el inicio de la jornada y requiere solución para continuar con su labor.,En proceso,0
TK-01244,2025-08-19,2025-08-29,Calidad,compras,2-Media,Formulario web,usuario103@lafortuna.com.co,Estado de la orden de compra 4471,El usuario reporta la novedad desde el inicio de la jornada y requiere solución para continuar con su labor.,Escalado,0
TK-00240,20-Ene-2026,,Operaciones,VACACIONES,3-Baja,Correo,usuario078@lafortuna.com.co,Cuántos días tengo acumulados,Se solicita atención prioritaria porque afecta la operación del área y el cierre del periodo.,Abierto,0
TK-01276,16-May-2026,22-Jun-2026,Contabilidad,Hardware,Baja,Formulario web,usuario180@lafortuna.com.co,El portátil no enciende desde ayer,El usuario reporta la novedad desde el inicio de la jornada y requiere solución para continuar con su labor.,Cerrado,0
TK-01025,2026-03-11,21-Mar-2026,Comercial,incidente,baja,Telefono,usuario085@lafortuna.com.co,Pérdida de información en el módulo de inventario,,CERRADO,0
TK-00048,20-Jul-2025,29-Ago-2025,Calidad,Gestión de accesos,media,Correo,usuario120@lafortuna.com.co,Se bloqueó mi usuario tras varios intentos,Se adjunta captura de pantalla del mensaje de error recibido.,CERRADO,0
TK-01492,27-Feb-2026,,Talento Humano,software,baja,Formulario web,usuario149@lafortuna.com.co,La aplicación se cierra al generar el informe,Se adjunta captura de pantalla del mensaje de error recibido.,Abierto,0
TK-00452,03/06/2025,,Talento Humano,SOFTWARE,2-Media,Correo,usuario048@lafortuna.com.co,Error al guardar el formulario de ingreso,Requerimiento remitido por la jefatura del área para gestión.,Escalado,0
TK-01120,07/03/2026,2026-03-30,Calidad,Viáticos,ALTA,Formulario web,usuario038@lafortuna.com.co,Cuál es el monto autorizado para hospedaje,El solicitante indica que la novedad se presenta de forma intermitente desde hace tres días.,Escalado,
TK-00417,12-Jun-2025,,Aplicaciones,Conectividad,Media,correo,usuario033@lafortuna.com.co,Muy lenta la conexión en la bodega,El usuario reporta la novedad desde el inicio de la jornada y requiere solución para continuar con su labor.,en proceso,0
TK-00238,26-May-2025,,Calidad,Nomina,CRITICA,Teléfono,usuario172@lafortuna.com.co,Error en el descuento de la quincena,El usuario reporta la novedad desde el inicio de la jornada y requiere solución para continuar con su labor.,En proceso,0
TK-01764,2025-10-10,,Talento Humano,vacaciones,baja,correo,usuario148@lafortuna.com.co,Con cuánta anticipación debo solicitar vacaciones,Se solicita atención prioritaria porque afecta la operación del área y el cierre del periodo.,reabierto,2
TK-00082,10/05/2026,,,Conectividad,MEDIA,Mesa de ayuda,usuario072@lafortuna.com.co,La VPN se desconecta cada media hora,,reabierto,1
TK-00614,16/03/2026,,Infraestructura,Accesos,1-Alta,Teléfono,usuario012@lafortuna.com.co,Se bloqueó mi usuario tras varios intentos,Requerimiento remitido por la jefatura del área para gestión.,Reabierto,2
TK-00607,15/02/2025,,Infraestructura,Incidente,baja,Telefono,usuario176@lafortuna.com.co,Se cayó el servicio de facturación,El usuario reporta la novedad desde el inicio de la jornada y requiere solución para continuar con su labor.,abierto,0
TK-01847,2025-11-28,02-Dic-2025,Contabilidad,ACCESOS,MEDIA,Correo,usuario109@lafortuna.com.co,Necesito acceso a la carpeta compartida de mi área,Se solicita atención prioritaria porque afecta la operación del área y el cierre del periodo.,cerrado,0
TK-00682,07-Nov-2025,2025-11-12,Calidad,OTROS,CRITICA,Mesa de ayuda,usuario170@lafortuna.com.co,Requerimiento del área ,Se adjunta captura de pantalla del mensaje de error recibido.,Cerrado,0
TK-00390,10/06/2025,24/07/2025,Contabilidad,Gestión de accesos,Baja,formulario,usuario113@lafortuna.com.co,No puedo entrar al sistema Centrica,Se adjunta captura de pantalla del mensaje de error recibido.,cerrado,0
TK-01836,17/04/2026,,Comercial,equipos,baja,Teléfono,usuario118@lafortuna.com.co,La impresora de la sede norte imprime rayada,El usuario reporta la novedad desde el inicio de la jornada y requiere solución para continuar con su labor.,Escalado,0
TK-00594,23-Jul-2025,,Comercial,,2-Media,correo,usuario064@lafortuna.com.co,Consulta general,El caso fue reportado por teléfono y se registra para trazabilidad.,reabierto,2
TK-00088,26-Ene-2026,,Operaciones,Capacitación,Alta,formulario,usuario117@lafortuna.com.co,Cuándo es la próxima inducción,Requerimiento remitido por la jefatura del área para gestión.,En proceso,0
TK-01729,26/07/2025,04/09/2025,Infraestructura,Accesos,Crítica,Formulario web,usuario006@lafortuna.com.co,Solicito permiso al módulo de cartera,Se adjunta captura de pantalla del mensaje de error recibido.,Reabierto,2
TK-01642,2025-10-16,,Contabilidad,hardware,2-Media,Correo,usuario138@lafortuna.com.co,Necesito un monitor adicional para el puesto,El usuario reporta la novedad desde el inicio de la jornada y requiere solución para continuar con su labor.,reabierto,2
TK-01517,2025-08-15,04/09/2025,Calidad,software,3-Baja,correo,usuario030@lafortuna.com.co,Necesito que instalen el visor de planos,Se adjunta captura de pantalla del mensaje de error recibido.,Reabierto,1
TK-01342,2026-04-26,,Aplicaciones,Aplicaciones,Media,Mesa de ayuda,usuario140@lafortuna.com.co,La versión instalada no coincide con la del área,Requerimiento remitido por la jefatura del área para gestión.,abierto,0
TK-01409,2025-10-23,09/11/2025,Infraestructura,ACCESOS,media,correo,usuario095@lafortuna.com.co,Se bloqueó mi usuario tras varios intentos,El caso fue reportado por teléfono y se registra para trazabilidad.,CERRADO,0
TK-00855,10-Mar-2026,,Talento Humano,compras,baja,Telefono,usuario030@lafortuna.com.co,El proveedor no ha entregado lo solicitado,El usuario reporta la novedad desde el inicio de la jornada y requiere solución para continuar con su labor.,Abierto,0
TK-01591,01-Mar-2025,,Aplicaciones,Software,3-Baja,correo,usuario106@lafortuna.com.co,La versión instalada no coincide con la del área,,Abierto,0
TK-01906,15-Jun-2025,,Talento Humano,HARDWARE,3-Baja,Correo,usuario147@lafortuna.com.co,El portátil no enciende desde ayer,El usuario reporta la novedad desde el inicio de la jornada y requiere solución para continuar con su labor.,abierto,0
TK-00252,19/02/2026,23/02/2026,Infraestructura,OTROS,ALTA,Formulario web,usuario167@lafortuna.com.co,Pendiente por definir,Se adjunta captura de pantalla del mensaje de error recibido.,Cerrado,0
TK-01635,2025-07-05,,Operaciones,Software,Alta,Teléfono,usuario109@lafortuna.com.co,La aplicación se cierra al generar el informe,El usuario reporta la novedad desde el inicio de la jornada y requiere solución para continuar con su labor.,REABIERTO,3
TK-01552,21/03/2026,,Calidad,Viáticos,CRITICA,Telefono,usuario158@lafortuna.com.co,Cómo legalizo los viáticos del viaje a la costa,Se solicita atención prioritaria porque afecta la operación del área y el cierre del periodo.,Escalado,0
TK-00493,07/05/2026,2026-05-18,Talento Humano,VACACIONES,Crítica,Teléfono,usuario120@lafortuna.com.co,Cuántos días tengo acumulados,El usuario reporta la novedad desde el inicio de la jornada y requiere solución para continuar con su labor.,en proceso,0
TK-01632,20-Nov-2025,24/12/2025,Operaciones,informes,3-Baja,Mesa de ayuda,usuario180@lafortuna.com.co,El reporte no incluye la sede nueva,El solicitante indica que la novedad se presenta de forma intermitente desde hace tres días.,Cerrado,0
TK-01441,2025-10-13,,Operaciones,Compras,MEDIA,Correo,usuario066@lafortuna.com.co,Estado de la orden de compra 4471,El usuario reporta la novedad desde el inicio de la jornada y requiere solución para continuar con su labor.,REABIERTO,1
TK-01684,09-Nov-2025,2025-11-22,Compras,Nomina,CRITICA,formulario,usuario118@lafortuna.com.co,Solicito certificado laboral con salario,,CERRADO,0
TK-01378,2026-01-15,,Aplicaciones,Otros,MEDIA,Mesa de ayuda,,Requerimiento del área,,Abierto,0
TK-01542,04/03/2026,,Calidad,Viáticos,Alta,Formulario web,usuario078@lafortuna.com.co,Necesito anticipo para comisión,El caso fue reportado por teléfono y se registra para trazabilidad.,reabierto,2
TK-00955,2026-01-06,,Calidad,compras,Critica,Telefono,usuario051@lafortuna.com.co,Cómo registro un proveedor nuevo,,REABIERTO,2
TK-00539,29-Ene-2025,,Talento Humano,ACCESOS,Baja,Mesa de ayuda,usuario043@lafortuna.com.co,Solicito permiso al módulo de cartera ,Se solicita atención prioritaria porque afecta la operación del área y el cierre del periodo.,abierto,0
TK-00919,2026-05-22,2026-06-10,Contabilidad,,Critica,Mesa de ayuda,usuario130@lafortuna.com.co,Requerimiento del área,,en proceso,0
TK-01941,2025-03-03,,Talento Humano,Viáticos,alta,formulario,,Cómo legalizo los viáticos del viaje a la costa,,en proceso,0
TK-00991,06-May-2025,,Contabilidad,ACCESOS,Alta,Correo,usuario157@lafortuna.com.co,Necesito acceso a la carpeta compartida de mi área,Se solicita atención prioritaria porque afecta la operación del área y el cierre del periodo.,en proceso,0
TK-00191,2025-04-24,,Comercial,Hardware,Baja,formulario,usuario040@lafortuna.com.co,El teclado dejó de responder,Requerimiento remitido por la jefatura del área para gestión.,En proceso,0
TK-01118,08-May-2025,,Operaciones,VACACIONES,media,Formulario web,usuario071@lafortuna.com.co,Puedo dividir mis vacaciones en dos periodos,Se adjunta captura de pantalla del mensaje de error recibido.,reabierto,
TK-01424,18/04/2025,31-May-2025,Infraestructura,otros,Media,Correo,usuario149@lafortuna.com.co,Solicitud varias,El usuario reporta la novedad desde el inicio de la jornada y requiere solución para continuar con su labor.,cerrado,0
TK-01843,25-Feb-2025,,Talento Humano,accesos,Critica,Telefono,usuario161@lafortuna.com.co,Se bloqueó mi usuario tras varios intentos,,reabierto,3
TK-01728,31/07/2025,2025-08-23,,nomina,Media,Correo,usuario094@lafortuna.com.co,Diferencia en el pago de horas extras,,CERRADO,0
TK-00021,2026-03-25,11/04/2026,Talento Humano,Viaticos,media,Correo,usuario088@lafortuna.com.co,Cuál es el monto autorizado para hospedaje,Se solicita atención prioritaria porque afecta la operación del área y el cierre del periodo.,cerrado,1
TK-00909,2026-06-24,,,red,Critica,formulario,usuario157@lafortuna.com.co,La VPN se desconecta cada media hora,El usuario reporta la novedad desde el inicio de la jornada y requiere solución para continuar con su labor.,Reabierto,2
TK-00293,05/01/2026,,Infraestructura,accesos,Crítica,correo,usuario057@lafortuna.com.co,Necesito acceso a la carpeta compartida de mi área,,En proceso,0
TK-00396,08-Oct-2025,,Comercial,vacaciones,baja,correo,usuario081@lafortuna.com.co,Con cuánta anticipación debo solicitar vacaciones,El caso fue reportado por teléfono y se registra para trazabilidad.,Escalado,0
TK-01100,26/06/2026,,Operaciones,Hardware,baja,Telefono,usuario127@lafortuna.com.co,El teclado dejó de responder,Requerimiento remitido por la jefatura del área para gestión.,abierto,0
TK-00812,03/03/2025,28/03/2025,Aplicaciones,Órdenes de compra,Alta,Telefono,usuario143@lafortuna.com.co,Cómo registro un proveedor nuevo,El caso fue reportado por teléfono y se registra para trazabilidad.,Cerrado,0
TK-01586,23/08/2025,,Compras,equipos,Crítica,Telefono,,El teclado dejó de responder,Se solicita atención prioritaria porque afecta la operación del área y el cierre del periodo.,Escalado,0
TK-01141,06-Mar-2025,,Calidad,Acceso,Baja,correo,usuario144@lafortuna.com.co,Se bloqueó mi usuario tras varios intentos,El usuario reporta la novedad desde el inicio de la jornada y requiere solución para continuar con su labor.,Abierto,
TK-00154,2025-07-19,31/08/2025,Operaciones,Aplicaciones,media,Formulario web,usuario122@lafortuna.com.co,Necesito que instalen el visor de planos,El solicitante indica que la novedad se presenta de forma intermitente desde hace tres días.,En proceso,0
TK-00529,29/11/2025,,Talento Humano,Software,Media,Telefono,usuario074@lafortuna.com.co,Necesito que instalen el visor de planos,,REABIERTO,2
TK-00124,29-Oct-2025,,Comercial,viaticos,MEDIA,Mesa de ayuda,usuario053@lafortuna.com.co,Necesito anticipo para comisión,El solicitante indica que la novedad se presenta de forma intermitente desde hace tres días.,Abierto,0
TK-01512,2025-04-19,05/05/2025,Calidad,Software,ALTA,formulario,usuario059@lafortuna.com.co,La versión instalada no coincide con la del área,El caso fue reportado por teléfono y se registra para trazabilidad.,CERRADO,0
TK-00490,05-Mar-2025,14-Mar-2025,Calidad,Hardware,media,Correo,usuario132@lafortuna.com.co,Necesito un monitor adicional para el puesto,El caso fue reportado por teléfono y se registra para trazabilidad.,Cerrado,0
TK-00257,2025-10-20,,Operaciones,Acceso,Alta,formulario,usuario149@lafortuna.com.co,Se bloqueó mi usuario tras varios intentos,El caso fue reportado por teléfono y se registra para trazabilidad.,Reabierto,2
TK-01327,27/02/2026,,Infraestructura,Reportes,Critica,Mesa de ayuda,usuario050@lafortuna.com.co,Necesito el reporte de ventas del trimestre,El usuario reporta la novedad desde el inicio de la jornada y requiere solución para continuar con su labor.,En proceso,0
TK-00623,08-May-2025,06-Jun-2025,Compras,aplicaciones,CRITICA,Mesa de ayuda,usuario166@lafortuna.com.co,La aplicación se cierra al generar el informe,Se adjunta captura de pantalla del mensaje de error recibido.,cerrado,
TK-00761,28/08/2025,,Contabilidad,SOFTWARE,MEDIA,Mesa de ayuda,usuario092@lafortuna.com.co,La aplicación se cierra al generar el informe,El solicitante indica que la novedad se presenta de forma intermitente desde hace tres días.,Escalado,0
TK-01388,2025-09-08,,Talento Humano,viáticos,Media,Teléfono,usuario062@lafortuna.com.co,Cuál es el monto autorizado para hospedaje,Se adjunta captura de pantalla del mensaje de error recibido.,abierto,0
TK-01475,02-Mar-2025,,Operaciones,Nómina,alta,Teléfono,usuario009@lafortuna.com.co,Diferencia en el pago de horas extras,El solicitante indica que la novedad se presenta de forma intermitente desde hace tres días.,REABIERTO,2
TK-01837,19/02/2026,25/03/2026,Aplicaciones,Software,CRITICA,correo,usuario145@lafortuna.com.co,Error al guardar el formulario de ingreso,El solicitante indica que la novedad se presenta de forma intermitente desde hace tres días.,reabierto,
TK-01018,15-May-2026,,Talento Humano,informes,ALTA,Correo,usuario014@lafortuna.com.co,Solicito exportar el listado a Excel,,REABIERTO,1
TK-01404,25/07/2025,,Compras,aplicaciones,CRITICA,Mesa de ayuda,usuario021@lafortuna.com.co,La aplicación se cierra al generar el informe,,reabierto,2
TK-00405,2026-01-11,,Compras,Acceso,2-Media,correo,usuario054@lafortuna.com.co,Necesito acceso a la carpeta compartida de mi área,,Abierto,0
TK-01035,18-Abr-2025,,Calidad,INCIDENTE,Baja,Formulario web,usuario162@lafortuna.com.co,Los usuarios reportan lentitud generalizada,Requerimiento remitido por la jefatura del área para gestión.,En proceso,0
TK-00561,26/07/2025,11/08/2025,,Acceso,alta,Formulario web,usuario092@lafortuna.com.co,Solicito permiso al módulo de cartera,El usuario reporta la novedad desde el inicio de la jornada y requiere solución para continuar con su labor.,CERRADO,0
TK-00167,2025-10-12,,,HARDWARE,CRITICA,correo,usuario030@lafortuna.com.co,El teclado dejó de responder,El caso fue reportado por teléfono y se registra para trazabilidad.,reabierto,2
TK-00967,01/01/2025,13-Ene-2025,,Reportes,Crítica,Telefono,usuario101@lafortuna.com.co,El reporte no incluye la sede nueva,Se adjunta captura de pantalla del mensaje de error recibido.,cerrado,0
TK-00133,29/06/2026,,Comercial,vacaciones,media,Correo,usuario067@lafortuna.com.co,Me negaron las vacaciones solicitadas,,Escalado,0
TK-00833,2025-01-18,28/02/2025,Calidad,Equipos,2-Media,Formulario web,usuario070@lafortuna.com.co,Solicito reposición de diadema dañada,El usuario reporta la novedad desde el inicio de la jornada y requiere solución para continuar con su labor.,Cerrado,0
TK-00029,2025-02-26,08-Mar-2025,Infraestructura,Gestión de accesos,Crítica,Correo,usuario027@lafortuna.com.co,Solicito permiso al módulo de cartera,El solicitante indica que la novedad se presenta de forma intermitente desde hace tres días.,CERRADO,0
TK-01253,30-Jun-2026,11/07/2026,Infraestructura,incidente,baja,Mesa de ayuda,usuario042@lafortuna.com.co,Caída total del sistema en la sede principal,Se adjunta captura de pantalla del mensaje de error recibido.,Escalado,0
TK-00285,05/06/2026,,Infraestructura,aplicaciones,Baja,Correo,usuario147@lafortuna.com.co,Aparece un mensaje de sesión expirada cada cinco minutos,El caso fue reportado por teléfono y se registra para trazabilidad.,en proceso,0
TK-01673,29-May-2026,12-Jul-2026,Contabilidad,Reportes,Media,Correo,usuario144@lafortuna.com.co,Solicito exportar el listado a Excel,Se adjunta captura de pantalla del mensaje de error recibido.,REABIERTO,1
TK-01336,2026-04-19,,Comercial,aplicaciones,Crítica,Correo,usuario180@lafortuna.com.co,Aparece un mensaje de sesión expirada cada cinco minutos,,abierto,0
TK-00978,06-Ene-2025,02-Feb-2025,Operaciones,software,alta,Correo,,Error al guardar el formulario de ingreso,Se adjunta captura de pantalla del mensaje de error recibido.,Cerrado,0
TK-01931,2026-05-29,,Contabilidad,accesos,Critica,Correo,usuario138@lafortuna.com.co,Solicito permiso al módulo de cartera,Se adjunta captura de pantalla del mensaje de error recibido.,Escalado,0
TK-00215,28-Abr-2025,2025-06-07,Comercial,capacitacion,Media,formulario,usuario031@lafortuna.com.co,Cuándo es la próxima inducción,El usuario reporta la novedad desde el inicio de la jornada y requiere solución para continuar con su labor.,Cerrado,0
TK-01918,2025-03-29,07-Abr-2025,Aplicaciones,viaticos,3-Baja,formulario,usuario063@lafortuna.com.co,Necesito anticipo para comisión,,Cerrado,1
TK-01003,20/10/2025,,Talento Humano,Software,media,Telefono,usuario059@lafortuna.com.co,Necesito que instalen el visor de planos,,Reabierto,3
TK-00881,08-Jul-2025,,Calidad,Incidente,ALTA,Teléfono,usuario123@lafortuna.com.co,Caída total del sistema en la sede principal,El caso fue reportado por teléfono y se registra para trazabilidad.,Abierto,0
TK-00262,16/11/2025,,Calidad,software,Crítica,Telefono,usuario140@lafortuna.com.co,La versión instalada no coincide con la del área,El caso fue reportado por teléfono y se registra para trazabilidad.,En proceso,0
TK-00459,08-May-2025,10/05/2025,,Nomina,Crítica,Mesa de ayuda,usuario113@lafortuna.com.co,Error en el descuento de la quincena,Requerimiento remitido por la jefatura del área para gestión.,cerrado,0
TK-00439,2026-02-13,,Infraestructura,Vacaciones,2-Media,Correo,usuario135@lafortuna.com.co,Me negaron las vacaciones solicitadas,Requerimiento remitido por la jefatura del área para gestión.,en proceso,0
TK-01307,04/06/2025,,Compras,informes,baja,Teléfono,usuario004@lafortuna.com.co,Necesito el reporte de ventas del trimestre,Se solicita atención prioritaria porque afecta la operación del área y el cierre del periodo.,reabierto,3
TK-01668,2026-03-12,,Aplicaciones,incidente,Crítica,Telefono,usuario053@lafortuna.com.co,Pérdida de información en el módulo de inventario,El caso fue reportado por teléfono y se registra para trazabilidad.,REABIERTO,3
TK-01637,10/02/2025,19-Mar-2025,Comercial,Gestión de accesos,2-Media,formulario,usuario001@lafortuna.com.co,Necesito acceso a la carpeta compartida de mi área,El solicitante indica que la novedad se presenta de forma intermitente desde hace tres días.,Cerrado,0
TK-01493,18-Mar-2025,,Infraestructura,Conectividad,Media,correo,usuario013@lafortuna.com.co,Muy lenta la conexión en la bodega,El solicitante indica que la novedad se presenta de forma intermitente desde hace tres días.,En proceso,0
TK-00650,03/06/2025,18/06/2025,Calidad,Capacitación,CRITICA,formulario,usuario177@lafortuna.com.co,Cuándo es la próxima inducción,El solicitante indica que la novedad se presenta de forma intermitente desde hace tres días.,Cerrado,1
TK-01695,16/03/2026,,Operaciones,capacitación,Alta,Teléfono,,Solicito capacitación en el módulo nuevo,El usuario reporta la novedad desde el inicio de la jornada y requiere solución para continuar con su labor.,abierto,0
TK-00862,21-Jun-2026,,Infraestructura,Red,alta,Formulario web,usuario168@lafortuna.com.co,Sin internet en el segundo piso,El solicitante indica que la novedad se presenta de forma intermitente desde hace tres días.,En proceso,0
TK-01506,04/12/2025,,Aplicaciones,red,2-Media,Correo,usuario029@lafortuna.com.co,La VPN se desconecta cada media hora,Se solicita atención prioritaria porque afecta la operación del área y el cierre del periodo.,abierto,0
TK-01104,2025-04-19,2025-05-12,,Capacitación,MEDIA,correo,usuario048@lafortuna.com.co,Cuándo es la próxima inducción,El usuario reporta la novedad desde el inicio de la jornada y requiere solución para continuar con su labor.,cerrado,0
TK-01733,17/03/2026,,,software,2-Media,Teléfono,usuario050@lafortuna.com.co,La aplicación se cierra al generar el informe,El solicitante indica que la novedad se presenta de forma intermitente desde hace tres días.,REABIERTO,2
TK-01630,2025-12-16,19/12/2025,Compras,vacaciones,baja,Correo,usuario168@lafortuna.com.co,Me negaron las vacaciones solicitadas,Requerimiento remitido por la jefatura del área para gestión.,En proceso,0
TK-00560,18-Feb-2025,2025-04-02,Infraestructura,RED,2-Media,correo,usuario163@lafortuna.com.co,Sin internet en el segundo piso,El caso fue reportado por teléfono y se registra para trazabilidad.,CERRADO,
TK-00228,13/02/2025,,Compras,nomina,3-Baja,correo,,Diferencia en el pago de horas extras,El solicitante indica que la novedad se presenta de forma intermitente desde hace tres días.,Abierto,0
TK-01896,18/02/2025,,Compras,Vacaciones,ALTA,Mesa de ayuda,usuario144@lafortuna.com.co,Con cuánta anticipación debo solicitar vacaciones,Se solicita atención prioritaria porque afecta la operación del área y el cierre del periodo.,abierto,0
TK-01372,11/07/2025,,Infraestructura,RED,1-Alta,Formulario web,usuario131@lafortuna.com.co,No carga el sistema desde la sede sur,Requerimiento remitido por la jefatura del área para gestión.,REABIERTO,1
TK-00698,15-Oct-2025,,Infraestructura,Software,Media,Mesa de ayuda,usuario174@lafortuna.com.co,Necesito que instalen el visor de planos,El caso fue reportado por teléfono y se registra para trazabilidad.,en proceso,0
TK-01908,10/05/2025,,Comercial,viáticos,alta,Mesa de ayuda,usuario151@lafortuna.com.co,Necesito anticipo para comisión,El solicitante indica que la novedad se presenta de forma intermitente desde hace tres días.,Escalado,0
TK-00045,2025-12-16,,Aplicaciones,Red,baja,Correo,usuario081@lafortuna.com.co,Sin internet en el segundo piso,Requerimiento remitido por la jefatura del área para gestión.,reabierto,1
TK-01407,2025-07-21,,Operaciones,Equipos,2-Media,formulario,usuario027@lafortuna.com.co,Solicito reposición de diadema dañada,El caso fue reportado por teléfono y se registra para trazabilidad.,Reabierto,2
TK-01267,2025-06-13,2025-07-20,Operaciones,Gestión de accesos,Media,Telefono,usuario066@lafortuna.com.co,Necesito acceso a la carpeta compartida de mi área,Se adjunta captura de pantalla del mensaje de error recibido.,CERRADO,0
TK-01771,23-Oct-2025,,Compras,ORDENES DE COMPRA,MEDIA,Mesa de ayuda,usuario019@lafortuna.com.co,Estado de la orden de compra 4471 ,Requerimiento remitido por la jefatura del área para gestión.,abierto,0
TK-00612,2025-08-30,,Aplicaciones,Software,Baja,Correo,usuario031@lafortuna.com.co,Error al guardar el formulario de ingreso,El usuario reporta la novedad desde el inicio de la jornada y requiere solución para continuar con su labor.,reabierto,2
TK-01589,27-Sep-2025,,Aplicaciones,Aplicaciones,Crítica,formulario,usuario157@lafortuna.com.co,Necesito que instalen el visor de planos,El usuario reporta la novedad desde el inicio de la jornada y requiere solución para continuar con su labor.,Escalado,0
TK-00182,09-Mar-2026,,Compras,aplicaciones,1-Alta,Correo,usuario134@lafortuna.com.co,Necesito que instalen el visor de planos,,Abierto,0
TK-01362,02/01/2025,21-Ene-2025,Talento Humano,Hardware,baja,formulario,usuario125@lafortuna.com.co,La impresora de la sede norte imprime rayada,Se solicita atención prioritaria porque afecta la operación del área y el cierre del periodo.,cerrado,0
TK-00780,22/07/2025,,Calidad,vacaciones,alta,correo,usuario073@lafortuna.com.co,Me negaron las vacaciones solicitadas,El usuario reporta la novedad desde el inicio de la jornada y requiere solución para continuar con su labor.,abierto,0
TK-00072,14/10/2025,2025-11-21,Infraestructura,SOFTWARE,baja,Formulario web,usuario092@lafortuna.com.co,La aplicación se cierra al generar el informe,Se adjunta captura de pantalla del mensaje de error recibido.,Cerrado,0
TK-00189,11/04/2025,,Compras,HARDWARE,1-Alta,Teléfono,usuario056@lafortuna.com.co,Solicito reposición de diadema dañada,El usuario reporta la novedad desde el inicio de la jornada y requiere solución para continuar con su labor.,REABIERTO,2
TK-01234,2025-08-19,,Calidad,NOMINA,baja,Telefono,usuario095@lafortuna.com.co,Error en el descuento de la quincena,Requerimiento remitido por la jefatura del área para gestión.,REABIERTO,1
TK-01816,16/05/2025,,Infraestructura,nómina,alta,Formulario web,usuario120@lafortuna.com.co,Diferencia en el pago de horas extras,,Reabierto,2
TK-01145,2025-04-26,,Compras,Accesos,MEDIA,correo,usuario164@lafortuna.com.co,Solicito permiso al módulo de cartera,,En proceso,0
TK-01352,29/12/2025,29/01/2026,Contabilidad,accesos,Crítica,Correo,usuario139@lafortuna.com.co,No puedo entrar al sistema Centrica,Requerimiento remitido por la jefatura del área para gestión.,Cerrado,0
TK-00692,02/06/2026,,Infraestructura,APLICACIONES,baja,Mesa de ayuda,usuario073@lafortuna.com.co,Necesito que instalen el visor de planos ,El caso fue reportado por teléfono y se registra para trazabilidad.,Abierto,
TK-00728,30/05/2025,,Compras,compras,Alta,Telefono,usuario074@lafortuna.com.co,Estado de la orden de compra 4471,,Escalado,0
TK-00018,2025-06-16,,Contabilidad,informes,CRITICA,Telefono,usuario025@lafortuna.com.co,El informe muestra cifras distintas al sistema,Se adjunta captura de pantalla del mensaje de error recibido.,reabierto,1
TK-00765,2025-03-26,2025-04-27,Compras,Hardware,3-Baja,formulario,usuario110@lafortuna.com.co,El teclado dejó de responder,Se solicita atención prioritaria porque afecta la operación del área y el cierre del periodo.,CERRADO,1
TK-01017,01/05/2026,11/06/2026,Contabilidad,conectividad,Baja,Teléfono,usuario140@lafortuna.com.co,La VPN se desconecta cada media hora,El usuario reporta la novedad desde el inicio de la jornada y requiere solución para continuar con su labor.,Cerrado,1
TK-00290,2025-12-20,16/01/2026,Compras,ACCESOS,CRITICA,correo,,Necesito acceso a la carpeta compartida de mi área,Se solicita atención prioritaria porque afecta la operación del área y el cierre del periodo.,En proceso,0
TK-01929,09/08/2025,,Talento Humano,Accesos,1-Alta,Teléfono,usuario043@lafortuna.com.co,Necesito acceso a la carpeta compartida de mi área,El usuario reporta la novedad desde el inicio de la jornada y requiere solución para continuar con su labor.,Abierto,0
TK-01420,2025-11-15,,Compras,software,baja,Formulario web,usuario039@lafortuna.com.co,La aplicación se cierra al generar el informe,El caso fue reportado por teléfono y se registra para trazabilidad.,abierto,0
TK-01265,24-Jun-2025,25/06/2025,Compras,Software,Baja,Formulario web,usuario009@lafortuna.com.co,Aparece un mensaje de sesión expirada cada cinco minutos,,Cerrado,0
TK-00435,18/07/2025,,Talento Humano,Aplicaciones,media,Teléfono,usuario122@lafortuna.com.co,La aplicación se cierra al generar el informe,El solicitante indica que la novedad se presenta de forma intermitente desde hace tres días.,reabierto,3
TK-01016,11/06/2026,25/07/2026,Aplicaciones,RED,2-Media,Mesa de ayuda,usuario150@lafortuna.com.co,La VPN se desconecta cada media hora,Se solicita atención prioritaria porque afecta la operación del área y el cierre del periodo.,cerrado,0
TK-00949,19/11/2025,10-Dic-2025,Infraestructura,incidente,Media,correo,usuario051@lafortuna.com.co,Pérdida de información en el módulo de inventario,Requerimiento remitido por la jefatura del área para gestión.,CERRADO,0
TK-01666,11/01/2025,,Comercial,INCIDENTE,Crítica,correo,usuario133@lafortuna.com.co,Los usuarios reportan lentitud generalizada,Requerimiento remitido por la jefatura del área para gestión.,En proceso,0
TK-00229,22/01/2025,,Operaciones,Otros,Alta,Correo,usuario053@lafortuna.com.co,Requerimiento del área,Se adjunta captura de pantalla del mensaje de error recibido.,reabierto,1
TK-00321,2025-04-05,,Comercial,ACCESOS,1-Alta,Telefono,usuario095@lafortuna.com.co,Solicito permiso al módulo de cartera,El usuario reporta la novedad desde el inicio de la jornada y requiere solución para continuar con su labor.,REABIERTO,3
TK-01127,2025-04-29,07-May-2025,Infraestructura,Capacitación,alta,Formulario web,usuario102@lafortuna.com.co,Cuándo es la próxima inducción,Se solicita atención prioritaria porque afecta la operación del área y el cierre del periodo.,Escalado,0
TK-01454,01-Feb-2025,03/03/2025,Infraestructura,Conectividad,2-Media,Correo,usuario167@lafortuna.com.co,La VPN se desconecta cada media hora,,cerrado,1
TK-01326,12-Feb-2025,,Aplicaciones,Gestion de accesos,alta,correo,usuario053@lafortuna.com.co,Me retiraron el acceso y aún trabajo en el proceso,Se solicita atención prioritaria porque afecta la operación del área y el cierre del periodo.,REABIERTO,3
TK-00052,21/08/2025,,Talento Humano,Nómina,Media,Correo,usuario003@lafortuna.com.co,Diferencia en el pago de horas extras,El usuario reporta la novedad desde el inicio de la jornada y requiere solución para continuar con su labor.,Reabierto,1
TK-01444,21/05/2025,,Aplicaciones,capacitación,Baja,correo,usuario019@lafortuna.com.co,Cuándo es la próxima inducción,El solicitante indica que la novedad se presenta de forma intermitente desde hace tres días.,Abierto,0
TK-00277,13-Mar-2026,17-Abr-2026,Comercial,incidente,Crítica,Formulario web,,Caída total del sistema en la sede principal,El solicitante indica que la novedad se presenta de forma intermitente desde hace tres días.,CERRADO,0
TK-00667,22/02/2026,,Contabilidad,Equipos,Baja,Telefono,usuario009@lafortuna.com.co,Necesito un monitor adicional para el puesto,Se adjunta captura de pantalla del mensaje de error recibido.,abierto,0
TK-00840,2025-01-13,,Compras,accesos,CRITICA,Teléfono,usuario039@lafortuna.com.co,Necesito acceso a la carpeta compartida de mi área,,Abierto,0
TK-01284,19/07/2025,,Talento Humano,,Crítica,formulario,usuario051@lafortuna.com.co,Pendiente por definir,,En proceso,0
TK-00081,26/06/2025,,Infraestructura,software,1-Alta,Formulario web,usuario024@lafortuna.com.co,La versión instalada no coincide con la del área,,abierto,0
TK-01615,08/11/2025,,Comercial,INCIDENTE,1-Alta,correo,usuario112@lafortuna.com.co,Pérdida de información en el módulo de inventario,El usuario reporta la novedad desde el inicio de la jornada y requiere solución para continuar con su labor.,Abierto,0
TK-00205,08/03/2025,,Comercial,VACACIONES,3-Baja,correo,,Me negaron las vacaciones solicitadas,El usuario reporta la novedad desde el inicio de la jornada y requiere solución para continuar con su labor.,Escalado,0
TK-00485,2026-05-11,,Aplicaciones,RED,alta,formulario,usuario146@lafortuna.com.co,Sin internet en el segundo piso,,abierto,0
TK-01056,18/04/2026,,Calidad,hardware,Alta,Mesa de ayuda,usuario131@lafortuna.com.co,La impresora de la sede norte imprime rayada,El usuario reporta la novedad desde el inicio de la jornada y requiere solución para continuar con su labor.,Reabierto,3
TK-01730,06/04/2026,,Contabilidad,,Baja,correo,usuario136@lafortuna.com.co,Pendiente por definir,Se adjunta captura de pantalla del mensaje de error recibido.,abierto,0
TK-00725,05/05/2026,,Compras,Gestión de accesos,alta,Mesa de ayuda,usuario121@lafortuna.com.co,Necesito acceso a la carpeta compartida de mi área,El caso fue reportado por teléfono y se registra para trazabilidad.,Escalado,0
TK-01503,14-Jun-2026,,Compras,OTROS,ALTA,Correo,usuario058@lafortuna.com.co,Solicitud varias,Se adjunta captura de pantalla del mensaje de error recibido.,REABIERTO,1
TK-00201,2025-08-06,,,equipos,3-Baja,Telefono,usuario068@lafortuna.com.co,El teclado dejó de responder,El solicitante indica que la novedad se presenta de forma intermitente desde hace tres días.,REABIERTO,3
TK-01531,30-Jun-2026,2026-08-12,Comercial,nomina,Baja,Mesa de ayuda,usuario141@lafortuna.com.co,No me llegó el desprendible de pago,El usuario reporta la novedad desde el inicio de la jornada y requiere solución para continuar con su labor.,Cerrado,0
TK-01251,2025-06-08,2025-07-22,Contabilidad,incidente,ALTA,formulario,usuario143@lafortuna.com.co,Se cayó el servicio de facturación,Requerimiento remitido por la jefatura del área para gestión.,cerrado,0
TK-01624,22/03/2025,,Talento Humano,Equipos,Media,formulario,usuario153@lafortuna.com.co,El teclado dejó de responder,Se solicita atención prioritaria porque afecta la operación del área y el cierre del periodo.,Escalado,0
TK-00752,08/05/2026,,Operaciones,hardware,2-Media,Telefono,usuario053@lafortuna.com.co,El teclado dejó de responder,El solicitante indica que la novedad se presenta de forma intermitente desde hace tres días.,Reabierto,1
TK-00068,2025-09-09,,Contabilidad,hardware,ALTA,correo,usuario174@lafortuna.com.co,El teclado dejó de responder,Se adjunta captura de pantalla del mensaje de error recibido.,Abierto,0
TK-00791,07-Feb-2026,18/03/2026,Comercial,Incidentes,Crítica,Telefono,usuario124@lafortuna.com.co,Los usuarios reportan lentitud generalizada,,cerrado,0
TK-00310,03/10/2025,,Calidad,red,Crítica,correo,usuario042@lafortuna.com.co,Muy lenta la conexión en la bodega,El usuario reporta la novedad desde el inicio de la jornada y requiere solución para continuar con su labor.,reabierto,3
TK-00024,15-Jul-2025,18/08/2025,Aplicaciones,Conectividad,Alta,correo,usuario065@lafortuna.com.co,Sin internet en el segundo piso,Se solicita atención prioritaria porque afecta la operación del área y el cierre del periodo.,Cerrado,0
TK-01702,14-May-2025,,Talento Humano,capacitación,2-Media,correo,usuario102@lafortuna.com.co,Cuándo es la próxima inducción,El solicitante indica que la novedad se presenta de forma intermitente desde hace tres días.,reabierto,1
TK-00438,16-Jun-2025,,Comercial,RED,Media,Formulario web,usuario118@lafortuna.com.co,Muy lenta la conexión en la bodega,El solicitante indica que la novedad se presenta de forma intermitente desde hace tres días.,Abierto,0
TK-00843,31/03/2026,13-May-2026,Infraestructura,Aplicaciones,baja,formulario,usuario132@lafortuna.com.co,La versión instalada no coincide con la del área,Se solicita atención prioritaria porque afecta la operación del área y el cierre del periodo.,Cerrado,0
TK-00295,2025-02-01,,Infraestructura,Otros,Media,Correo,usuario133@lafortuna.com.co,Consulta general,El solicitante indica que la novedad se presenta de forma intermitente desde hace tres días.,Reabierto,3
TK-00528,03/10/2025,,Contabilidad,informes,Baja,Formulario web,usuario152@lafortuna.com.co,El informe muestra cifras distintas al sistema,,abierto,0
TK-00398,27/04/2025,,Compras,Accesos,CRITICA,Formulario web,usuario016@lafortuna.com.co,Me retiraron el acceso y aún trabajo en el proceso,Se solicita atención prioritaria porque afecta la operación del área y el cierre del periodo.,REABIERTO,1
TK-00771,24-Abr-2026,,Infraestructura,,3-Baja,Correo,usuario125@lafortuna.com.co,Consulta general,Se adjunta captura de pantalla del mensaje de error recibido.,Abierto,0
TK-00400,2025-10-26,,Comercial,Software,Critica,Formulario web,usuario173@lafortuna.com.co,Aparece un mensaje de sesión expirada cada cinco minutos,El usuario reporta la novedad desde el inicio de la jornada y requiere solución para continuar con su labor.,reabierto,3
TK-00388,04-Mar-2026,10/03/2026,Compras,hardware,Crítica,Mesa de ayuda,usuario070@lafortuna.com.co,La impresora de la sede norte imprime rayada,Requerimiento remitido por la jefatura del área para gestión.,cerrado,0
TK-00358,2026-05-10,,Compras,equipos,Baja,Formulario web,usuario175@lafortuna.com.co,Necesito un monitor adicional para el puesto,Se adjunta captura de pantalla del mensaje de error recibido.,REABIERTO,2
TK-01947,2026-05-10,,Infraestructura,Reportes,Media,correo,usuario107@lafortuna.com.co,El reporte no incluye la sede nueva,Requerimiento remitido por la jefatura del área para gestión.,reabierto,1
TK-00280,27/06/2025,,Talento Humano,hardware,CRITICA,Telefono,usuario025@lafortuna.com.co,Solicito reposición de diadema dañada,El solicitante indica que la novedad se presenta de forma intermitente desde hace tres días.,Reabierto,3
TK-00572,06/05/2025,2025-05-21,Operaciones,incidente,3-Baja,Teléfono,usuario138@lafortuna.com.co,Pérdida de información en el módulo de inventario,Se adjunta captura de pantalla del mensaje de error recibido.,REABIERTO,3
TK-01321,2026-06-26,2026-07-04,Talento Humano,VACACIONES,Media,Formulario web,usuario048@lafortuna.com.co,Me negaron las vacaciones solicitadas,Se solicita atención prioritaria porque afecta la operación del área y el cierre del periodo.,Cerrado,0
TK-01030,25-Ene-2025,,Comercial,Hardware,1-Alta,Mesa de ayuda,usuario112@lafortuna.com.co,Necesito un monitor adicional para el puesto,Se adjunta captura de pantalla del mensaje de error recibido.,Abierto,0
TK-00907,25-Feb-2025,,Calidad,Red,Media,Correo,usuario068@lafortuna.com.co,Sin internet en el segundo piso,El usuario reporta la novedad desde el inicio de la jornada y requiere solución para continuar con su labor.,REABIERTO,3
TK-00041,2026-05-24,,Operaciones,Aplicaciones,3-Baja,Correo,usuario164@lafortuna.com.co,La aplicación se cierra al generar el informe,El usuario reporta la novedad desde el inicio de la jornada y requiere solución para continuar con su labor.,REABIERTO,2
TK-00269,13/01/2026,,Infraestructura,software,Alta,correo,usuario109@lafortuna.com.co,Necesito que instalen el visor de planos,,Reabierto,1
TK-01346,29/01/2026,,Comercial,viáticos,Media,formulario,usuario067@lafortuna.com.co,Cuál es el monto autorizado para hospedaje,,abierto,0
TK-01781,2025-07-04,11-Jul-2025,Aplicaciones,VACACIONES,Media,Telefono,usuario111@lafortuna.com.co,Puedo dividir mis vacaciones en dos periodos,Se adjunta captura de pantalla del mensaje de error recibido.,CERRADO,0
TK-01865,2025-08-27,,,Accesos,Critica,Telefono,usuario030@lafortuna.com.co,Necesito acceso a la carpeta compartida de mi área,Requerimiento remitido por la jefatura del área para gestión.,Escalado,0
TK-00364,2026-04-15,26-Abr-2026,Infraestructura,RED,Media,Formulario web,usuario161@lafortuna.com.co,Muy lenta la conexión en la bodega,Se solicita atención prioritaria porque afecta la operación del área y el cierre del periodo.,CERRADO,0
TK-00757,02/07/2025,,Infraestructura,Vacaciones,CRITICA,correo,usuario002@lafortuna.com.co,Cuántos días tengo acumulados,Requerimiento remitido por la jefatura del área para gestión.,reabierto,2
TK-00057,2026-06-19,,Talento Humano,equipos,2-Media,Teléfono,usuario047@lafortuna.com.co,La impresora de la sede norte imprime rayada,Requerimiento remitido por la jefatura del área para gestión.,Escalado,0
TK-01489,2025-06-27,04-Ago-2025,Talento Humano,viaticos,MEDIA,Formulario web,usuario141@lafortuna.com.co,Necesito anticipo para comisión,Requerimiento remitido por la jefatura del área para gestión.,CERRADO,0
TK-01936,06/03/2026,06/03/2026,Comercial,aplicaciones,Crítica,Formulario web,usuario043@lafortuna.com.co,Aparece un mensaje de sesión expirada cada cinco minutos,,CERRADO,0
TK-01470,2025-07-28,,Aplicaciones,OTROS,baja,Formulario web,usuario008@lafortuna.com.co,Solicitud varias,Requerimiento remitido por la jefatura del área para gestión.,reabierto,1
TK-00355,09-Feb-2025,19-Feb-2025,Calidad,vacaciones,2-Media,Mesa de ayuda,,Cuántos días tengo acumulados,,Cerrado,0
TK-01842,2025-09-19,,Infraestructura,ACCESOS,Baja,Mesa de ayuda,,Me retiraron el acceso y aún trabajo en el proceso,El usuario reporta la novedad desde el inicio de la jornada y requiere solución para continuar con su labor.,Escalado,0
TK-01524,11-Ene-2025,,Compras,Órdenes de compra,baja,formulario,usuario169@lafortuna.com.co,Estado de la orden de compra 4471,El solicitante indica que la novedad se presenta de forma intermitente desde hace tres días.,Abierto,0
TK-00545,31/05/2026,,Compras,Ordenes de compra,1-Alta,formulario,usuario165@lafortuna.com.co,Necesito cotización para equipos de la bodega,Se adjunta captura de pantalla del mensaje de error recibido.,abierto,
TK-00941,21/06/2026,11/07/2026,Calidad,Viáticos,Baja,Mesa de ayuda,,No me han reembolsado los gastos del mes pasado,Se solicita atención prioritaria porque afecta la operación del área y el cierre del periodo.,CERRADO,0
TK-01636,14-Ene-2025,,Contabilidad,accesos,Alta,Mesa de ayuda,usuario091@lafortuna.com.co,Me retiraron el acceso y aún trabajo en el proceso,Requerimiento remitido por la jefatura del área para gestión.,Reabierto,2
TK-01515,2025-07-05,2025-07-27,Talento Humano,Gestión de accesos,alta,Telefono,usuario159@lafortuna.com.co,Necesito acceso a la carpeta compartida de mi área,Se adjunta captura de pantalla del mensaje de error recibido.,CERRADO,0
TK-00705,05/06/2026,,Operaciones,hardware,Baja,Formulario web,usuario089@lafortuna.com.co,Necesito un monitor adicional para el puesto,Se solicita atención prioritaria porque afecta la operación del área y el cierre del periodo.,REABIERTO,3
TK-01287,04-Jul-2025,08-Ago-2025,Contabilidad,HARDWARE,alta,Teléfono,usuario033@lafortuna.com.co,Solicito reposición de diadema dañada,Se solicita atención prioritaria porque afecta la operación del área y el cierre del periodo.,CERRADO,1
TK-01741,2025-03-29,,Infraestructura,HARDWARE,3-Baja,correo,usuario149@lafortuna.com.co,El portátil no enciende desde ayer,Requerimiento remitido por la jefatura del área para gestión.,abierto,0
TK-01922,2026-05-15,,Comercial,Incidentes,1-Alta,Teléfono,usuario134@lafortuna.com.co,Caída total del sistema en la sede principal,El caso fue reportado por teléfono y se registra para trazabilidad.,abierto,0
TK-01191,06-Abr-2025,25/04/2025,Contabilidad,HARDWARE,MEDIA,correo,usuario001@lafortuna.com.co,El teclado dejó de responder,Se solicita atención prioritaria porque afecta la operación del área y el cierre del periodo.,cerrado,0
TK-00678,03/03/2026,,Operaciones,Otros,Alta,correo,usuario148@lafortuna.com.co,Requerimiento del área,El caso fue reportado por teléfono y se registra para trazabilidad.,REABIERTO,3
TK-01274,25/03/2026,,Calidad,ACCESOS,Baja,formulario,usuario143@lafortuna.com.co,Solicito permiso al módulo de cartera,El usuario reporta la novedad desde el inicio de la jornada y requiere solución para continuar con su labor.,reabierto,3
TK-01088,30/03/2025,,Compras,INCIDENTE,1-Alta,formulario,usuario052@lafortuna.com.co,Se cayó el servicio de facturación,,reabierto,1
TK-00578,2026-05-13,,Contabilidad,otros,Media,Formulario web,usuario160@lafortuna.com.co,Solicitud varias,Se adjunta captura de pantalla del mensaje de error recibido.,en proceso,0
TK-01850,2026-01-07,17/01/2026,Aplicaciones,nómina,ALTA,correo,usuario177@lafortuna.com.co,No me llegó el desprendible de pago,Se adjunta captura de pantalla del mensaje de error recibido.,Escalado,0
TK-00683,09-May-2025,,Calidad,Accesos,MEDIA,Teléfono,,No puedo entrar al sistema Centrica,Requerimiento remitido por la jefatura del área para gestión.,reabierto,3
TK-00089,2026-03-29,,Compras,Nómina,media,correo,usuario171@lafortuna.com.co,No me llegó el desprendible de pago,El caso fue reportado por teléfono y se registra para trazabilidad.,Escalado,0
TK-01514,16-Mar-2026,,Operaciones,Ordenes de compra,Alta,correo,,El proveedor no ha entregado lo solicitado,Se adjunta captura de pantalla del mensaje de error recibido.,abierto,0
TK-01425,10/12/2025,31/12/2025,Comercial,vacaciones,alta,Mesa de ayuda,usuario110@lafortuna.com.co,Cuántos días tengo acumulados,Se adjunta captura de pantalla del mensaje de error recibido.,cerrado,0
TK-00535,08-Dic-2025,2026-01-05,Talento Humano,nómina,Critica,Mesa de ayuda,usuario001@lafortuna.com.co,Diferencia en el pago de horas extras,,cerrado,0
TK-00559,2025-09-19,,Talento Humano,Incidente,2-Media,formulario,usuario093@lafortuna.com.co,Caída total del sistema en la sede principal,Se adjunta captura de pantalla del mensaje de error recibido.,Abierto,0
TK-00586,29-Ago-2025,,Compras,RED,Critica,Teléfono,usuario068@lafortuna.com.co,Muy lenta la conexión en la bodega,Se solicita atención prioritaria porque afecta la operación del área y el cierre del periodo.,Escalado,0
TK-00392,2026-01-07,,Calidad,equipos,media,Mesa de ayuda,usuario062@lafortuna.com.co,El portátil no enciende desde ayer,El usuario reporta la novedad desde el inicio de la jornada y requiere solución para continuar con su labor.,En proceso,0
TK-00892,19/12/2025,,Talento Humano,nomina,Baja,Formulario web,usuario105@lafortuna.com.co,Diferencia en el pago de horas extras,El caso fue reportado por teléfono y se registra para trazabilidad.,reabierto,1
TK-01260,2025-09-07,,Operaciones,compras,baja,Telefono,usuario178@lafortuna.com.co,El proveedor no ha entregado lo solicitado,El solicitante indica que la novedad se presenta de forma intermitente desde hace tres días.,En proceso,0
TK-00962,18/01/2025,,Infraestructura,Ordenes de compra,Baja,Telefono,usuario073@lafortuna.com.co,El proveedor no ha entregado lo solicitado,El solicitante indica que la novedad se presenta de forma intermitente desde hace tres días.,abierto,0
TK-00105,21-Dic-2025,,Comercial,RED,1-Alta,formulario,usuario163@lafortuna.com.co,La VPN se desconecta cada media hora,Se adjunta captura de pantalla del mensaje de error recibido.,REABIERTO,2
TK-01160,2025-12-23,25/12/2025,Compras,Nómina,alta,Formulario web,usuario060@lafortuna.com.co,Error en el descuento de la quincena,El caso fue reportado por teléfono y se registra para trazabilidad.,en proceso,0
TK-00599,06/04/2026,19/05/2026,Operaciones,hardware,MEDIA,Formulario web,usuario141@lafortuna.com.co,Solicito reposición de diadema dañada,El usuario reporta la novedad desde el inicio de la jornada y requiere solución para continuar con su labor.,CERRADO,0
TK-01870,2025-04-15,,Calidad,Acceso,3-Baja,Teléfono,usuario068@lafortuna.com.co,No puedo entrar al sistema Centrica,Requerimiento remitido por la jefatura del área para gestión.,abierto,0
TK-01438,01/06/2025,14-Jun-2025,Infraestructura,Ordenes de compra,Media,formulario,usuario157@lafortuna.com.co,Estado de la orden de compra 4471,El solicitante indica que la novedad se presenta de forma intermitente desde hace tres días.,cerrado,0
TK-00896,2026-03-14,,Talento Humano,compras,2-Media,Formulario web,usuario068@lafortuna.com.co,Estado de la orden de compra 4471,El usuario reporta la novedad desde el inicio de la jornada y requiere solución para continuar con su labor.,Reabierto,3
TK-00469,2025-09-07,2025-09-22,Contabilidad,aplicaciones,CRITICA,Correo,usuario009@lafortuna.com.co,Error al guardar el formulario de ingreso,El solicitante indica que la novedad se presenta de forma intermitente desde hace tres días.,Cerrado,
TK-01052,2025-08-25,,Aplicaciones,Nómina,2-Media,correo,usuario123@lafortuna.com.co,No me llegó el desprendible de pago,El usuario reporta la novedad desde el inicio de la jornada y requiere solución para continuar con su labor.,En proceso,0
TK-00524,24-Sep-2025,,Contabilidad,Ordenes de compra,MEDIA,correo,usuario079@lafortuna.com.co,El proveedor no ha entregado lo solicitado,El caso fue reportado por teléfono y se registra para trazabilidad.,Abierto,0
TK-01181,01-Ene-2026,,Talento Humano,Compras,1-Alta,Formulario web,usuario055@lafortuna.com.co,El proveedor no ha entregado lo solicitado,Requerimiento remitido por la jefatura del área para gestión.,abierto,0
TK-00744,25/09/2025,,Infraestructura,Accesos,Alta,correo,usuario125@lafortuna.com.co,Necesito acceso a la carpeta compartida de mi área,Se solicita atención prioritaria porque afecta la operación del área y el cierre del periodo.,reabierto,2
TK-01273,22/10/2025,20-Nov-2025,Comercial,ACCESOS,2-Media,formulario,usuario019@lafortuna.com.co,No puedo entrar al sistema Centrica,Requerimiento remitido por la jefatura del área para gestión.,CERRADO,0
TK-00289,2026-05-29,,Contabilidad,NOMINA,alta,correo,usuario128@lafortuna.com.co,No me llegó el desprendible de pago,Se adjunta captura de pantalla del mensaje de error recibido.,reabierto,1
TK-00969,02-Feb-2026,2026-03-01,Calidad,nómina,3-Baja,Telefono,,Error en el descuento de la quincena,El caso fue reportado por teléfono y se registra para trazabilidad.,Cerrado,1
TK-00898,04/04/2025,13-May-2025,Infraestructura,aplicaciones,MEDIA,correo,usuario079@lafortuna.com.co,La aplicación se cierra al generar el informe,Se adjunta captura de pantalla del mensaje de error recibido.,cerrado,0
TK-00203,08-Jun-2025,,Infraestructura,,MEDIA,formulario,usuario102@lafortuna.com.co,Solicitud varias,El usuario reporta la novedad desde el inicio de la jornada y requiere solución para continuar con su labor.,abierto,0
TK-01557,04/09/2025,,Infraestructura,software,1-Alta,formulario,usuario055@lafortuna.com.co,Aparece un mensaje de sesión expirada cada cinco minutos,Requerimiento remitido por la jefatura del área para gestión.,Escalado,0
TK-01413,2025-07-24,,Contabilidad,equipos,2-Media,Telefono,usuario096@lafortuna.com.co,Solicito reposición de diadema dañada,Se adjunta captura de pantalla del mensaje de error recibido.,en proceso,0
TK-00822,30/05/2025,28/06/2025,Comercial,Equipos,alta,Mesa de ayuda,usuario099@lafortuna.com.co,El portátil no enciende desde ayer,El usuario reporta la novedad desde el inicio de la jornada y requiere solución para continuar con su labor.,Cerrado,0
TK-01655,08-Abr-2025,,Contabilidad,informes,2-Media,Telefono,usuario174@lafortuna.com.co,Solicito exportar el listado a Excel,El caso fue reportado por teléfono y se registra para trazabilidad.,abierto,0
TK-01459,01/12/2025,,Contabilidad,Sin clasificar,CRITICA,formulario,usuario033@lafortuna.com.co,Consulta general,El solicitante indica que la novedad se presenta de forma intermitente desde hace tres días.,Abierto,0
TK-00546,24-Sep-2025,,Comercial,nomina,ALTA,Mesa de ayuda,usuario121@lafortuna.com.co,Diferencia en el pago de horas extras,Se adjunta captura de pantalla del mensaje de error recibido.,Reabierto,1
TK-01522,2025-03-01,2025-03-05,Comercial,,Baja,formulario,usuario142@lafortuna.com.co,Requerimiento del área,El caso fue reportado por teléfono y se registra para trazabilidad.,en proceso,0
TK-00849,2025-06-27,,Aplicaciones,Equipos,Alta,Correo,usuario092@lafortuna.com.co,El teclado dejó de responder,Requerimiento remitido por la jefatura del área para gestión.,Escalado,0
TK-00781,2025-12-23,,Calidad,conectividad,1-Alta,Mesa de ayuda,usuario065@lafortuna.com.co,Sin internet en el segundo piso,El usuario reporta la novedad desde el inicio de la jornada y requiere solución para continuar con su labor.,Abierto,0
TK-00920,21-Mar-2026,12/04/2026,Compras,NOMINA,Baja,Mesa de ayuda,usuario138@lafortuna.com.co,Error en el descuento de la quincena,El solicitante indica que la novedad se presenta de forma intermitente desde hace tres días.,Cerrado,0
TK-00207,2025-05-17,,Talento Humano,Accesos,alta,Correo,usuario120@lafortuna.com.co,Solicito permiso al módulo de cartera,El usuario reporta la novedad desde el inicio de la jornada y requiere solución para continuar con su labor.,abierto,0
TK-00443,2025-05-20,13/06/2025,Compras,Nomina,Crítica,Mesa de ayuda,usuario029@lafortuna.com.co,No me llegó el desprendible de pago,El solicitante indica que la novedad se presenta de forma intermitente desde hace tres días.,reabierto,
TK-00641,2025-11-02,,Calidad,SOFTWARE,3-Baja,formulario,usuario115@lafortuna.com.co,Necesito que instalen el visor de planos,,Abierto,0
TK-00359,19/06/2025,,Contabilidad,Conectividad,media,formulario,usuario127@lafortuna.com.co,Sin internet en el segundo piso,Se adjunta captura de pantalla del mensaje de error recibido.,REABIERTO,2
TK-00928,2026-05-02,11-Jun-2026,Comercial,Accesos,alta,Correo,usuario043@lafortuna.com.co,Necesito acceso a la carpeta compartida de mi área,El usuario reporta la novedad desde el inicio de la jornada y requiere solución para continuar con su labor.,Cerrado,0
TK-00421,31/01/2025,,Contabilidad,NOMINA,Alta,Telefono,usuario152@lafortuna.com.co,Error en el descuento de la quincena,Se solicita atención prioritaria porque afecta la operación del área y el cierre del periodo.,abierto,0
TK-00260,2026-02-15,,Compras,INCIDENTE,ALTA,Mesa de ayuda,usuario050@lafortuna.com.co,Pérdida de información en el módulo de inventario,El usuario reporta la novedad desde el inicio de la jornada y requiere solución para continuar con su labor.,Escalado,0
TK-00366,19/06/2026,,Compras,informes,Baja,Correo,usuario116@lafortuna.com.co,Necesito el reporte de ventas del trimestre,El usuario reporta la novedad desde el inicio de la jornada y requiere solución para continuar con su labor.,Abierto,0
TK-00030,27/05/2026,03/06/2026,Infraestructura,red,1-Alta,Mesa de ayuda,usuario076@lafortuna.com.co,Sin internet en el segundo piso,Se solicita atención prioritaria porque afecta la operación del área y el cierre del periodo.,cerrado,0
TK-01135,13-Ene-2026,,Compras,ACCESOS,Crítica,correo,usuario007@lafortuna.com.co,Se bloqueó mi usuario tras varios intentos,Se solicita atención prioritaria porque afecta la operación del área y el cierre del periodo.,Abierto,0
TK-00626,2026-01-10,,Aplicaciones,Reportes,2-Media,correo,usuario091@lafortuna.com.co,Solicito exportar el listado a Excel,El solicitante indica que la novedad se presenta de forma intermitente desde hace tres días.,REABIERTO,1
TK-00451,27-Jul-2025,,Operaciones,Reportes,MEDIA,correo,usuario111@lafortuna.com.co,Necesito el reporte de ventas del trimestre,Se adjunta captura de pantalla del mensaje de error recibido.,Escalado,0
TK-01211,2025-03-05,,,VACACIONES,Media,Correo,usuario042@lafortuna.com.co,Con cuánta anticipación debo solicitar vacaciones,El usuario reporta la novedad desde el inicio de la jornada y requiere solución para continuar con su labor.,Abierto,0
TK-00885,2025-01-09,,Infraestructura,Gestion de accesos,alta,correo,usuario052@lafortuna.com.co,Me retiraron el acceso y aún trabajo en el proceso,Requerimiento remitido por la jefatura del área para gestión.,Abierto,0
TK-00094,06-Jun-2026,,Talento Humano,Reportes,media,formulario,usuario056@lafortuna.com.co,Solicito exportar el listado a Excel,Se solicita atención prioritaria porque afecta la operación del área y el cierre del periodo.,REABIERTO,3
TK-00055,2025-01-20,,,Incidentes,Media,Correo,usuario044@lafortuna.com.co,Se cayó el servicio de facturación,Requerimiento remitido por la jefatura del área para gestión.,abierto,0
TK-01911,21-Ago-2025,,Comercial,incidente,2-Media,correo,usuario151@lafortuna.com.co,Pérdida de información en el módulo de inventario,Requerimiento remitido por la jefatura del área para gestión.,abierto,0
TK-01627,2025-04-15,,Infraestructura,VACACIONES,Media,Formulario web,usuario033@lafortuna.com.co,Cuántos días tengo acumulados,El caso fue reportado por teléfono y se registra para trazabilidad.,en proceso,0
TK-00482,15-Ene-2025,,Infraestructura,Equipos,2-Media,Correo,usuario179@lafortuna.com.co,La impresora de la sede norte imprime rayada,El caso fue reportado por teléfono y se registra para trazabilidad.,en proceso,0
TK-00726,09/12/2025,23/01/2026,Contabilidad,equipos,1-Alta,Mesa de ayuda,usuario036@lafortuna.com.co,Necesito un monitor adicional para el puesto,Se adjunta captura de pantalla del mensaje de error recibido.,REABIERTO,3
TK-00829,07-Feb-2025,,Operaciones,Órdenes de compra,1-Alta,Teléfono,usuario045@lafortuna.com.co,Estado de la orden de compra 4471,Se solicita atención prioritaria porque afecta la operación del área y el cierre del periodo.,Escalado,0
TK-00637,2025-11-30,,,equipos,ALTA,Correo,usuario074@lafortuna.com.co,El portátil no enciende desde ayer,El solicitante indica que la novedad se presenta de forma intermitente desde hace tres días.,REABIERTO,3
TK-00350,29/04/2025,,Calidad,otros,3-Baja,Correo,usuario069@lafortuna.com.co,Solicitud varias,Requerimiento remitido por la jefatura del área para gestión.,Reabierto,
TK-01840,26/08/2025,,Comercial,Aplicaciones,ALTA,formulario,usuario110@lafortuna.com.co,Error al guardar el formulario de ingreso,Requerimiento remitido por la jefatura del área para gestión.,Abierto,
TK-00567,2025-03-30,24/04/2025,Calidad,INCIDENTE,ALTA,Telefono,usuario108@lafortuna.com.co,Se cayó el servicio de facturación,El caso fue reportado por teléfono y se registra para trazabilidad.,Cerrado,0
TK-00510,03/04/2026,,Aplicaciones,Red,Critica,correo,usuario120@lafortuna.com.co,Muy lenta la conexión en la bodega,El usuario reporta la novedad desde el inicio de la jornada y requiere solución para continuar con su labor.,REABIERTO,2
TK-01903,28-May-2026,,Contabilidad,Vacaciones,Critica,Teléfono,usuario154@lafortuna.com.co,Cuántos días tengo acumulados,El usuario reporta la novedad desde el inicio de la jornada y requiere solución para continuar con su labor.,Reabierto,2
TK-01874,16-Jun-2026,,Operaciones,ACCESOS,Crítica,correo,usuario028@lafortuna.com.co,Se bloqueó mi usuario tras varios intentos,El usuario reporta la novedad desde el inicio de la jornada y requiere solución para continuar con su labor.,Reabierto,1
TK-01873,2025-02-25,21-Mar-2025,Compras,Software,baja,Formulario web,usuario051@lafortuna.com.co,Error al guardar el formulario de ingreso,Requerimiento remitido por la jefatura del área para gestión.,Cerrado,
TK-00901,17-Sep-2025,,Talento Humano,conectividad,alta,formulario,usuario013@lafortuna.com.co,La VPN se desconecta cada media hora,Requerimiento remitido por la jefatura del área para gestión.,en proceso,0
TK-00307,2025-11-02,04-Dic-2025,Comercial,otros,2-Media,correo,usuario080@lafortuna.com.co,Consulta general,Requerimiento remitido por la jefatura del área para gestión.,Reabierto,2
TK-01749,2025-06-07,02/07/2025,Calidad,Hardware,media,Mesa de ayuda,usuario011@lafortuna.com.co,El portátil no enciende desde ayer,El usuario reporta la novedad desde el inicio de la jornada y requiere solución para continuar con su labor.,Reabierto,2
TK-00010,10/07/2025,11-Ago-2025,Calidad,Incidentes,alta,Formulario web,usuario089@lafortuna.com.co,Los usuarios reportan lentitud generalizada,El solicitante indica que la novedad se presenta de forma intermitente desde hace tres días.,CERRADO,0
TK-00369,2025-01-04,2025-02-14,Compras,Viáticos,MEDIA,Telefono,usuario171@lafortuna.com.co,Cómo legalizo los viáticos del viaje a la costa,El caso fue reportado por teléfono y se registra para trazabilidad.,cerrado,0
TK-00222,2025-08-09,,Talento Humano,Órdenes de compra,Baja,Telefono,usuario023@lafortuna.com.co,El proveedor no ha entregado lo solicitado,El usuario reporta la novedad desde el inicio de la jornada y requiere solución para continuar con su labor.,reabierto,1
TK-00031,13/11/2025,24-Dic-2025,Contabilidad,software,baja,Teléfono,usuario133@lafortuna.com.co,Error al guardar el formulario de ingreso,El usuario reporta la novedad desde el inicio de la jornada y requiere solución para continuar con su labor.,CERRADO,0
TK-01601,2025-02-18,2025-03-21,Comercial,vacaciones,CRITICA,Telefono,usuario115@lafortuna.com.co,Me negaron las vacaciones solicitadas,Se adjunta captura de pantalla del mensaje de error recibido.,Cerrado,0
TK-00604,25-Abr-2026,2026-05-31,Operaciones,,Alta,formulario,usuario054@lafortuna.com.co,Consulta general,,Escalado,0
TK-01011,2026-04-10,09-May-2026,Aplicaciones,aplicaciones,Media,Formulario web,usuario096@lafortuna.com.co,Necesito que instalen el visor de planos,Requerimiento remitido por la jefatura del área para gestión.,CERRADO,0
TK-00494,02/05/2025,,Infraestructura,vacaciones,alta,Mesa de ayuda,usuario154@lafortuna.com.co,Con cuánta anticipación debo solicitar vacaciones,El usuario reporta la novedad desde el inicio de la jornada y requiere solución para continuar con su labor.,en proceso,0
TK-01226,01/12/2025,03/12/2025,Calidad,informes,Crítica,Telefono,usuario080@lafortuna.com.co,Solicito exportar el listado a Excel,El usuario reporta la novedad desde el inicio de la jornada y requiere solución para continuar con su labor.,cerrado,0
TK-00882,13-Mar-2025,,Infraestructura,capacitación,alta,Correo,usuario018@lafortuna.com.co,Solicito capacitación en el módulo nuevo,El caso fue reportado por teléfono y se registra para trazabilidad.,REABIERTO,2
TK-00701,2025-07-15,,Comercial,Acceso,CRITICA,Telefono,usuario157@lafortuna.com.co,Necesito acceso a la carpeta compartida de mi área,,Abierto,0
TK-01488,29-Abr-2026,2026-06-01,Comercial,accesos,CRITICA,correo,usuario156@lafortuna.com.co,Me retiraron el acceso y aún trabajo en el proceso,El solicitante indica que la novedad se presenta de forma intermitente desde hace tres días.,cerrado,0
TK-01370,09/06/2025,2025-07-08,Calidad,Gestion de accesos,Media,Correo,,Se bloqueó mi usuario tras varios intentos,Se solicita atención prioritaria porque afecta la operación del área y el cierre del periodo.,En proceso,0
TK-00712,04/05/2026,,Operaciones,Sin clasificar,Crítica,Formulario web,usuario162@lafortuna.com.co,Solicitud varias,El solicitante indica que la novedad se presenta de forma intermitente desde hace tres días.,En proceso,0
TK-00132,12/04/2026,24-Abr-2026,Infraestructura,informes,Crítica,Mesa de ayuda,usuario179@lafortuna.com.co,El informe muestra cifras distintas al sistema,Se adjunta captura de pantalla del mensaje de error recibido.,CERRADO,0
TK-01614,2025-04-08,2025-04-21,Compras,Incidente,3-Baja,Teléfono,usuario037@lafortuna.com.co,Se cayó el servicio de facturación,Requerimiento remitido por la jefatura del área para gestión.,En proceso,0
TK-01844,26/01/2026,,Infraestructura,red,MEDIA,Teléfono,usuario159@lafortuna.com.co,La VPN se desconecta cada media hora,Requerimiento remitido por la jefatura del área para gestión.,REABIERTO,2
TK-01561,11/06/2026,,Infraestructura,capacitacion,media,Mesa de ayuda,usuario058@lafortuna.com.co,Solicito capacitación en el módulo nuevo,El caso fue reportado por teléfono y se registra para trazabilidad.,abierto,0
TK-01463,2025-10-26,,Operaciones,,CRITICA,formulario,,Pendiente por definir,El solicitante indica que la novedad se presenta de forma intermitente desde hace tres días.,Reabierto,2
TK-01334,11/02/2025,,Compras,Gestion de accesos,ALTA,Formulario web,usuario110@lafortuna.com.co,Solicito permiso al módulo de cartera,El solicitante indica que la novedad se presenta de forma intermitente desde hace tres días.,en proceso,0
TK-01610,26/01/2026,,Contabilidad,software,Critica,Telefono,usuario101@lafortuna.com.co,Aparece un mensaje de sesión expirada cada cinco minutos,El caso fue reportado por teléfono y se registra para trazabilidad.,abierto,0
TK-00548,04-Ene-2026,,Contabilidad,nomina,Baja,Mesa de ayuda,usuario083@lafortuna.com.co,No me llegó el desprendible de pago,El usuario reporta la novedad desde el inicio de la jornada y requiere solución para continuar con su labor.,reabierto,3
TK-00602,13/01/2026,17-Ene-2026,Infraestructura,compras,baja,Teléfono,usuario037@lafortuna.com.co,Necesito cotización para equipos de la bodega,El caso fue reportado por teléfono y se registra para trazabilidad.,CERRADO,0
TK-01410,13/03/2025,,Aplicaciones,Aplicaciones,ALTA,Correo,usuario121@lafortuna.com.co,Aparece un mensaje de sesión expirada cada cinco minutos,El solicitante indica que la novedad se presenta de forma intermitente desde hace tres días.,REABIERTO,3
TK-00015,2025-11-25,,Contabilidad,Nómina,3-Baja,formulario,usuario007@lafortuna.com.co,Error en el descuento de la quincena,El solicitante indica que la novedad se presenta de forma intermitente desde hace tres días.,reabierto,2
TK-00100,15-Mar-2025,02-Abr-2025,Compras,Gestión de accesos,3-Baja,formulario,usuario077@lafortuna.com.co,No puedo entrar al sistema Centrica,,cerrado,0
TK-00899,01/04/2026,,Compras,Gestión de accesos,3-Baja,correo,usuario065@lafortuna.com.co,Solicito permiso al módulo de cartera,Se solicita atención prioritaria porque afecta la operación del área y el cierre del periodo.,Abierto,0
TK-01766,14-Ene-2026,,Calidad,incidente,Critica,Mesa de ayuda,usuario028@lafortuna.com.co,Caída total del sistema en la sede principal,,REABIERTO,1
TK-00617,11-Mar-2025,24-Mar-2025,Infraestructura,Software,Baja,Telefono,usuario141@lafortuna.com.co,La aplicación se cierra al generar el informe,El usuario reporta la novedad desde el inicio de la jornada y requiere solución para continuar con su labor.,cerrado,0
TK-01105,30/05/2026,12-Jul-2026,Infraestructura,aplicaciones,alta,formulario,usuario105@lafortuna.com.co,Error al guardar el formulario de ingreso,Se adjunta captura de pantalla del mensaje de error recibido.,cerrado,0
TK-01063,09-Sep-2025,17-Sep-2025,Operaciones,Incidente,Alta,correo,usuario008@lafortuna.com.co,Los usuarios reportan lentitud generalizada,,Cerrado,0
TK-00543,02/12/2025,,Compras,Órdenes de compra,2-Media,correo,usuario086@lafortuna.com.co,El proveedor no ha entregado lo solicitado,Se adjunta captura de pantalla del mensaje de error recibido.,En proceso,0
TK-01033,2026-03-08,,Comercial,HARDWARE,CRITICA,Correo,usuario119@lafortuna.com.co,El teclado dejó de responder,,abierto,0
TK-00492,30/01/2025,28-Feb-2025,Comercial,accesos,MEDIA,formulario,usuario019@lafortuna.com.co,Necesito acceso a la carpeta compartida de mi área,El caso fue reportado por teléfono y se registra para trazabilidad.,CERRADO,0
TK-00255,2025-08-20,14/09/2025,Contabilidad,reportes,Media,Teléfono,usuario111@lafortuna.com.co,Solicito exportar el listado a Excel,,Cerrado,0
TK-00973,04-May-2026,25-May-2026,Infraestructura,VACACIONES,ALTA,Teléfono,usuario179@lafortuna.com.co,Me negaron las vacaciones solicitadas,El caso fue reportado por teléfono y se registra para trazabilidad.,Cerrado,0
TK-00218,2026-05-20,,Talento Humano,Gestion de accesos,ALTA,Correo,usuario101@lafortuna.com.co,No puedo entrar al sistema Centrica,El caso fue reportado por teléfono y se registra para trazabilidad.,Reabierto,1
TK-00415,26/06/2026,,Comercial,aplicaciones,MEDIA,Correo,usuario006@lafortuna.com.co,La aplicación se cierra al generar el informe,,Abierto,0
TK-00491,09-Feb-2026,,,Hardware,baja,correo,usuario125@lafortuna.com.co,El portátil no enciende desde ayer,,Escalado,0
TK-01823,2025-05-26,,Operaciones,reportes,Media,Formulario web,usuario018@lafortuna.com.co,Solicito exportar el listado a Excel,El solicitante indica que la novedad se presenta de forma intermitente desde hace tres días.,en proceso,0
TK-01882,07/03/2025,,Comercial,Órdenes de compra,1-Alta,Formulario web,,Estado de la orden de compra 4471,El caso fue reportado por teléfono y se registra para trazabilidad.,Abierto,0
TK-01629,19/09/2025,,Aplicaciones,Accesos,Crítica,Correo,usuario171@lafortuna.com.co,No puedo entrar al sistema Centrica,El usuario reporta la novedad desde el inicio de la jornada y requiere solución para continuar con su labor.,Reabierto,1
TK-01024,2025-05-13,,Comercial,Otros,media,Formulario web,usuario154@lafortuna.com.co,Solicitud varias,Se adjunta captura de pantalla del mensaje de error recibido.,Abierto,0
TK-00848,12-Jun-2026,,Infraestructura,OTROS,Crítica,correo,usuario020@lafortuna.com.co,Solicitud varias,El caso fue reportado por teléfono y se registra para trazabilidad.,En proceso,0
TK-01359,2025-04-21,,Operaciones,Conectividad,MEDIA,correo,usuario034@lafortuna.com.co,No carga el sistema desde la sede sur,Requerimiento remitido por la jefatura del área para gestión.,Reabierto,1
TK-01048,23/06/2026,,Infraestructura,SOFTWARE,Baja,Telefono,usuario173@lafortuna.com.co,Necesito que instalen el visor de planos,Requerimiento remitido por la jefatura del área para gestión.,Reabierto,1
TK-00169,22/01/2026,,Comercial,aplicaciones,baja,Teléfono,usuario144@lafortuna.com.co,Error al guardar el formulario de ingreso,,Reabierto,3
TK-01005,24/06/2026,,Calidad,Software,2-Media,Correo,,Error al guardar el formulario de ingreso,El usuario reporta la novedad desde el inicio de la jornada y requiere solución para continuar con su labor.,reabierto,2
TK-00630,09-Feb-2026,,Talento Humano,Hardware,alta,Mesa de ayuda,usuario102@lafortuna.com.co,Necesito un monitor adicional para el puesto,El caso fue reportado por teléfono y se registra para trazabilidad.,Escalado,0
TK-00006,01-May-2025,,Comercial,incidente,1-Alta,Teléfono,usuario118@lafortuna.com.co,Los usuarios reportan lentitud generalizada,El caso fue reportado por teléfono y se registra para trazabilidad.,Abierto,
TK-01436,2025-01-09,05-Feb-2025,Operaciones,Capacitación,MEDIA,formulario,usuario144@lafortuna.com.co,Solicito capacitación en el módulo nuevo,El solicitante indica que la novedad se presenta de forma intermitente desde hace tres días.,En proceso,0
TK-00680,21/09/2025,,Aplicaciones,aplicaciones,Media,Telefono,usuario034@lafortuna.com.co,Necesito que instalen el visor de planos,,En proceso,0
TK-01080,24/01/2025,,Aplicaciones,Compras,ALTA,Correo,usuario014@lafortuna.com.co,El proveedor no ha entregado lo solicitado,Se adjunta captura de pantalla del mensaje de error recibido.,Abierto,0
TK-01620,2025-12-21,,Talento Humano,incidente,3-Baja,Correo,usuario142@lafortuna.com.co,Pérdida de información en el módulo de inventario,Se solicita atención prioritaria porque afecta la operación del área y el cierre del periodo.,REABIERTO,2
TK-00788,2025-10-20,,Comercial,aplicaciones,Alta,Correo,usuario134@lafortuna.com.co,Necesito que instalen el visor de planos,Se adjunta captura de pantalla del mensaje de error recibido.,Abierto,0
TK-00810,21-Abr-2025,27/05/2025,Compras,hardware,ALTA,Correo,usuario007@lafortuna.com.co,El portátil no enciende desde ayer,,cerrado,0
TK-00806,15/12/2025,,Operaciones,Red,MEDIA,formulario,usuario169@lafortuna.com.co,Sin internet en el segundo piso,El usuario reporta la novedad desde el inicio de la jornada y requiere solución para continuar con su labor.,Escalado,0
TK-01822,24-Feb-2025,,Calidad,Incidente,MEDIA,formulario,usuario028@lafortuna.com.co,Se cayó el servicio de facturación,Se solicita atención prioritaria porque afecta la operación del área y el cierre del periodo.,REABIERTO,1
TK-01568,09/12/2025,,Aplicaciones,Otros,Crítica,Telefono,usuario106@lafortuna.com.co,Pendiente por definir,,Reabierto,2
TK-00802,2025-12-01,,Aplicaciones,OTROS,Critica,Correo,usuario019@lafortuna.com.co,Solicitud varias,,Escalado,0
TK-00074,15/05/2026,01/06/2026,Operaciones,accesos,media,Mesa de ayuda,usuario133@lafortuna.com.co,Me retiraron el acceso y aún trabajo en el proceso,,reabierto,3
TK-01516,08/12/2025,,Comercial,Otros,Critica,Correo,usuario159@lafortuna.com.co,Requerimiento del área,El usuario reporta la novedad desde el inicio de la jornada y requiere solución para continuar con su labor.,reabierto,1
TK-01895,2025-08-31,2025-09-22,Comercial,SOFTWARE,Alta,formulario,usuario002@lafortuna.com.co,Necesito que instalen el visor de planos,Se solicita atención prioritaria porque afecta la operación del área y el cierre del periodo.,cerrado,0
TK-00818,2025-10-27,,Infraestructura,vacaciones,1-Alta,Formulario web,usuario035@lafortuna.com.co,Me negaron las vacaciones solicitadas,Se solicita atención prioritaria porque afecta la operación del área y el cierre del periodo.,En proceso,0
TK-00797,2026-05-17,,Infraestructura,Ordenes de compra,Baja,correo,usuario114@lafortuna.com.co,Necesito cotización para equipos de la bodega,El usuario reporta la novedad desde el inicio de la jornada y requiere solución para continuar con su labor.,reabierto,1
TK-01098,30-Jun-2026,,Compras,Reportes,Critica,correo,usuario047@lafortuna.com.co,Solicito exportar el listado a Excel,Se solicita atención prioritaria porque afecta la operación del área y el cierre del periodo.,reabierto,2
TK-01193,2025-01-29,,Comercial,equipos,Critica,Telefono,usuario022@lafortuna.com.co,La impresora de la sede norte imprime rayada,Requerimiento remitido por la jefatura del área para gestión.,En proceso,0
TK-00051,2026-05-29,2026-06-17,Calidad,Sin clasificar,MEDIA,Formulario web,,Solicitud varias,El solicitante indica que la novedad se presenta de forma intermitente desde hace tres días.,Cerrado,0
TK-00387,15/04/2025,,Calidad,aplicaciones,baja,Mesa de ayuda,usuario137@lafortuna.com.co,Aparece un mensaje de sesión expirada cada cinco minutos,Requerimiento remitido por la jefatura del área para gestión.,REABIERTO,1
TK-01921,2025-04-05,02/05/2025,Talento Humano,ACCESOS,Alta,Mesa de ayuda,usuario035@lafortuna.com.co,Necesito acceso a la carpeta compartida de mi área,El caso fue reportado por teléfono y se registra para trazabilidad.,Cerrado,0
TK-00210,2026-02-15,,Aplicaciones,RED,CRITICA,Mesa de ayuda,usuario162@lafortuna.com.co,Muy lenta la conexión en la bodega,El solicitante indica que la novedad se presenta de forma intermitente desde hace tres días.,Escalado,0
TK-00453,28-Feb-2026,2026-04-06,Calidad,Acceso,Baja,formulario,usuario089@lafortuna.com.co,Solicito permiso al módulo de cartera,El caso fue reportado por teléfono y se registra para trazabilidad.,Escalado,0
TK-01079,08/01/2025,,Talento Humano,aplicaciones,MEDIA,Telefono,usuario055@lafortuna.com.co,Necesito que instalen el visor de planos,,Abierto,0
TK-00665,2026-04-22,,Compras,HARDWARE,baja,Telefono,usuario116@lafortuna.com.co,El teclado dejó de responder,El usuario reporta la novedad desde el inicio de la jornada y requiere solución para continuar con su labor.,En proceso,0
TK-00631,07/03/2026,22-Mar-2026,Operaciones,Capacitación,ALTA,Mesa de ayuda,usuario009@lafortuna.com.co,Cuándo es la próxima inducción,,Cerrado,0
TK-00209,10-Abr-2025,,Infraestructura,viaticos,Baja,Correo,usuario092@lafortuna.com.co,Cuál es el monto autorizado para hospedaje,,abierto,0
TK-01046,07-May-2025,,Contabilidad,Aplicaciones,Media,Correo,usuario078@lafortuna.com.co,Error al guardar el formulario de ingreso,El usuario reporta la novedad desde el inicio de la jornada y requiere solución para continuar con su labor.,reabierto,2
TK-01403,19-Jun-2026,2026-06-22,Calidad,Incidentes,Alta,correo,usuario038@lafortuna.com.co,Se cayó el servicio de facturación,El usuario reporta la novedad desde el inicio de la jornada y requiere solución para continuar con su labor.,Cerrado,0
TK-01057,2025-07-17,,Comercial,Incidente,Alta,Formulario web,usuario100@lafortuna.com.co,Pérdida de información en el módulo de inventario,,En proceso,0
TK-00777,23-Mar-2025,,Comercial,INCIDENTE,baja,Correo,usuario030@lafortuna.com.co,Caída total del sistema en la sede principal,,REABIERTO,3
TK-00314,11/05/2026,,Operaciones,otros,CRITICA,formulario,usuario086@lafortuna.com.co,Pendiente por definir,El usuario reporta la novedad desde el inicio de la jornada y requiere solución para continuar con su labor.,Reabierto,2
TK-00109,18/06/2026,2026-07-12,Comercial,NOMINA,1-Alta,Telefono,usuario088@lafortuna.com.co,Error en el descuento de la quincena,Se adjunta captura de pantalla del mensaje de error recibido.,Cerrado,0
TK-00128,23-Mar-2026,,Aplicaciones,INCIDENTE,baja,formulario,usuario003@lafortuna.com.co,Caída total del sistema en la sede principal,Requerimiento remitido por la jefatura del área para gestión.,En proceso,0
TK-00383,2025-07-06,,Talento Humano,viáticos,Critica,correo,usuario013@lafortuna.com.co,Cuál es el monto autorizado para hospedaje,El caso fue reportado por teléfono y se registra para trazabilidad.,abierto,0
TK-00069,23/09/2025,,Contabilidad,Capacitacion,Media,Teléfono,usuario098@lafortuna.com.co,Solicito capacitación en el módulo nuevo,El caso fue reportado por teléfono y se registra para trazabilidad.,En proceso,
TK-00768,2026-05-30,22/06/2026,Contabilidad,nómina,MEDIA,correo,usuario077@lafortuna.com.co,Diferencia en el pago de horas extras,El solicitante indica que la novedad se presenta de forma intermitente desde hace tres días.,CERRADO,0
TK-00104,20/05/2026,,Compras,Hardware,CRITICA,correo,usuario095@lafortuna.com.co,Solicito reposición de diadema dañada,El usuario reporta la novedad desde el inicio de la jornada y requiere solución para continuar con su labor.,en proceso,0
TK-01072,26-May-2025,,Contabilidad,viaticos,MEDIA,Telefono,usuario010@lafortuna.com.co,No me han reembolsado los gastos del mes pasado,,REABIERTO,1
TK-01031,2026-02-01,,Talento Humano,Viáticos,MEDIA,formulario,usuario118@lafortuna.com.co,No me han reembolsado los gastos del mes pasado,El caso fue reportado por teléfono y se registra para trazabilidad.,En proceso,0
TK-01190,07-Jul-2025,,Calidad,hardware,MEDIA,formulario,usuario026@lafortuna.com.co,Solicito reposición de diadema dañada,Requerimiento remitido por la jefatura del área para gestión.,reabierto,2
TK-00254,14-Ene-2026,14/01/2026,Contabilidad,compras,Critica,Mesa de ayuda,usuario131@lafortuna.com.co,Estado de la orden de compra 4471,El solicitante indica que la novedad se presenta de forma intermitente desde hace tres días.,Cerrado,0
TK-01366,21/05/2025,,Aplicaciones,nómina,3-Baja,formulario,usuario093@lafortuna.com.co,Error en el descuento de la quincena,Se adjunta captura de pantalla del mensaje de error recibido.,en proceso,0
TK-00379,29-Ene-2026,,Infraestructura,Aplicaciones,media,Teléfono,usuario077@lafortuna.com.co,La versión instalada no coincide con la del área,El solicitante indica que la novedad se presenta de forma intermitente desde hace tres días.,Abierto,0
TK-00598,2026-05-16,,Talento Humano,nómina,Critica,formulario,usuario086@lafortuna.com.co,Diferencia en el pago de horas extras,El usuario reporta la novedad desde el inicio de la jornada y requiere solución para continuar con su labor.,Reabierto,3
TK-01081,19-Mar-2025,,Compras,equipos,Critica,Teléfono,usuario166@lafortuna.com.co,Solicito reposición de diadema dañada,El usuario reporta la novedad desde el inicio de la jornada y requiere solución para continuar con su labor.,en proceso,0
TK-00356,22/11/2025,,Comercial,Gestion de accesos,ALTA,Mesa de ayuda,usuario032@lafortuna.com.co,Se bloqueó mi usuario tras varios intentos,Requerimiento remitido por la jefatura del área para gestión.,Abierto,0
TK-01875,30-Oct-2025,,Talento Humano,Aplicaciones,Critica,correo,usuario109@lafortuna.com.co,La versión instalada no coincide con la del área,El solicitante indica que la novedad se presenta de forma intermitente desde hace tres días.,Abierto,0
TK-01333,2025-02-15,,Talento Humano,Informes,baja,Teléfono,usuario093@lafortuna.com.co,Necesito el reporte de ventas del trimestre,El caso fue reportado por teléfono y se registra para trazabilidad.,En proceso,0
TK-00395,21-May-2026,01-Jun-2026,Calidad,NOMINA,MEDIA,Formulario web,usuario166@lafortuna.com.co,Solicito certificado laboral con salario,El solicitante indica que la novedad se presenta de forma intermitente desde hace tres días.,CERRADO,0
TK-00461,21-Oct-2025,,Compras,viaticos,Critica,Formulario web,usuario166@lafortuna.com.co,Necesito anticipo para comisión,,abierto,0
TK-00184,10-Oct-2025,06-Nov-2025,Calidad,incidente,1-Alta,Formulario web,usuario039@lafortuna.com.co,Se cayó el servicio de facturación,El caso fue reportado por teléfono y se registra para trazabilidad.,En proceso,0
TK-01479,27/06/2026,,Comercial,Software,Alta,formulario,usuario115@lafortuna.com.co,Necesito que instalen el visor de planos,Se adjunta captura de pantalla del mensaje de error recibido.,REABIERTO,1
TK-00735,19-Oct-2025,20/10/2025,Compras,Reportes,Baja,formulario,usuario105@lafortuna.com.co,Necesito el reporte de ventas del trimestre,El usuario reporta la novedad desde el inicio de la jornada y requiere solución para continuar con su labor.,CERRADO,0
TK-00404,25-Abr-2025,05/05/2025,Compras,accesos,1-Alta,Teléfono,usuario042@lafortuna.com.co,Se bloqueó mi usuario tras varios intentos,Se solicita atención prioritaria porque afecta la operación del área y el cierre del periodo.,CERRADO,1
TK-01339,23/12/2025,,Talento Humano,ACCESOS,MEDIA,formulario,usuario016@lafortuna.com.co,Se bloqueó mi usuario tras varios intentos,Se solicita atención prioritaria porque afecta la operación del área y el cierre del periodo.,abierto,
TK-01179,2025-09-18,30-Sep-2025,Infraestructura,Vacaciones,Baja,Teléfono,usuario048@lafortuna.com.co,Me negaron las vacaciones solicitadas,El solicitante indica que la novedad se presenta de forma intermitente desde hace tres días.,CERRADO,0
TK-00856,09-Jul-2025,2025-07-19,Compras,viaticos,media,correo,usuario100@lafortuna.com.co,Cómo legalizo los viáticos del viaje a la costa,El solicitante indica que la novedad se presenta de forma intermitente desde hace tres días.,CERRADO,0
TK-01898,19-Oct-2025,,Compras,Gestión de accesos,Alta,formulario,usuario119@lafortuna.com.co,Necesito acceso a la carpeta compartida de mi área,Se solicita atención prioritaria porque afecta la operación del área y el cierre del periodo.,Escalado,
TK-00539,29-Ene-2025,,Talento Humano,ACCESOS,Baja,Mesa de ayuda,usuario043@lafortuna.com.co,Solicito permiso al módulo de cartera,Se solicita atención prioritaria porque afecta la operación del área y el cierre del periodo.,abierto,0
TK-01685,22/11/2025,,Compras,,CRITICA,formulario,usuario097@lafortuna.com.co,Solicitud varias,Se adjunta captura de pantalla del mensaje de error recibido.,Reabierto,3
TK-01174,2025-12-26,,Aplicaciones,aplicaciones,3-Baja,correo,usuario111@lafortuna.com.co,Error al guardar el formulario de ingreso,El solicitante indica que la novedad se presenta de forma intermitente desde hace tres días.,En proceso,0
TK-00165,01-Feb-2026,23-Feb-2026,Calidad,Incidentes,Alta,formulario,usuario040@lafortuna.com.co,Caída total del sistema en la sede principal,Se solicita atención prioritaria porque afecta la operación del área y el cierre del periodo.,CERRADO,0
TK-00365,09/06/2025,,Comercial,Software,Baja,Telefono,usuario071@lafortuna.com.co,La aplicación se cierra al generar el informe,Se adjunta captura de pantalla del mensaje de error recibido.,Abierto,0
TK-00587,22-Oct-2025,22/11/2025,Aplicaciones,Gestión de accesos,MEDIA,Formulario web,usuario161@lafortuna.com.co,Me retiraron el acceso y aún trabajo en el proceso,El usuario reporta la novedad desde el inicio de la jornada y requiere solución para continuar con su labor.,CERRADO,0
TK-00732,2025-12-25,,Infraestructura,Nómina,Baja,Teléfono,usuario172@lafortuna.com.co,Solicito certificado laboral con salario,El usuario reporta la novedad desde el inicio de la jornada y requiere solución para continuar con su labor.,Reabierto,3
TK-01548,2025-11-28,,Contabilidad,red,ALTA,Teléfono,usuario166@lafortuna.com.co,La VPN se desconecta cada media hora,El usuario reporta la novedad desde el inicio de la jornada y requiere solución para continuar con su labor.,abierto,
TK-01659,02/01/2025,,Talento Humano,incidente,Critica,Correo,usuario123@lafortuna.com.co,Se cayó el servicio de facturación,,en proceso,0
TK-01188,20/01/2025,2025-01-25,Aplicaciones,aplicaciones,MEDIA,Correo,usuario049@lafortuna.com.co,La versión instalada no coincide con la del área,Requerimiento remitido por la jefatura del área para gestión.,cerrado,0
TK-00357,30/04/2025,,Calidad,accesos,media,Teléfono,usuario039@lafortuna.com.co,Se bloqueó mi usuario tras varios intentos,Se solicita atención prioritaria porque afecta la operación del área y el cierre del periodo.,Abierto,0
TK-01496,09-Abr-2026,21/04/2026,Operaciones,informes,CRITICA,Telefono,usuario117@lafortuna.com.co,Necesito el reporte de ventas del trimestre,El caso fue reportado por teléfono y se registra para trazabilidad.,reabierto,3
TK-00610,19-Ene-2025,,Comercial,equipos,Media,Formulario web,usuario046@lafortuna.com.co,Necesito un monitor adicional para el puesto,El caso fue reportado por teléfono y se registra para trazabilidad.,En proceso,0
TK-00472,22-Sep-2025,02/10/2025,Contabilidad,Aplicaciones,ALTA,correo,usuario053@lafortuna.com.co,La aplicación se cierra al generar el informe,El solicitante indica que la novedad se presenta de forma intermitente desde hace tres días.,cerrado,
TK-00706,18/01/2025,,Calidad,viaticos,baja,Correo,usuario125@lafortuna.com.co,Cómo legalizo los viáticos del viaje a la costa,,Escalado,0
TK-00867,2026-04-25,12-May-2026,Infraestructura,Incidentes,Alta,Correo,usuario007@lafortuna.com.co,Pérdida de información en el módulo de inventario,Requerimiento remitido por la jefatura del área para gestión.,Cerrado,0
TK-01905,2025-09-22,05-Nov-2025,Talento Humano,Vacaciones,3-Baja,Correo,usuario071@lafortuna.com.co,Con cuánta anticipación debo solicitar vacaciones,Se adjunta captura de pantalla del mensaje de error recibido.,Cerrado,0
TK-01173,28/02/2026,,Operaciones,Equipos,1-Alta,Telefono,usuario061@lafortuna.com.co,El teclado dejó de responder,El solicitante indica que la novedad se presenta de forma intermitente desde hace tres días.,en proceso,0
TK-01801,23-Mar-2025,2025-04-12,Infraestructura,hardware,MEDIA,Teléfono,usuario019@lafortuna.com.co,Solicito reposición de diadema dañada,,Cerrado,0
TK-00994,2026-03-09,2026-04-13,Comercial,nomina,Alta,Teléfono,usuario123@lafortuna.com.co,Error en el descuento de la quincena,Requerimiento remitido por la jefatura del área para gestión.,cerrado,1
TK-00456,29/04/2025,,,software,Critica,formulario,usuario062@lafortuna.com.co,La aplicación se cierra al generar el informe,Se adjunta captura de pantalla del mensaje de error recibido.,reabierto,3
TK-01713,07-Nov-2025,18-Nov-2025,Calidad,Incidentes,Media,Mesa de ayuda,usuario169@lafortuna.com.co,Se cayó el servicio de facturación,El usuario reporta la novedad desde el inicio de la jornada y requiere solución para continuar con su labor.,CERRADO,0
TK-01490,21-Jun-2026,22/06/2026,Comercial,Vacaciones,CRITICA,Telefono,usuario016@lafortuna.com.co,Me negaron las vacaciones solicitadas,Se adjunta captura de pantalla del mensaje de error recibido.,Cerrado,0
TK-00643,2025-07-18,,Comercial,Gestion de accesos,Alta,correo,usuario085@lafortuna.com.co,Necesito acceso a la carpeta compartida de mi área,El usuario reporta la novedad desde el inicio de la jornada y requiere solución para continuar con su labor.,Escalado,0
TK-01599,2025-08-23,13-Sep-2025,Calidad,Compras,CRITICA,Teléfono,usuario108@lafortuna.com.co,Estado de la orden de compra 4471,Se solicita atención prioritaria porque afecta la operación del área y el cierre del periodo.,cerrado,
TK-00581,07/07/2025,,Talento Humano,Nomina,2-Media,Correo,usuario019@lafortuna.com.co,Diferencia en el pago de horas extras,El caso fue reportado por teléfono y se registra para trazabilidad.,en proceso,0
TK-01443,20-Mar-2025,,Infraestructura,,Media,Teléfono,usuario063@lafortuna.com.co,Consulta general,Se adjunta captura de pantalla del mensaje de error recibido.,REABIERTO,1
TK-00583,03-Mar-2026,20-Mar-2026,Infraestructura,Ordenes de compra,2-Media,Telefono,usuario002@lafortuna.com.co,El proveedor no ha entregado lo solicitado,Se solicita atención prioritaria porque afecta la operación del área y el cierre del periodo.,Cerrado,0
TK-01560,28-Oct-2025,,Aplicaciones,Vacaciones,CRITICA,correo,usuario068@lafortuna.com.co,Con cuánta anticipación debo solicitar vacaciones,,Reabierto,1
TK-00512,2026-05-23,02/06/2026,Infraestructura,Viáticos,baja,Correo,usuario087@lafortuna.com.co,No me han reembolsado los gastos del mes pasado,El caso fue reportado por teléfono y se registra para trazabilidad.,Reabierto,2
TK-01261,10-May-2026,,Infraestructura,Sin clasificar,Critica,Teléfono,usuario047@lafortuna.com.co,Consulta general,El solicitante indica que la novedad se presenta de forma intermitente desde hace tres días.,abierto,0
TK-01597,22/11/2025,,Operaciones,software,3-Baja,Mesa de ayuda,usuario057@lafortuna.com.co,La aplicación se cierra al generar el informe,Requerimiento remitido por la jefatura del área para gestión.,abierto,0
TK-00186,09-Jun-2025,,Aplicaciones,aplicaciones,ALTA,Mesa de ayuda,usuario016@lafortuna.com.co,Necesito que instalen el visor de planos,El caso fue reportado por teléfono y se registra para trazabilidad.,Abierto,0
TK-01008,2025-08-09,,Operaciones,hardware,CRITICA,correo,usuario103@lafortuna.com.co,El portátil no enciende desde ayer,,en proceso,0
TK-00747,08/05/2026,,Operaciones,accesos,MEDIA,Formulario web,usuario108@lafortuna.com.co,Se bloqueó mi usuario tras varios intentos,El caso fue reportado por teléfono y se registra para trazabilidad.,abierto,0
TK-01550,20-Ago-2025,,Aplicaciones,Accesos,Critica,correo,usuario078@lafortuna.com.co,Solicito permiso al módulo de cartera,Se solicita atención prioritaria porque afecta la operación del área y el cierre del periodo.,Reabierto,1
TK-01651,12-May-2025,20-Jun-2025,Contabilidad,Compras,baja,Formulario web,usuario079@lafortuna.com.co,Estado de la orden de compra 4471,,Cerrado,0
TK-01085,2025-02-20,2025-03-11,Infraestructura,,baja,Teléfono,usuario048@lafortuna.com.co,Solicitud varias,El solicitante indica que la novedad se presenta de forma intermitente desde hace tres días.,CERRADO,0
TK-00115,19/12/2025,22/12/2025,Contabilidad,Nomina,ALTA,Telefono,usuario170@lafortuna.com.co,Diferencia en el pago de horas extras,,cerrado,0
TK-01153,2025-05-26,,Comercial,hardware,Critica,Formulario web,usuario115@lafortuna.com.co,Solicito reposición de diadema dañada,El usuario reporta la novedad desde el inicio de la jornada y requiere solución para continuar con su labor.,En proceso,0
TK-00831,2025-09-24,06/10/2025,Comercial,Reportes,Crítica,Telefono,usuario069@lafortuna.com.co,Necesito el reporte de ventas del trimestre,El solicitante indica que la novedad se presenta de forma intermitente desde hace tres días.,cerrado,1
TK-01369,2026-04-20,,Comercial,NOMINA,2-Media,Mesa de ayuda,usuario119@lafortuna.com.co,Diferencia en el pago de horas extras,Se adjunta captura de pantalla del mensaje de error recibido.,en proceso,0
TK-00832,03/08/2025,,Compras,reportes,baja,correo,usuario114@lafortuna.com.co,Solicito exportar el listado a Excel,El solicitante indica que la novedad se presenta de forma intermitente desde hace tres días.,Reabierto,2
TK-01373,20-Ene-2025,06-Feb-2025,Talento Humano,Gestión de accesos,media,Mesa de ayuda,usuario038@lafortuna.com.co,Se bloqueó mi usuario tras varios intentos,El caso fue reportado por teléfono y se registra para trazabilidad.,Cerrado,0
TK-01068,2026-03-27,29-Abr-2026,Talento Humano,ACCESOS,media,Formulario web,usuario083@lafortuna.com.co,Necesito acceso a la carpeta compartida de mi área,El usuario reporta la novedad desde el inicio de la jornada y requiere solución para continuar con su labor.,Cerrado,0
TK-01151,22/01/2026,2026-02-23,Talento Humano,Informes,media,Teléfono,usuario165@lafortuna.com.co,El informe muestra cifras distintas al sistema,El caso fue reportado por teléfono y se registra para trazabilidad.,cerrado,0
TK-01451,05/06/2026,2026-06-15,Calidad,Compras,MEDIA,formulario,usuario071@lafortuna.com.co,Cómo registro un proveedor nuevo,Se solicita atención prioritaria porque afecta la operación del área y el cierre del periodo.,cerrado,0
TK-01792,04/06/2025,2025-07-18,Infraestructura,capacitación,Critica,Mesa de ayuda,usuario095@lafortuna.com.co,Cuándo es la próxima inducción,Se solicita atención prioritaria porque afecta la operación del área y el cierre del periodo.,CERRADO,0
TK-01498,2025-06-11,,,compras,ALTA,Mesa de ayuda,usuario170@lafortuna.com.co,Necesito cotización para equipos de la bodega,Se solicita atención prioritaria porque afecta la operación del área y el cierre del periodo.,abierto,0
TK-01646,15-Ene-2025,,Comercial,viáticos,media,Mesa de ayuda,,Necesito anticipo para comisión,Se adjunta captura de pantalla del mensaje de error recibido.,reabierto,3
TK-01069,2025-12-06,,Operaciones,nomina,baja,Teléfono,usuario096@lafortuna.com.co,Diferencia en el pago de horas extras,El usuario reporta la novedad desde el inicio de la jornada y requiere solución para continuar con su labor.,REABIERTO,3
TK-00126,16/03/2025,,Aplicaciones,Órdenes de compra,Media,Correo,usuario018@lafortuna.com.co,Estado de la orden de compra 4471,Requerimiento remitido por la jefatura del área para gestión.,Abierto,
TK-00473,2025-05-02,16/05/2025,Calidad,conectividad,ALTA,Mesa de ayuda,usuario001@lafortuna.com.co,Sin internet en el segundo piso,El caso fue reportado por teléfono y se registra para trazabilidad.,en proceso,0
TK-00993,2025-07-29,,Talento Humano,Hardware,baja,Correo,usuario056@lafortuna.com.co,El portátil no enciende desde ayer,Se solicita atención prioritaria porque afecta la operación del área y el cierre del periodo.,en proceso,0
TK-01340,19/06/2025,,Aplicaciones,SOFTWARE,3-Baja,correo,,Necesito que instalen el visor de planos,El caso fue reportado por teléfono y se registra para trazabilidad.,en proceso,0
TK-00150,06-Jun-2026,,Compras,hardware,Crítica,Formulario web,usuario061@lafortuna.com.co,La impresora de la sede norte imprime rayada,El usuario reporta la novedad desde el inicio de la jornada y requiere solución para continuar con su labor.,Escalado,0
TK-00913,18/05/2026,,Comercial,incidente,CRITICA,Telefono,usuario176@lafortuna.com.co,Pérdida de información en el módulo de inventario,El solicitante indica que la novedad se presenta de forma intermitente desde hace tres días.,REABIERTO,1
TK-01295,18-Mar-2025,2025-04-11,Calidad,Órdenes de compra,Critica,correo,usuario172@lafortuna.com.co,Cómo registro un proveedor nuevo,Se adjunta captura de pantalla del mensaje de error recibido.,CERRADO,0
TK-01575,2025-05-02,2025-06-06,Comercial,Gestion de accesos,1-Alta,Correo,usuario100@lafortuna.com.co,Solicito permiso al módulo de cartera,El caso fue reportado por teléfono y se registra para trazabilidad.,cerrado,0
TK-00304,04/07/2025,,Comercial,Software,2-Media,correo,usuario026@lafortuna.com.co,Necesito que instalen el visor de planos,Se adjunta captura de pantalla del mensaje de error recibido.,Abierto,0
TK-00711,08-Feb-2026,,Infraestructura,Software,1-Alta,correo,usuario012@lafortuna.com.co,La aplicación se cierra al generar el informe,El solicitante indica que la novedad se presenta de forma intermitente desde hace tres días.,en proceso,0
TK-00938,24/06/2026,04/08/2026,Talento Humano,HARDWARE,Crítica,Mesa de ayuda,usuario031@lafortuna.com.co,La impresora de la sede norte imprime rayada,Requerimiento remitido por la jefatura del área para gestión.,Cerrado,0
TK-01667,30/04/2026,2026-06-11,Contabilidad,nomina,Crítica,correo,usuario173@lafortuna.com.co,Error en el descuento de la quincena,Se solicita atención prioritaria porque afecta la operación del área y el cierre del periodo.,cerrado,0
TK-00632,30-Nov-2025,,Talento Humano,VACACIONES,Media,Teléfono,usuario114@lafortuna.com.co,Cuántos días tengo acumulados,Requerimiento remitido por la jefatura del área para gestión.,En proceso,0
TK-00440,27/05/2025,,Compras,INCIDENTE,Media,Mesa de ayuda,usuario171@lafortuna.com.co,Caída total del sistema en la sede principal,Se adjunta captura de pantalla del mensaje de error recibido.,abierto,0
TK-01282,2025-04-24,02-May-2025,Calidad,viaticos,ALTA,Teléfono,usuario179@lafortuna.com.co,Cuál es el monto autorizado para hospedaje,El caso fue reportado por teléfono y se registra para trazabilidad.,Cerrado,0
TK-01793,2025-05-21,06/06/2025,Operaciones,nómina,CRITICA,Mesa de ayuda,usuario027@lafortuna.com.co,Diferencia en el pago de horas extras,El solicitante indica que la novedad se presenta de forma intermitente desde hace tres días.,Cerrado,0
TK-00531,07-May-2025,20-Jun-2025,Contabilidad,software,Baja,Telefono,usuario093@lafortuna.com.co,La aplicación se cierra al generar el informe,Requerimiento remitido por la jefatura del área para gestión.,cerrado,0
TK-00591,2026-04-05,28-Abr-2026,Operaciones,aplicaciones,ALTA,Mesa de ayuda,usuario010@lafortuna.com.co,Aparece un mensaje de sesión expirada cada cinco minutos,El solicitante indica que la novedad se presenta de forma intermitente desde hace tres días.,cerrado,0
TK-00783,17-Sep-2025,07/10/2025,Contabilidad,Otros,2-Media,Telefono,usuario088@lafortuna.com.co,Requerimiento del área,Se adjunta captura de pantalla del mensaje de error recibido.,CERRADO,0
TK-01787,30/12/2025,,Aplicaciones,Otros,baja,correo,usuario003@lafortuna.com.co,Solicitud varias,El solicitante indica que la novedad se presenta de forma intermitente desde hace tres días.,REABIERTO,1
TK-00279,03-Feb-2026,,Calidad,Equipos,baja,Mesa de ayuda,usuario178@lafortuna.com.co,La impresora de la sede norte imprime rayada,,abierto,0
TK-01328,04-Mar-2026,,Comercial,Incidentes,CRITICA,Teléfono,usuario113@lafortuna.com.co,Los usuarios reportan lentitud generalizada,Se adjunta captura de pantalla del mensaje de error recibido.,Escalado,0
TK-00133,29/06/2026,,Comercial,vacaciones,media,Correo,usuario067@lafortuna.com.co,Me negaron las vacaciones solicitadas,,Escalado,0
TK-01036,2026-06-23,2026-07-30,Aplicaciones,equipos,1-Alta,Teléfono,usuario120@lafortuna.com.co,Solicito reposición de diadema dañada,El solicitante indica que la novedad se presenta de forma intermitente desde hace tres días.,cerrado,
TK-01166,2025-04-28,,Compras,SOFTWARE,baja,Mesa de ayuda,usuario103@lafortuna.com.co,Aparece un mensaje de sesión expirada cada cinco minutos,Se adjunta captura de pantalla del mensaje de error recibido.,Reabierto,2
TK-01886,2025-11-03,,Contabilidad,accesos,alta,Correo,usuario024@lafortuna.com.co,Solicito permiso al módulo de cartera,El caso fue reportado por teléfono y se registra para trazabilidad.,en proceso,0
TK-00980,2025-08-17,,Compras,otros,alta,Formulario web,usuario114@lafortuna.com.co,Requerimiento del área,El usuario reporta la novedad desde el inicio de la jornada y requiere solución para continuar con su labor.,Reabierto,2
TK-01091,09-Nov-2025,,Aplicaciones,aplicaciones,2-Media,correo,usuario023@lafortuna.com.co,La versión instalada no coincide con la del área,El caso fue reportado por teléfono y se registra para trazabilidad.,REABIERTO,2
TK-01778,30/09/2025,,Compras,Ordenes de compra,1-Alta,Mesa de ayuda,,Estado de la orden de compra 4471,Se solicita atención prioritaria porque afecta la operación del área y el cierre del periodo.,Abierto,0
TK-00486,2026-02-04,2026-03-14,Comercial,otros,alta,Correo,usuario079@lafortuna.com.co,Solicitud varias,El usuario reporta la novedad desde el inicio de la jornada y requiere solución para continuar con su labor.,Cerrado,0
TK-01640,2026-04-05,,Aplicaciones,VACACIONES,2-Media,Correo,usuario150@lafortuna.com.co,Puedo dividir mis vacaciones en dos periodos,Se solicita atención prioritaria porque afecta la operación del área y el cierre del periodo.,Abierto,0
TK-01948,21-May-2026,,Calidad,SOFTWARE,Alta,correo,usuario142@lafortuna.com.co,Aparece un mensaje de sesión expirada cada cinco minutos,,REABIERTO,2
TK-00477,10/09/2025,11/10/2025,Talento Humano,Órdenes de compra,Crítica,Mesa de ayuda,,Necesito cotización para equipos de la bodega,Se solicita atención prioritaria porque afecta la operación del área y el cierre del periodo.,cerrado,1
TK-00059,25-Abr-2026,,Calidad,accesos,Crítica,formulario,usuario115@lafortuna.com.co,No puedo entrar al sistema Centrica,Requerimiento remitido por la jefatura del área para gestión.,Abierto,0
TK-01000,2025-04-02,2025-04-13,Talento Humano,Reportes,Alta,correo,usuario060@lafortuna.com.co,Necesito el reporte de ventas del trimestre,Se solicita atención prioritaria porque afecta la operación del área y el cierre del periodo.,CERRADO,0
TK-01220,2025-09-12,,Compras,Nómina,1-Alta,formulario,usuario069@lafortuna.com.co,No me llegó el desprendible de pago,El solicitante indica que la novedad se presenta de forma intermitente desde hace tres días.,en proceso,0
TK-00004,09-May-2026,,Aplicaciones,Hardware,alta,Telefono,usuario064@lafortuna.com.co,Necesito un monitor adicional para el puesto,El usuario reporta la novedad desde el inicio de la jornada y requiere solución para continuar con su labor.,en proceso,0
TK-00234,2025-10-03,12-Nov-2025,Aplicaciones,Viaticos,ALTA,Correo,usuario180@lafortuna.com.co,Cuál es el monto autorizado para hospedaje,El caso fue reportado por teléfono y se registra para trazabilidad.,Cerrado,0
TK-01368,26-May-2025,,Talento Humano,Reportes,Media,Formulario web,usuario112@lafortuna.com.co,El reporte no incluye la sede nueva,Se adjunta captura de pantalla del mensaje de error recibido.,Escalado,0
TK-01384,2025-06-14,,Aplicaciones,Viáticos,1-Alta,Correo,usuario064@lafortuna.com.co,No me han reembolsado los gastos del mes pasado,Se adjunta captura de pantalla del mensaje de error recibido.,Abierto,0
TK-00020,14-Jun-2026,23-Jun-2026,Contabilidad,Hardware,MEDIA,Teléfono,usuario012@lafortuna.com.co,La impresora de la sede norte imprime rayada,El solicitante indica que la novedad se presenta de forma intermitente desde hace tres días.,cerrado,1
TK-00507,03-May-2025,,Contabilidad,accesos,MEDIA,Telefono,usuario042@lafortuna.com.co,Solicito permiso al módulo de cartera,Se solicita atención prioritaria porque afecta la operación del área y el cierre del periodo.,En proceso,0
TK-00615,16-Abr-2026,2026-04-19,Aplicaciones,informes,alta,Telefono,usuario048@lafortuna.com.co,Solicito exportar el listado a Excel,Se solicita atención prioritaria porque afecta la operación del área y el cierre del periodo.,CERRADO,0
TK-01648,28-Sep-2025,10-Nov-2025,Compras,Incidente,Alta,Formulario web,usuario015@lafortuna.com.co,Pérdida de información en el módulo de inventario,Se adjunta captura de pantalla del mensaje de error recibido.,Cerrado,
TK-00178,13-Sep-2025,,Comercial,SOFTWARE,2-Media,correo,usuario036@lafortuna.com.co,La versión instalada no coincide con la del área,Se adjunta captura de pantalla del mensaje de error recibido.,Reabierto,3
TK-01831,2025-10-17,,Talento Humano,hardware,3-Baja,correo,usuario082@lafortuna.com.co,La impresora de la sede norte imprime rayada,El solicitante indica que la novedad se presenta de forma intermitente desde hace tres días.,reabierto,1
TK-01901,2025-04-08,12/04/2025,Comercial,incidente,baja,correo,usuario028@lafortuna.com.co,Se cayó el servicio de facturación,Se solicita atención prioritaria porque afecta la operación del área y el cierre del periodo.,CERRADO,0
TK-00927,2026-02-17,,Talento Humano,NOMINA,ALTA,formulario,usuario175@lafortuna.com.co,Error en el descuento de la quincena,El solicitante indica que la novedad se presenta de forma intermitente desde hace tres días.,En proceso,0
TK-00519,2025-04-12,2025-05-23,Calidad,software,1-Alta,Formulario web,usuario060@lafortuna.com.co,Error al guardar el formulario de ingreso,Requerimiento remitido por la jefatura del área para gestión.,En proceso,0
TK-00835,12/04/2025,,Infraestructura,Hardware,2-Media,Teléfono,usuario174@lafortuna.com.co,El portátil no enciende desde ayer,Se adjunta captura de pantalla del mensaje de error recibido.,Abierto,0
TK-01945,28/10/2025,01-Nov-2025,Talento Humano,equipos,Alta,Correo,usuario177@lafortuna.com.co,Necesito un monitor adicional para el puesto,El solicitante indica que la novedad se presenta de forma intermitente desde hace tres días.,CERRADO,0
TK-01389,09-Ene-2026,2026-02-20,Aplicaciones,vacaciones,Media,Correo,usuario006@lafortuna.com.co,Puedo dividir mis vacaciones en dos periodos,El usuario reporta la novedad desde el inicio de la jornada y requiere solución para continuar con su labor.,Cerrado,0
TK-01168,2026-05-08,,Infraestructura,Vacaciones,MEDIA,Teléfono,usuario086@lafortuna.com.co,Me negaron las vacaciones solicitadas,El solicitante indica que la novedad se presenta de forma intermitente desde hace tres días.,Abierto,0
TK-00636,04-May-2026,,Compras,hardware,alta,Teléfono,usuario173@lafortuna.com.co,Solicito reposición de diadema dañada,Se solicita atención prioritaria porque afecta la operación del área y el cierre del periodo.,Abierto,0
TK-01314,14-May-2025,,Talento Humano,accesos,Media,Correo,,Necesito acceso a la carpeta compartida de mi área,El solicitante indica que la novedad se presenta de forma intermitente desde hace tres días.,REABIERTO,2
TK-01294,2025-11-26,,Calidad,Acceso,2-Media,correo,usuario157@lafortuna.com.co,Se bloqueó mi usuario tras varios intentos,Se solicita atención prioritaria porque afecta la operación del área y el cierre del periodo.,Escalado,0
TK-01662,23/07/2025,,Aplicaciones,Vacaciones,ALTA,correo,usuario128@lafortuna.com.co,Puedo dividir mis vacaciones en dos periodos,Se solicita atención prioritaria porque afecta la operación del área y el cierre del periodo.,REABIERTO,1
TK-00049,12/01/2026,,Compras,HARDWARE,Media,correo,usuario028@lafortuna.com.co,El portátil no enciende desde ayer,El caso fue reportado por teléfono y se registra para trazabilidad.,reabierto,3
TK-00148,2025-01-03,13-Feb-2025,Talento Humano,Hardware,Media,Telefono,usuario148@lafortuna.com.co,El portátil no enciende desde ayer,El solicitante indica que la novedad se presenta de forma intermitente desde hace tres días.,CERRADO,
TK-00657,2025-09-29,19-Oct-2025,Comercial,Gestión de accesos,media,correo,usuario163@lafortuna.com.co,Necesito acceso a la carpeta compartida de mi área,Se solicita atención prioritaria porque afecta la operación del área y el cierre del periodo.,cerrado,1
TK-00416,2025-08-21,,Contabilidad,Accesos,MEDIA,correo,usuario121@lafortuna.com.co,Necesito acceso a la carpeta compartida de mi área,,REABIERTO,3
TK-00016,19-Ene-2026,,Infraestructura,equipos,3-Baja,Teléfono,usuario065@lafortuna.com.co,El teclado dejó de responder,,reabierto,3
TK-00134,2025-09-26,,Contabilidad,Hardware,ALTA,Formulario web,usuario075@lafortuna.com.co,La impresora de la sede norte imprime rayada,Se solicita atención prioritaria porque afecta la operación del área y el cierre del periodo.,Escalado,0
TK-00776,02-Feb-2026,2026-03-06,Operaciones,VACACIONES,CRITICA,Formulario web,usuario178@lafortuna.com.co,Cuántos días tengo acumulados,El solicitante indica que la novedad se presenta de forma intermitente desde hace tres días.,CERRADO,0
TK-01264,2025-10-24,18-Nov-2025,Talento Humano,Red,Media,Mesa de ayuda,usuario107@lafortuna.com.co,No carga el sistema desde la sede sur,Se adjunta captura de pantalla del mensaje de error recibido.,Cerrado,0
TK-01010,20/02/2026,,Talento Humano,Equipos,MEDIA,Mesa de ayuda,usuario163@lafortuna.com.co,El portátil no enciende desde ayer,Se solicita atención prioritaria porque afecta la operación del área y el cierre del periodo.,En proceso,0
TK-01009,2025-08-31,,Compras,Aplicaciones,media,correo,usuario167@lafortuna.com.co,La versión instalada no coincide con la del área,Se adjunta captura de pantalla del mensaje de error recibido.,reabierto,2
TK-00096,09-Mar-2026,,,Compras,Crítica,Teléfono,usuario175@lafortuna.com.co,El proveedor no ha entregado lo solicitado,Se adjunta captura de pantalla del mensaje de error recibido.,Abierto,0
TK-00028,31/03/2025,,Contabilidad,Órdenes de compra,MEDIA,Formulario web,usuario166@lafortuna.com.co,Cómo registro un proveedor nuevo,Requerimiento remitido por la jefatura del área para gestión.,Reabierto,1
TK-00979,2025-04-16,2025-05-14,Aplicaciones,software,Crítica,Telefono,usuario145@lafortuna.com.co,Necesito que instalen el visor de planos,El solicitante indica que la novedad se presenta de forma intermitente desde hace tres días.,CERRADO,0
TK-00338,22/03/2025,2025-05-04,Aplicaciones,hardware,media,correo,usuario119@lafortuna.com.co,Solicito reposición de diadema dañada,El caso fue reportado por teléfono y se registra para trazabilidad.,cerrado,0
TK-01393,11-Feb-2026,,Aplicaciones,conectividad,Media,Teléfono,usuario040@lafortuna.com.co,La VPN se desconecta cada media hora,El solicitante indica que la novedad se presenta de forma intermitente desde hace tres días.,REABIERTO,2
TK-00162,26-Ago-2025,2025-08-26,Talento Humano,Capacitación,MEDIA,Telefono,usuario109@lafortuna.com.co,Necesito material del curso de la semana pasada,Se solicita atención prioritaria porque afecta la operación del área y el cierre del periodo.,Reabierto,2
TK-01074,2025-08-11,,Infraestructura,otros,2-Media,Mesa de ayuda,usuario100@lafortuna.com.co,Requerimiento del área,El caso fue reportado por teléfono y se registra para trazabilidad.,En proceso,0
TK-01218,05-Ene-2025,,Aplicaciones,Ordenes de compra,2-Media,Telefono,usuario077@lafortuna.com.co,Cómo registro un proveedor nuevo,Se solicita atención prioritaria porque afecta la operación del área y el cierre del periodo.,abierto,0
TK-01169,2026-01-06,,Compras,SOFTWARE,2-Media,Mesa de ayuda,usuario041@lafortuna.com.co,Error al guardar el formulario de ingreso,El solicitante indica que la novedad se presenta de forma intermitente desde hace tres días.,abierto,0
TK-00152,2026-03-21,,Operaciones,ACCESOS,MEDIA,Telefono,usuario033@lafortuna.com.co,Necesito acceso a la carpeta compartida de mi área,El solicitante indica que la novedad se presenta de forma intermitente desde hace tres días.,En proceso,0
TK-00063,06/04/2025,09/05/2025,Talento Humano,Gestion de accesos,1-Alta,Formulario web,usuario013@lafortuna.com.co,Solicito permiso al módulo de cartera,El caso fue reportado por teléfono y se registra para trazabilidad.,cerrado,1
TK-01446,02/01/2025,,Infraestructura,Accesos,ALTA,Mesa de ayuda,usuario044@lafortuna.com.co,No puedo entrar al sistema Centrica,El solicitante indica que la novedad se presenta de forma intermitente desde hace tres días.,Abierto,
TK-01590,23/03/2026,30/03/2026,Operaciones,accesos,media,Correo,usuario108@lafortuna.com.co,Se bloqueó mi usuario tras varios intentos,El solicitante indica que la novedad se presenta de forma intermitente desde hace tres días.,cerrado,0
TK-00894,2025-04-08,,Calidad,Compras,CRITICA,Teléfono,usuario048@lafortuna.com.co,Cómo registro un proveedor nuevo,,REABIERTO,2
TK-00787,22/05/2025,,Talento Humano,Accesos,2-Media,Formulario web,usuario145@lafortuna.com.co,Necesito acceso a la carpeta compartida de mi área,El solicitante indica que la novedad se presenta de forma intermitente desde hace tres días.,Reabierto,3
TK-01855,12-May-2025,,Contabilidad,incidente,Alta,Mesa de ayuda,usuario010@lafortuna.com.co,Los usuarios reportan lentitud generalizada,El usuario reporta la novedad desde el inicio de la jornada y requiere solución para continuar con su labor.,Reabierto,1
TK-01652,23-Ago-2025,,Comercial,Reportes,ALTA,Teléfono,usuario148@lafortuna.com.co,El informe muestra cifras distintas al sistema,Requerimiento remitido por la jefatura del área para gestión.,reabierto,2
TK-01721,17/03/2025,,Aplicaciones,Accesos,media,Correo,usuario055@lafortuna.com.co,Se bloqueó mi usuario tras varios intentos,Se solicita atención prioritaria porque afecta la operación del área y el cierre del periodo.,REABIERTO,1
TK-01323,2025-04-06,2025-05-16,Calidad,Gestión de accesos,Crítica,Formulario web,usuario123@lafortuna.com.co,Se bloqueó mi usuario tras varios intentos,Requerimiento remitido por la jefatura del área para gestión.,cerrado,0
TK-01595,2026-04-02,,,accesos,3-Baja,Mesa de ayuda,usuario177@lafortuna.com.co,No puedo entrar al sistema Centrica,El solicitante indica que la novedad se presenta de forma intermitente desde hace tres días.,reabierto,3
TK-00087,2025-02-10,,Calidad,aplicaciones,Alta,correo,,Error al guardar el formulario de ingreso,Se solicita atención prioritaria porque afecta la operación del área y el cierre del periodo.,en proceso,0
TK-01628,26/03/2025,,Infraestructura,nómina,ALTA,Telefono,usuario149@lafortuna.com.co,No me llegó el desprendible de pago,Se adjunta captura de pantalla del mensaje de error recibido.,en proceso,0
TK-01187,13/05/2026,,Calidad,capacitacion,alta,Correo,usuario159@lafortuna.com.co,Cuándo es la próxima inducción,El usuario reporta la novedad desde el inicio de la jornada y requiere solución para continuar con su labor.,Abierto,0
TK-01305,25-Abr-2025,,Contabilidad,accesos,ALTA,Mesa de ayuda,usuario136@lafortuna.com.co,Solicito permiso al módulo de cartera,Se solicita atención prioritaria porque afecta la operación del área y el cierre del periodo.,REABIERTO,1
TK-01102,2025-02-15,2025-03-27,Calidad,Gestion de accesos,Critica,correo,usuario075@lafortuna.com.co,Solicito permiso al módulo de cartera,Se adjunta captura de pantalla del mensaje de error recibido.,cerrado,0
TK-00741,26-Feb-2025,,Contabilidad,accesos,1-Alta,formulario,usuario025@lafortuna.com.co,Me retiraron el acceso y aún trabajo en el proceso,,abierto,0
TK-00574,17-May-2026,,Infraestructura,Nómina,ALTA,Formulario web,usuario140@lafortuna.com.co,Error en el descuento de la quincena,Se solicita atención prioritaria porque afecta la operación del área y el cierre del periodo.,En proceso,0
TK-01832,03-Ene-2025,,Aplicaciones,Nomina,ALTA,Formulario web,usuario073@lafortuna.com.co,Solicito certificado laboral con salario,El usuario reporta la novedad desde el inicio de la jornada y requiere solución para continuar con su labor.,en proceso,0
TK-01767,23/12/2025,,Operaciones,Accesos,alta,formulario,,Me retiraron el acceso y aún trabajo en el proceso,El usuario reporta la novedad desde el inicio de la jornada y requiere solución para continuar con su labor.,REABIERTO,1
TK-01121,26-Ene-2026,2026-03-02,Talento Humano,Hardware,media,Correo,usuario136@lafortuna.com.co,Solicito reposición de diadema dañada,El usuario reporta la novedad desde el inicio de la jornada y requiere solución para continuar con su labor.,Cerrado,0
TK-00034,2025-05-13,14-Jun-2025,Comercial,Incidentes,MEDIA,Correo,usuario169@lafortuna.com.co,Se cayó el servicio de facturación,Se solicita atención prioritaria porque afecta la operación del área y el cierre del periodo.,cerrado,
TK-01269,20/05/2026,,,Accesos,alta,Telefono,usuario022@lafortuna.com.co,Me retiraron el acceso y aún trabajo en el proceso,El usuario reporta la novedad desde el inicio de la jornada y requiere solución para continuar con su labor.,Abierto,0
TK-01808,16-Feb-2026,,Comercial,capacitacion,media,Telefono,usuario136@lafortuna.com.co,Cuándo es la próxima inducción,El solicitante indica que la novedad se presenta de forma intermitente desde hace tres días.,reabierto,3
TK-01414,2026-03-06,,Talento Humano,Accesos,CRITICA,formulario,,No puedo entrar al sistema Centrica,Se solicita atención prioritaria porque afecta la operación del área y el cierre del periodo.,REABIERTO,2
TK-01448,2026-06-26,,Infraestructura,OTROS,Baja,Mesa de ayuda,usuario091@lafortuna.com.co,Requerimiento del área,El solicitante indica que la novedad se presenta de forma intermitente desde hace tres días.,Escalado,
TK-00989,2025-01-19,01-Feb-2025,Contabilidad,ACCESOS,Critica,Telefono,usuario062@lafortuna.com.co,Necesito acceso a la carpeta compartida de mi área,El usuario reporta la novedad desde el inicio de la jornada y requiere solución para continuar con su labor.,Cerrado,0
TK-00263,03/10/2025,,Calidad,Incidente,3-Baja,Telefono,usuario078@lafortuna.com.co,Se cayó el servicio de facturación,Requerimiento remitido por la jefatura del área para gestión.,Escalado,0
TK-01125,2026-06-28,,Aplicaciones,Conectividad,Alta,Correo,usuario025@lafortuna.com.co,Sin internet en el segundo piso,Se solicita atención prioritaria porque afecta la operación del área y el cierre del periodo.,Reabierto,2
TK-01838,2025-11-16,,Contabilidad,Sin clasificar,alta,Correo,usuario110@lafortuna.com.co,Consulta general,El usuario reporta la novedad desde el inicio de la jornada y requiere solución para continuar con su labor.,Abierto,0
TK-01455,2026-05-26,08-Jun-2026,Operaciones,reportes,2-Media,Teléfono,usuario168@lafortuna.com.co,El reporte no incluye la sede nueva,El caso fue reportado por teléfono y se registra para trazabilidad.,reabierto,3
TK-00487,17-Abr-2026,,Operaciones,equipos,MEDIA,formulario,usuario082@lafortuna.com.co,Solicito reposición de diadema dañada,,Abierto,0
TK-01675,29/05/2026,2026-06-12,Operaciones,aplicaciones,2-Media,correo,usuario150@lafortuna.com.co,Necesito que instalen el visor de planos,Se adjunta captura de pantalla del mensaje de error recibido.,Cerrado,0
TK-01297,2026-05-14,11-Jun-2026,Compras,capacitacion,alta,formulario,usuario039@lafortuna.com.co,Necesito material del curso de la semana pasada,El caso fue reportado por teléfono y se registra para trazabilidad.,en proceso,0
TK-01723,27/09/2025,,Talento Humano,Software,alta,Telefono,usuario089@lafortuna.com.co,Error al guardar el formulario de ingreso,Requerimiento remitido por la jefatura del área para gestión.,REABIERTO,1
TK-00332,2025-01-14,,Operaciones,RED,media,Formulario web,usuario075@lafortuna.com.co,La VPN se desconecta cada media hora,Requerimiento remitido por la jefatura del área para gestión.,En proceso,0
TK-00210,2026-02-15,,Aplicaciones,RED,CRITICA,Mesa de ayuda,usuario162@lafortuna.com.co,Muy lenta la conexión en la bodega ,El solicitante indica que la novedad se presenta de forma intermitente desde hace tres días.,Escalado,0
TK-00595,2026-01-10,,Calidad,SOFTWARE,Baja,correo,usuario005@lafortuna.com.co,Aparece un mensaje de sesión expirada cada cinco minutos,El usuario reporta la novedad desde el inicio de la jornada y requiere solución para continuar con su labor.,REABIERTO,2
TK-00983,27/05/2026,,Contabilidad,red,media,Telefono,usuario138@lafortuna.com.co,Sin internet en el segundo piso,El usuario reporta la novedad desde el inicio de la jornada y requiere solución para continuar con su labor.,reabierto,3
TK-00003,2026-04-14,,Operaciones,Acceso,1-Alta,Mesa de ayuda,usuario159@lafortuna.com.co,No puedo entrar al sistema Centrica,Se solicita atención prioritaria porque afecta la operación del área y el cierre del periodo.,REABIERTO,1
TK-00551,18-Abr-2026,,Operaciones,Acceso,CRITICA,Telefono,usuario083@lafortuna.com.co,Se bloqueó mi usuario tras varios intentos,El caso fue reportado por teléfono y se registra para trazabilidad.,en proceso,0
TK-00476,04/05/2026,15/05/2026,Aplicaciones,Incidentes,ALTA,Formulario web,usuario079@lafortuna.com.co,Se cayó el servicio de facturación,El caso fue reportado por teléfono y se registra para trazabilidad.,Cerrado,0
TK-00850,2025-05-27,08/07/2025,Contabilidad,aplicaciones,Critica,correo,usuario180@lafortuna.com.co,La aplicación se cierra al generar el informe,Requerimiento remitido por la jefatura del área para gestión.,en proceso,0
TK-00266,27/05/2026,2026-06-12,Comercial,,alta,Formulario web,usuario020@lafortuna.com.co,Consulta general,El solicitante indica que la novedad se presenta de forma intermitente desde hace tres días.,cerrado,0
TK-01872,05-Mar-2026,06/03/2026,Aplicaciones,Acceso,Crítica,Formulario web,usuario024@lafortuna.com.co,Se bloqueó mi usuario tras varios intentos,El usuario reporta la novedad desde el inicio de la jornada y requiere solución para continuar con su labor.,cerrado,0
TK-01786,2025-07-29,2025-08-03,Aplicaciones,incidente,1-Alta,Mesa de ayuda,usuario050@lafortuna.com.co,Pérdida de información en el módulo de inventario,Se solicita atención prioritaria porque afecta la operación del área y el cierre del periodo.,cerrado,0
TK-00419,26/12/2025,,Contabilidad,compras,1-Alta,Telefono,usuario169@lafortuna.com.co,El proveedor no ha entregado lo solicitado,El solicitante indica que la novedad se presenta de forma intermitente desde hace tres días.,Reabierto,3
TK-00809,25/02/2026,24/03/2026,Infraestructura,hardware,CRITICA,correo,usuario083@lafortuna.com.co,El portátil no enciende desde ayer,El caso fue reportado por teléfono y se registra para trazabilidad.,en proceso,0
TK-00544,05/09/2025,,Operaciones,software,media,Telefono,usuario002@lafortuna.com.co,La versión instalada no coincide con la del área,Se solicita atención prioritaria porque afecta la operación del área y el cierre del periodo.,Escalado,0
TK-01853,28-Jul-2025,,Compras,Gestión de accesos,alta,Teléfono,usuario053@lafortuna.com.co,Se bloqueó mi usuario tras varios intentos,El usuario reporta la novedad desde el inicio de la jornada y requiere solución para continuar con su labor.,reabierto,1
TK-00407,04-Ene-2026,19/01/2026,Calidad,hardware,media,Mesa de ayuda,usuario137@lafortuna.com.co,Solicito reposición de diadema dañada,Se solicita atención prioritaria porque afecta la operación del área y el cierre del periodo.,en proceso,0
TK-00505,2025-10-02,25-Oct-2025,Aplicaciones,Viaticos,CRITICA,Mesa de ayuda,usuario057@lafortuna.com.co,Cuál es el monto autorizado para hospedaje,El usuario reporta la novedad desde el inicio de la jornada y requiere solución para continuar con su labor.,cerrado,0
TK-01813,2026-01-20,16/02/2026,Comercial,INCIDENTE,Critica,Teléfono,usuario154@lafortuna.com.co,Caída total del sistema en la sede principal,El solicitante indica que la novedad se presenta de forma intermitente desde hace tres días.,CERRADO,0
TK-00511,15-Jun-2025,28-Jul-2025,Operaciones,Sin clasificar,Media,formulario,usuario154@lafortuna.com.co,Consulta general,Requerimiento remitido por la jefatura del área para gestión.,REABIERTO,2
TK-01143,2026-02-28,21-Mar-2026,Contabilidad,Accesos,2-Media,Correo,usuario085@lafortuna.com.co,Me retiraron el acceso y aún trabajo en el proceso,,Escalado,0
TK-00858,23-Abr-2025,,Compras,capacitación,media,Telefono,usuario057@lafortuna.com.co,Necesito material del curso de la semana pasada,Se solicita atención prioritaria porque afecta la operación del área y el cierre del periodo.,REABIERTO,2
TK-00600,29/04/2026,,Aplicaciones,Software,Alta,Teléfono,usuario113@lafortuna.com.co,La aplicación se cierra al generar el informe,Requerimiento remitido por la jefatura del área para gestión.,reabierto,1
TK-01520,14-May-2025,,Contabilidad,Hardware,3-Baja,correo,usuario034@lafortuna.com.co,El portátil no enciende desde ayer,Requerimiento remitido por la jefatura del área para gestión.,en proceso,0
TK-01387,16/01/2026,,Infraestructura,Ordenes de compra,Baja,correo,usuario167@lafortuna.com.co,El proveedor no ha entregado lo solicitado,El solicitante indica que la novedad se presenta de forma intermitente desde hace tres días.,Escalado,0
TK-01809,05/06/2025,2025-06-15,Comercial,software,alta,formulario,usuario158@lafortuna.com.co,Necesito que instalen el visor de planos,El caso fue reportado por teléfono y se registra para trazabilidad.,Cerrado,0
TK-00455,22/12/2025,,Infraestructura,incidente,Alta,formulario,usuario063@lafortuna.com.co,Caída total del sistema en la sede principal,El usuario reporta la novedad desde el inicio de la jornada y requiere solución para continuar con su labor.,En proceso,0
TK-00828,2025-01-28,03-Mar-2025,Compras,Compras,1-Alta,formulario,usuario104@lafortuna.com.co,El proveedor no ha entregado lo solicitado,,CERRADO,0
TK-01864,2026-06-13,,Calidad,Incidentes,1-Alta,Correo,usuario064@lafortuna.com.co,Pérdida de información en el módulo de inventario,El usuario reporta la novedad desde el inicio de la jornada y requiere solución para continuar con su labor.,abierto,0
TK-00830,22/09/2025,,Operaciones,Capacitación,ALTA,correo,usuario018@lafortuna.com.co,Cuándo es la próxima inducción,El solicitante indica que la novedad se presenta de forma intermitente desde hace tres días.,en proceso,0
TK-01791,19-Jul-2025,,Operaciones,OTROS,Baja,Formulario web,usuario134@lafortuna.com.co,Requerimiento del área,El caso fue reportado por teléfono y se registra para trazabilidad.,Reabierto,1
TK-01427,2025-02-08,23-Feb-2025,Talento Humano,Incidente,2-Media,formulario,usuario008@lafortuna.com.co,Pérdida de información en el módulo de inventario,,cerrado,
TK-01607,16/01/2025,,Calidad,Equipos,2-Media,correo,usuario156@lafortuna.com.co,El teclado dejó de responder,El usuario reporta la novedad desde el inicio de la jornada y requiere solución para continuar con su labor.,abierto,0
TK-01437,19/02/2025,,Talento Humano,Nómina,3-Baja,Formulario web,usuario048@lafortuna.com.co,No me llegó el desprendible de pago,Se adjunta captura de pantalla del mensaje de error recibido.,REABIERTO,3
TK-00781,2025-12-23,,Calidad,conectividad,1-Alta,Mesa de ayuda,usuario065@lafortuna.com.co,Sin internet en el segundo piso,El usuario reporta la novedad desde el inicio de la jornada y requiere solución para continuar con su labor.,Abierto,0
TK-01919,11/01/2026,,Aplicaciones,Incidente,alta,Formulario web,usuario001@lafortuna.com.co,Los usuarios reportan lentitud generalizada,El solicitante indica que la novedad se presenta de forma intermitente desde hace tres días.,reabierto,3
TK-00998,22-Ago-2025,2025-08-24,Comercial,software,Alta,Formulario web,usuario052@lafortuna.com.co,La versión instalada no coincide con la del área,,CERRADO,1
TK-01621,2025-08-13,,Infraestructura,Nómina,3-Baja,Formulario web,usuario072@lafortuna.com.co,Error en el descuento de la quincena,Se solicita atención prioritaria porque afecta la operación del área y el cierre del periodo.,Abierto,0
TK-01547,2025-02-23,,Compras,incidente,MEDIA,Formulario web,usuario110@lafortuna.com.co,Caída total del sistema en la sede principal,El usuario reporta la novedad desde el inicio de la jornada y requiere solución para continuar con su labor.,abierto,0
TK-01394,2025-12-18,,Operaciones,otros,Alta,Teléfono,usuario113@lafortuna.com.co,Consulta general,El usuario reporta la novedad desde el inicio de la jornada y requiere solución para continuar con su labor.,abierto,0
TK-01114,03-Mar-2026,2026-03-28,Talento Humano,Gestión de accesos,baja,formulario,usuario157@lafortuna.com.co,Necesito acceso a la carpeta compartida de mi área,El caso fue reportado por teléfono y se registra para trazabilidad.,cerrado,0
TK-01043,09/07/2025,20/08/2025,Calidad,ACCESOS,1-Alta,formulario,,Me retiraron el acceso y aún trabajo en el proceso,El caso fue reportado por teléfono y se registra para trazabilidad.,CERRADO,0
TK-01406,18-Abr-2025,,Talento Humano,Gestión de accesos,Crítica,formulario,usuario109@lafortuna.com.co,No puedo entrar al sistema Centrica,El usuario reporta la novedad desde el inicio de la jornada y requiere solución para continuar con su labor.,abierto,0
TK-00532,20-Abr-2026,,,Viáticos,Baja,Mesa de ayuda,usuario079@lafortuna.com.co,Cómo legalizo los viáticos del viaje a la costa,El solicitante indica que la novedad se presenta de forma intermitente desde hace tres días.,En proceso,0
TK-01232,15/04/2025,,Comercial,Acceso,Critica,correo,usuario163@lafortuna.com.co,Necesito acceso a la carpeta compartida de mi área,El usuario reporta la novedad desde el inicio de la jornada y requiere solución para continuar con su labor.,Escalado,0
TK-01798,2026-01-05,08-Feb-2026,Calidad,nómina,Critica,formulario,usuario016@lafortuna.com.co,No me llegó el desprendible de pago,El solicitante indica que la novedad se presenta de forma intermitente desde hace tres días.,cerrado,0
TK-01644,2025-04-23,26-May-2025,Calidad,INCIDENTE,ALTA,Correo,usuario096@lafortuna.com.co,Se cayó el servicio de facturación,El caso fue reportado por teléfono y se registra para trazabilidad.,Cerrado,0
TK-01897,24/06/2026,31-Jul-2026,Contabilidad,Capacitación,ALTA,Teléfono,usuario021@lafortuna.com.co,Solicito capacitación en el módulo nuevo,El solicitante indica que la novedad se presenta de forma intermitente desde hace tres días.,Cerrado,0
TK-00339,2025-10-22,,Aplicaciones,aplicaciones,Critica,correo,usuario027@lafortuna.com.co,La versión instalada no coincide con la del área,El caso fue reportado por teléfono y se registra para trazabilidad.,Abierto,0
TK-01500,15/09/2025,27-Oct-2025,Contabilidad,accesos,Media,Mesa de ayuda,usuario112@lafortuna.com.co,Me retiraron el acceso y aún trabajo en el proceso,,REABIERTO,2
TK-00361,2026-04-13,,Contabilidad,red,Critica,correo,usuario014@lafortuna.com.co,La VPN se desconecta cada media hora,El usuario reporta la novedad desde el inicio de la jornada y requiere solución para continuar con su labor.,en proceso,0
TK-00080,2025-06-11,15-Jul-2025,Contabilidad,Software,MEDIA,Teléfono,usuario034@lafortuna.com.co,La aplicación se cierra al generar el informe,El caso fue reportado por teléfono y se registra para trazabilidad.,Cerrado,0
TK-00872,05-Jun-2025,,Infraestructura,Red,3-Baja,Formulario web,usuario033@lafortuna.com.co,Muy lenta la conexión en la bodega,El usuario reporta la novedad desde el inicio de la jornada y requiere solución para continuar con su labor.,Abierto,0
TK-00090,2025-07-12,,Compras,Gestión de accesos,Media,formulario,usuario161@lafortuna.com.co,Necesito acceso a la carpeta compartida de mi área,,En proceso,0
TK-01230,13/02/2025,,Aplicaciones,Aplicaciones,Critica,Telefono,usuario080@lafortuna.com.co,Aparece un mensaje de sesión expirada cada cinco minutos,Se adjunta captura de pantalla del mensaje de error recibido.,Abierto,0
TK-00926,22-Ene-2026,2026-02-15,Operaciones,vacaciones,1-Alta,Correo,usuario172@lafortuna.com.co,Con cuánta anticipación debo solicitar vacaciones,El caso fue reportado por teléfono y se registra para trazabilidad.,cerrado,1
TK-00340,2025-03-29,,Calidad,viáticos,2-Media,formulario,usuario161@lafortuna.com.co,Cuál es el monto autorizado para hospedaje,Se adjunta captura de pantalla del mensaje de error recibido.,En proceso,0
TK-00386,20/07/2025,,Aplicaciones,Capacitacion,Critica,Mesa de ayuda,usuario072@lafortuna.com.co,Cuándo es la próxima inducción,El caso fue reportado por teléfono y se registra para trazabilidad.,abierto,0
TK-00153,2026-01-02,,Infraestructura,Red,3-Baja,Mesa de ayuda,usuario085@lafortuna.com.co,Sin internet en el segundo piso,Requerimiento remitido por la jefatura del área para gestión.,reabierto,3
TK-00565,04-Mar-2026,,Talento Humano,Aplicaciones,2-Media,Formulario web,usuario048@lafortuna.com.co,Error al guardar el formulario de ingreso,El usuario reporta la novedad desde el inicio de la jornada y requiere solución para continuar con su labor.,Escalado,
TK-01092,15/06/2025,,Talento Humano,red,Alta,Correo,usuario156@lafortuna.com.co,No carga el sistema desde la sede sur,El caso fue reportado por teléfono y se registra para trazabilidad.,En proceso,0
TK-01243,09-Feb-2025,2025-03-04,Operaciones,conectividad,alta,correo,usuario023@lafortuna.com.co,La VPN se desconecta cada media hora,El usuario reporta la novedad desde el inicio de la jornada y requiere solución para continuar con su labor.,cerrado,1
TK-01647,2025-05-07,,Comercial,Nómina,ALTA,Teléfono,usuario128@lafortuna.com.co,Solicito certificado laboral con salario,El solicitante indica que la novedad se presenta de forma intermitente desde hace tres días.,Abierto,0
TK-01480,2025-10-16,30/10/2025,Infraestructura,vacaciones,Media,Telefono,usuario158@lafortuna.com.co,Me negaron las vacaciones solicitadas,El solicitante indica que la novedad se presenta de forma intermitente desde hace tres días.,Escalado,0
TK-01386,10/03/2026,,Contabilidad,incidente,Baja,correo,usuario126@lafortuna.com.co,Pérdida de información en el módulo de inventario,El usuario reporta la novedad desde el inicio de la jornada y requiere solución para continuar con su labor.,Reabierto,3
TK-01665,15/02/2026,,Comercial,accesos,MEDIA,correo,usuario158@lafortuna.com.co,No puedo entrar al sistema Centrica,,Abierto,0
TK-00648,09-Mar-2026,31/03/2026,Comercial,Gestion de accesos,CRITICA,Correo,,Solicito permiso al módulo de cartera,Se adjunta captura de pantalla del mensaje de error recibido.,Cerrado,0
TK-00075,2025-04-14,,Infraestructura,Otros,3-Baja,Teléfono,usuario157@lafortuna.com.co,Pendiente por definir,Requerimiento remitido por la jefatura del área para gestión.,reabierto,
TK-00916,19-Oct-2025,,Operaciones,Ordenes de compra,MEDIA,formulario,usuario072@lafortuna.com.co,El proveedor no ha entregado lo solicitado,El usuario reporta la novedad desde el inicio de la jornada y requiere solución para continuar con su labor.,Escalado,0
TK-01246,06/10/2025,,Infraestructura,informes,media,Telefono,usuario042@lafortuna.com.co,Necesito el reporte de ventas del trimestre,,Escalado,0
TK-00170,01-Jun-2026,07/07/2026,Compras,hardware,CRITICA,Mesa de ayuda,usuario064@lafortuna.com.co,El teclado dejó de responder,El caso fue reportado por teléfono y se registra para trazabilidad.,cerrado,0
TK-01233,19-Ago-2025,26-Ago-2025,Operaciones,reportes,Crítica,Correo,usuario177@lafortuna.com.co,Necesito el reporte de ventas del trimestre,Requerimiento remitido por la jefatura del área para gestión.,cerrado,0
TK-01740,2025-10-25,2025-10-31,Operaciones,Accesos,Baja,formulario,usuario111@lafortuna.com.co,Se bloqueó mi usuario tras varios intentos,Se adjunta captura de pantalla del mensaje de error recibido.,Cerrado,0
TK-01727,2025-04-22,,Comercial,vacaciones,CRITICA,formulario,usuario047@lafortuna.com.co,Me negaron las vacaciones solicitadas,El usuario reporta la novedad desde el inicio de la jornada y requiere solución para continuar con su labor.,REABIERTO,2
TK-01554,05-Feb-2025,,Compras,SOFTWARE,baja,Telefono,usuario119@lafortuna.com.co,Aparece un mensaje de sesión expirada cada cinco minutos,El caso fue reportado por teléfono y se registra para trazabilidad.,Escalado,0
TK-00353,21-Ago-2025,,Calidad,Accesos,baja,correo,usuario095@lafortuna.com.co,No puedo entrar al sistema Centrica,El solicitante indica que la novedad se presenta de forma intermitente desde hace tres días.,reabierto,1
TK-01240,2025-01-14,,Infraestructura,Gestion de accesos,Crítica,Mesa de ayuda,usuario154@lafortuna.com.co,No puedo entrar al sistema Centrica,Se adjunta captura de pantalla del mensaje de error recibido.,abierto,0
TK-01165,2025-04-16,,Talento Humano,aplicaciones,baja,correo,usuario101@lafortuna.com.co,La versión instalada no coincide con la del área,Se adjunta captura de pantalla del mensaje de error recibido.,Escalado,0
TK-00775,2026-02-18,,Compras,otros,Alta,correo,usuario071@lafortuna.com.co,Requerimiento del área,Se solicita atención prioritaria porque afecta la operación del área y el cierre del periodo.,Abierto,0
TK-01735,23-Mar-2025,31/03/2025,Compras,informes,ALTA,Correo,usuario008@lafortuna.com.co,El reporte no incluye la sede nueva,El usuario reporta la novedad desde el inicio de la jornada y requiere solución para continuar con su labor.,Cerrado,0
TK-01821,2026-05-02,,Talento Humano,Accesos,2-Media,formulario,usuario019@lafortuna.com.co,No puedo entrar al sistema Centrica,El solicitante indica que la novedad se presenta de forma intermitente desde hace tres días.,en proceso,0
TK-00060,02-May-2026,22/05/2026,Contabilidad,viaticos,Crítica,Formulario web,usuario101@lafortuna.com.co,Cuál es el monto autorizado para hospedaje,El usuario reporta la novedad desde el inicio de la jornada y requiere solución para continuar con su labor.,Reabierto,2
TK-01288,17/07/2025,,,ACCESOS,ALTA,Teléfono,usuario127@lafortuna.com.co,No puedo entrar al sistema Centrica,El usuario reporta la novedad desde el inicio de la jornada y requiere solución para continuar con su labor.,abierto,0
TK-00500,2026-05-03,,Infraestructura,vacaciones,Baja,Telefono,usuario037@lafortuna.com.co,Me negaron las vacaciones solicitadas,Se adjunta captura de pantalla del mensaje de error recibido.,en proceso,0
TK-00825,31-May-2025,,Calidad,hardware,media,Teléfono,usuario013@lafortuna.com.co,La impresora de la sede norte imprime rayada,El solicitante indica que la novedad se presenta de forma intermitente desde hace tres días.,Reabierto,3
TK-00271,2026-01-02,,Compras,Nómina,Media,Formulario web,usuario092@lafortuna.com.co,Solicito certificado laboral con salario,El solicitante indica que la novedad se presenta de forma intermitente desde hace tres días.,reabierto,1
TK-00774,2026-03-21,07/04/2026,Operaciones,red,Critica,formulario,usuario169@lafortuna.com.co,Sin internet en el segundo piso,Requerimiento remitido por la jefatura del área para gestión.,CERRADO,0
TK-01130,29/05/2026,,Operaciones,vacaciones,Media,Mesa de ayuda,usuario013@lafortuna.com.co,Cuántos días tengo acumulados,El caso fue reportado por teléfono y se registra para trazabilidad.,abierto,0
TK-00977,12-Ene-2025,,Comercial,SOFTWARE,Critica,formulario,usuario142@lafortuna.com.co,La versión instalada no coincide con la del área,El usuario reporta la novedad desde el inicio de la jornada y requiere solución para continuar con su labor.,abierto,0
TK-00429,2025-02-07,,Aplicaciones,Gestión de accesos,alta,Correo,usuario034@lafortuna.com.co,No puedo entrar al sistema Centrica,Se adjunta captura de pantalla del mensaje de error recibido.,Escalado,0
TK-01598,2026-02-15,,Comercial,nómina,baja,Formulario web,,No me llegó el desprendible de pago,El caso fue reportado por teléfono y se registra para trazabilidad.,REABIERTO,2
TK-00821,03/09/2025,,Infraestructura,Nómina,Alta,Mesa de ayuda,usuario173@lafortuna.com.co,Error en el descuento de la quincena,El usuario reporta la novedad desde el inicio de la jornada y requiere solución para continuar con su labor.,Abierto,0
TK-00878,2026-05-17,,Operaciones,hardware,ALTA,formulario,usuario126@lafortuna.com.co,Necesito un monitor adicional para el puesto,,Abierto,0
TK-00180,29/06/2026,,Talento Humano,Equipos,2-Media,formulario,usuario057@lafortuna.com.co,El portátil no enciende desde ayer,,reabierto,3
TK-01084,2025-08-09,,Calidad,Red,baja,Formulario web,usuario029@lafortuna.com.co,Sin internet en el segundo piso,El caso fue reportado por teléfono y se registra para trazabilidad.,Reabierto,3
TK-00085,04-Nov-2025,2025-11-04,Operaciones,equipos,Crítica,correo,usuario113@lafortuna.com.co,El teclado dejó de responder,El caso fue reportado por teléfono y se registra para trazabilidad.,En proceso,0
TK-01533,03/04/2025,,Operaciones,Gestión de accesos,alta,Teléfono,,Se bloqueó mi usuario tras varios intentos,Requerimiento remitido por la jefatura del área para gestión.,REABIERTO,
TK-01771,23-Oct-2025,,Compras,Ordenes de compra,MEDIA,Mesa de ayuda,usuario019@lafortuna.com.co,Estado de la orden de compra 4471,Requerimiento remitido por la jefatura del área para gestión.,abierto,0
TK-01272,18/06/2026,2026-06-28,Infraestructura,nómina,Baja,formulario,usuario126@lafortuna.com.co,Diferencia en el pago de horas extras,El solicitante indica que la novedad se presenta de forma intermitente desde hace tres días.,En proceso,0
TK-01507,26-Oct-2025,,Calidad,hardware,Baja,Formulario web,usuario016@lafortuna.com.co,El teclado dejó de responder,,REABIERTO,3
TK-01202,09/02/2026,,Compras,Software,Crítica,correo,usuario011@lafortuna.com.co,La versión instalada no coincide con la del área,,reabierto,3
TK-00677,25-Ene-2026,2026-02-16,Operaciones,Equipos,1-Alta,Formulario web,usuario012@lafortuna.com.co,Necesito un monitor adicional para el puesto,El usuario reporta la novedad desde el inicio de la jornada y requiere solución para continuar con su labor.,en proceso,0
TK-01934,26/02/2026,,Contabilidad,Ordenes de compra,Crítica,Mesa de ayuda,usuario010@lafortuna.com.co,Estado de la orden de compra 4471,Requerimiento remitido por la jefatura del área para gestión.,Reabierto,1
TK-01938,28-Abr-2025,,Comercial,aplicaciones,baja,correo,usuario179@lafortuna.com.co,La aplicación se cierra al generar el informe,Se adjunta captura de pantalla del mensaje de error recibido.,abierto,0
TK-01538,2025-08-26,,Operaciones,compras,alta,Telefono,usuario077@lafortuna.com.co,El proveedor no ha entregado lo solicitado,Requerimiento remitido por la jefatura del área para gestión.,abierto,0
TK-00934,04/08/2025,07/08/2025,Contabilidad,equipos,ALTA,Telefono,usuario018@lafortuna.com.co,El portátil no enciende desde ayer,El solicitante indica que la novedad se presenta de forma intermitente desde hace tres días.,CERRADO,0
TK-01824,2025-06-10,,Infraestructura,Otros,alta,Formulario web,usuario080@lafortuna.com.co,Solicitud varias,El caso fue reportado por teléfono y se registra para trazabilidad.,Escalado,0
TK-00479,20-Abr-2025,,Operaciones,Conectividad,3-Baja,formulario,usuario127@lafortuna.com.co,La VPN se desconecta cada media hora,El usuario reporta la novedad desde el inicio de la jornada y requiere solución para continuar con su labor.,Abierto,0
TK-01742,11/06/2026,,Comercial,Incidente,media,formulario,usuario057@lafortuna.com.co,Caída total del sistema en la sede principal,El solicitante indica que la novedad se presenta de forma intermitente desde hace tres días.,Reabierto,3
TK-01706,2025-05-29,,Calidad,capacitación,3-Baja,Teléfono,usuario001@lafortuna.com.co,Necesito material del curso de la semana pasada,El solicitante indica que la novedad se presenta de forma intermitente desde hace tres días.,abierto,0
TK-00753,12/02/2025,,Infraestructura,vacaciones,MEDIA,Telefono,usuario082@lafortuna.com.co,Me negaron las vacaciones solicitadas,Requerimiento remitido por la jefatura del área para gestión.,en proceso,0
TK-00334,2025-11-14,,Operaciones,RED,CRITICA,Mesa de ayuda,usuario111@lafortuna.com.co,Sin internet en el segundo piso,El usuario reporta la novedad desde el inicio de la jornada y requiere solución para continuar con su labor.,Abierto,0
TK-00963,13/06/2025,18-Jul-2025,Operaciones,Informes,Baja,Correo,usuario022@lafortuna.com.co,Necesito el reporte de ventas del trimestre,El solicitante indica que la novedad se presenta de forma intermitente desde hace tres días.,Reabierto,1
TK-00958,19/11/2025,,Operaciones,capacitacion,Crítica,Mesa de ayuda,usuario035@lafortuna.com.co,Cuándo es la próxima inducción,El usuario reporta la novedad desde el inicio de la jornada y requiere solución para continuar con su labor.,Escalado,0
TK-00723,22-Abr-2025,04-May-2025,Comercial,Capacitacion,Alta,Telefono,usuario067@lafortuna.com.co,Cuándo es la próxima inducción,El caso fue reportado por teléfono y se registra para trazabilidad.,CERRADO,1
TK-00727,15-Jun-2025,,Aplicaciones,Incidentes,alta,Mesa de ayuda,usuario037@lafortuna.com.co,Los usuarios reportan lentitud generalizada,El caso fue reportado por teléfono y se registra para trazabilidad.,reabierto,3
TK-00046,27/02/2026,,,OTROS,ALTA,Correo,usuario098@lafortuna.com.co,Requerimiento del área,,Abierto,0
TK-00319,24/10/2025,,,vacaciones,media,Telefono,usuario173@lafortuna.com.co,Cuántos días tengo acumulados,Se solicita atención prioritaria porque afecta la operación del área y el cierre del periodo.,REABIERTO,3
TK-00557,2025-09-04,,Comercial,Ordenes de compra,1-Alta,Telefono,usuario009@lafortuna.com.co,Necesito cotización para equipos de la bodega,Requerimiento remitido por la jefatura del área para gestión.,Abierto,0
TK-00212,06-Abr-2025,,Aplicaciones,Acceso,Media,Formulario web,usuario159@lafortuna.com.co,Solicito permiso al módulo de cartera,El caso fue reportado por teléfono y se registra para trazabilidad.,Reabierto,3
TK-01203,04-May-2026,,Talento Humano,nómina,media,Formulario web,usuario111@lafortuna.com.co,Diferencia en el pago de horas extras,El solicitante indica que la novedad se presenta de forma intermitente desde hace tres días.,abierto,0
TK-01124,19/10/2025,,Comercial,hardware,ALTA,Teléfono,usuario097@lafortuna.com.co,El portátil no enciende desde ayer,Requerimiento remitido por la jefatura del área para gestión.,Escalado,0
TK-01722,15-Feb-2025,,Operaciones,Gestión de accesos,Crítica,Correo,usuario119@lafortuna.com.co,Se bloqueó mi usuario tras varios intentos,El caso fue reportado por teléfono y se registra para trazabilidad.,Escalado,0
TK-00681,27/06/2025,,Comercial,HARDWARE,Crítica,Correo,usuario065@lafortuna.com.co,La impresora de la sede norte imprime rayada,El usuario reporta la novedad desde el inicio de la jornada y requiere solución para continuar con su labor.,en proceso,0
TK-01256,21/06/2025,11/07/2025,Comercial,viáticos,3-Baja,Telefono,usuario052@lafortuna.com.co,Necesito anticipo para comisión,Se solicita atención prioritaria porque afecta la operación del área y el cierre del periodo.,cerrado,0
TK-01465,04-Mar-2026,,Comercial,informes,Baja,correo,usuario128@lafortuna.com.co,El informe muestra cifras distintas al sistema,Requerimiento remitido por la jefatura del área para gestión.,REABIERTO,3
TK-01782,23/01/2026,16/02/2026,Compras,aplicaciones,Baja,Mesa de ayuda,,Aparece un mensaje de sesión expirada cada cinco minutos,,reabierto,1
TK-00880,2025-04-10,,Operaciones,Informes,media,Correo,usuario059@lafortuna.com.co,El informe muestra cifras distintas al sistema,Se adjunta captura de pantalla del mensaje de error recibido.,REABIERTO,3
TK-01571,13-Jun-2026,,Infraestructura,Reportes,baja,Correo,usuario013@lafortuna.com.co,El reporte no incluye la sede nueva,Requerimiento remitido por la jefatura del área para gestión.,Abierto,0
TK-01796,2026-06-28,08-Ago-2026,Calidad,Incidentes,Alta,Teléfono,usuario061@lafortuna.com.co,Los usuarios reportan lentitud generalizada,Requerimiento remitido por la jefatura del área para gestión.,Cerrado,0
TK-00918,11-Abr-2026,08-May-2026,,INCIDENTE,Media,Telefono,usuario062@lafortuna.com.co,Se cayó el servicio de facturación,Se adjunta captura de pantalla del mensaje de error recibido.,CERRADO,0
TK-00363,27-Nov-2025,,Contabilidad,ACCESOS,Alta,Formulario web,usuario017@lafortuna.com.co,Necesito acceso a la carpeta compartida de mi área,Se solicita atención prioritaria porque afecta la operación del área y el cierre del periodo.,Reabierto,
TK-01099,30-Abr-2026,,Comercial,viáticos,2-Media,Correo,usuario161@lafortuna.com.co,No me han reembolsado los gastos del mes pasado,,abierto,0
TK-00533,21/03/2026,,Talento Humano,Red,2-Media,Mesa de ayuda,usuario135@lafortuna.com.co,La VPN se desconecta cada media hora,Se solicita atención prioritaria porque afecta la operación del área y el cierre del periodo.,Reabierto,1
TK-01449,2025-11-22,2025-12-16,Operaciones,Software,Critica,Mesa de ayuda,usuario018@lafortuna.com.co,La aplicación se cierra al generar el informe,El caso fue reportado por teléfono y se registra para trazabilidad.,cerrado,0
TK-01737,2025-12-14,,Operaciones,otros,Critica,Teléfono,usuario031@lafortuna.com.co,Solicitud varias,Requerimiento remitido por la jefatura del área para gestión.,en proceso,0
TK-01435,2025-09-16,,Compras,red,MEDIA,Teléfono,usuario152@lafortuna.com.co,No carga el sistema desde la sede sur,El solicitante indica que la novedad se presenta de forma intermitente desde hace tres días.,reabierto,3
TK-00748,15/12/2025,,Infraestructura,Software,Critica,correo,usuario147@lafortuna.com.co,La aplicación se cierra al generar el informe,Requerimiento remitido por la jefatura del área para gestión.,en proceso,0
TK-01649,2026-03-04,,Talento Humano,Informes,ALTA,Mesa de ayuda,usuario092@lafortuna.com.co,Necesito el reporte de ventas del trimestre,El caso fue reportado por teléfono y se registra para trazabilidad.,Abierto,0
TK-00276,2025-01-18,,Contabilidad,Incidentes,media,Mesa de ayuda,usuario028@lafortuna.com.co,Los usuarios reportan lentitud generalizada,Se adjunta captura de pantalla del mensaje de error recibido.,reabierto,1
TK-00846,26-May-2026,10-Jun-2026,Operaciones,Viáticos,media,Mesa de ayuda,usuario080@lafortuna.com.co,Cómo legalizo los viáticos del viaje a la costa,El usuario reporta la novedad desde el inicio de la jornada y requiere solución para continuar con su labor.,Cerrado,0
TK-01795,09/05/2025,,Compras,aplicaciones,Crítica,formulario,usuario006@lafortuna.com.co,Aparece un mensaje de sesión expirada cada cinco minutos,,Abierto,0
TK-00308,01-Dic-2025,,Comercial,RED,Baja,formulario,usuario180@lafortuna.com.co,Sin internet en el segundo piso,Se adjunta captura de pantalla del mensaje de error recibido.,En proceso,0
TK-01376,27-Abr-2026,,Compras,Vacaciones,2-Media,Correo,usuario043@lafortuna.com.co,Me negaron las vacaciones solicitadas,,REABIERTO,1
TK-00943,28-May-2025,,Compras,VACACIONES,alta,Formulario web,usuario139@lafortuna.com.co,Me negaron las vacaciones solicitadas,El caso fue reportado por teléfono y se registra para trazabilidad.,reabierto,
TK-00027,11-Oct-2025,2025-11-04,Compras,Nómina,ALTA,formulario,usuario111@lafortuna.com.co,Error en el descuento de la quincena,El usuario reporta la novedad desde el inicio de la jornada y requiere solución para continuar con su labor.,Reabierto,3
TK-01958,12/01/2025,,Talento Humano,hardware,Alta,Correo,,El teclado dejó de responder,El solicitante indica que la novedad se presenta de forma intermitente desde hace tres días.,Abierto,0
TK-00270,2025-12-24,29/01/2026,Comercial,Software,ALTA,Mesa de ayuda,usuario179@lafortuna.com.co,La versión instalada no coincide con la del área,Se solicita atención prioritaria porque afecta la operación del área y el cierre del periodo.,Cerrado,0
TK-01950,15/02/2025,2025-03-19,Compras,Otros,MEDIA,Telefono,,Requerimiento del área,El usuario reporta la novedad desde el inicio de la jornada y requiere solución para continuar con su labor.,CERRADO,0
TK-00225,2026-05-18,,Operaciones,Aplicaciones,alta,Telefono,usuario054@lafortuna.com.co,Necesito que instalen el visor de planos,El caso fue reportado por teléfono y se registra para trazabilidad.,Reabierto,3
TK-00987,30/01/2025,01/03/2025,Calidad,Compras,Media,Mesa de ayuda,usuario134@lafortuna.com.co,Estado de la orden de compra 4471,El solicitante indica que la novedad se presenta de forma intermitente desde hace tres días.,cerrado,0
TK-00660,2026-05-19,,Operaciones,Accesos,Critica,Teléfono,usuario110@lafortuna.com.co,Solicito permiso al módulo de cartera,Se adjunta captura de pantalla del mensaje de error recibido.,reabierto,2
TK-00883,2026-05-22,,Calidad,ACCESOS,Alta,formulario,usuario069@lafortuna.com.co,Se bloqueó mi usuario tras varios intentos,Requerimiento remitido por la jefatura del área para gestión.,Abierto,0
TK-01930,2025-06-12,2025-07-12,Calidad,Gestión de accesos,alta,correo,,Se bloqueó mi usuario tras varios intentos,Se solicita atención prioritaria porque afecta la operación del área y el cierre del periodo.,CERRADO,0
TK-01660,2026-01-12,2026-02-09,Infraestructura,Hardware,ALTA,formulario,usuario036@lafortuna.com.co,Solicito reposición de diadema dañada,El caso fue reportado por teléfono y se registra para trazabilidad.,CERRADO,0
TK-00611,05-Dic-2025,,Compras,HARDWARE,Baja,correo,usuario127@lafortuna.com.co,Solicito reposición de diadema dañada,Se solicita atención prioritaria porque afecta la operación del área y el cierre del periodo.,Abierto,0
TK-01629,19/09/2025,,Aplicaciones,Accesos,Crítica,Correo,usuario171@lafortuna.com.co,No puedo entrar al sistema Centrica,El usuario reporta la novedad desde el inicio de la jornada y requiere solución para continuar con su labor.,Reabierto,1
TK-00135,11/02/2026,2026-02-13,Calidad,reportes,Media,formulario,usuario138@lafortuna.com.co,El informe muestra cifras distintas al sistema,Se solicita atención prioritaria porque afecta la operación del área y el cierre del periodo.,Cerrado,1
TK-00411,24-Dic-2025,,Contabilidad,Otros,CRITICA,Teléfono,usuario057@lafortuna.com.co,Requerimiento del área,Se solicita atención prioritaria porque afecta la operación del área y el cierre del periodo.,REABIERTO,2
TK-01669,19-Feb-2025,2025-02-19,Calidad,accesos,Critica,Formulario web,usuario058@lafortuna.com.co,Me retiraron el acceso y aún trabajo en el proceso,Se solicita atención prioritaria porque afecta la operación del área y el cierre del periodo.,CERRADO,0
TK-01631,2026-03-26,,Aplicaciones,ACCESOS,Critica,formulario,usuario117@lafortuna.com.co,Necesito acceso a la carpeta compartida de mi área,El usuario reporta la novedad desde el inicio de la jornada y requiere solución para continuar con su labor.,en proceso,0
TK-01878,17-Mar-2026,2026-03-26,Comercial,reportes,Alta,formulario,usuario090@lafortuna.com.co,El reporte no incluye la sede nueva,El usuario reporta la novedad desde el inicio de la jornada y requiere solución para continuar con su labor.,Cerrado,0
TK-00070,12-Abr-2026,17/04/2026,Calidad,equipos,MEDIA,formulario,usuario177@lafortuna.com.co,Solicito reposición de diadema dañada,Requerimiento remitido por la jefatura del área para gestión.,Cerrado,0
TK-00503,20/09/2025,,Comercial,accesos,ALTA,Correo,usuario059@lafortuna.com.co,Solicito permiso al módulo de cartera,El caso fue reportado por teléfono y se registra para trazabilidad.,Reabierto,2
TK-01664,2026-03-31,07/04/2026,Operaciones,Hardware,media,Mesa de ayuda,usuario030@lafortuna.com.co,El portátil no enciende desde ayer,,En proceso,0
TK-00520,22/04/2026,,Operaciones,ACCESOS,1-Alta,Formulario web,usuario120@lafortuna.com.co,Se bloqueó mi usuario tras varios intentos,El caso fue reportado por teléfono y se registra para trazabilidad.,Reabierto,2
TK-01915,03-Dic-2025,16-Ene-2026,Infraestructura,Aplicaciones,Media,correo,,Aparece un mensaje de sesión expirada cada cinco minutos,Se adjunta captura de pantalla del mensaje de error recibido.,CERRADO,0
TK-01396,2025-07-21,,Contabilidad,Viaticos,Crítica,Correo,usuario052@lafortuna.com.co,Necesito anticipo para comisión,,en proceso,0
TK-00330,22-Feb-2026,,Calidad,Órdenes de compra,CRITICA,formulario,usuario025@lafortuna.com.co,Cómo registro un proveedor nuevo,El caso fue reportado por teléfono y se registra para trazabilidad.,Abierto,0
TK-00360,15-Feb-2026,,Compras,Compras,MEDIA,Mesa de ayuda,usuario111@lafortuna.com.co,Estado de la orden de compra 4471,,en proceso,0
TK-01204,25/11/2025,,Infraestructura,Órdenes de compra,CRITICA,correo,usuario081@lafortuna.com.co,Necesito cotización para equipos de la bodega,Se solicita atención prioritaria porque afecta la operación del área y el cierre del periodo.,Escalado,0
TK-01351,11-Dic-2025,,Talento Humano,vacaciones,Media,Correo,usuario137@lafortuna.com.co,Puedo dividir mis vacaciones en dos periodos,,abierto,0
TK-00112,05-Jun-2026,2026-07-20,Comercial,nómina,Alta,formulario,usuario134@lafortuna.com.co,Diferencia en el pago de horas extras,Se solicita atención prioritaria porque afecta la operación del área y el cierre del periodo.,cerrado,0
TK-00714,09-Mar-2025,,Compras,incidente,Alta,Teléfono,usuario170@lafortuna.com.co,Se cayó el servicio de facturación,Se adjunta captura de pantalla del mensaje de error recibido.,Abierto,0
TK-01678,02-Feb-2026,,Operaciones,OTROS,Media,Mesa de ayuda,usuario172@lafortuna.com.co,Consulta general,El caso fue reportado por teléfono y se registra para trazabilidad.,en proceso,0
TK-01034,14-Jul-2025,04/08/2025,Contabilidad,reportes,baja,Mesa de ayuda,usuario110@lafortuna.com.co,El reporte no incluye la sede nueva,El usuario reporta la novedad desde el inicio de la jornada y requiere solución para continuar con su labor.,CERRADO,0
TK-01717,2026-03-03,10/03/2026,Compras,Órdenes de compra,baja,Correo,usuario061@lafortuna.com.co,Estado de la orden de compra 4471,Se adjunta captura de pantalla del mensaje de error recibido.,cerrado,1
TK-01818,2025-01-08,,Calidad,Software,media,correo,usuario038@lafortuna.com.co,Necesito que instalen el visor de planos,Se solicita atención prioritaria porque afecta la operación del área y el cierre del periodo.,REABIERTO,2
TK-00645,05/05/2026,2026-05-23,Calidad,Acceso,2-Media,Telefono,,Solicito permiso al módulo de cartera,,Cerrado,0
TK-00145,10/01/2025,12/02/2025,,Red,Crítica,Correo,usuario010@lafortuna.com.co,No carga el sistema desde la sede sur,El solicitante indica que la novedad se presenta de forma intermitente desde hace tres días.,CERRADO,0
TK-00297,06/07/2025,,Talento Humano,Incidentes,media,Mesa de ayuda,usuario174@lafortuna.com.co,Caída total del sistema en la sede principal,,En proceso,
TK-01001,06/02/2026,15/03/2026,Calidad,Software,alta,Correo,usuario170@lafortuna.com.co,Necesito que instalen el visor de planos,El solicitante indica que la novedad se presenta de forma intermitente desde hace tres días.,REABIERTO,1
TK-00095,06/05/2026,,Comercial,Accesos,alta,formulario,,No puedo entrar al sistema Centrica,Se solicita atención prioritaria porque afecta la operación del área y el cierre del periodo.,abierto,0
TK-00887,27-Jul-2025,,Compras,compras,2-Media,Correo,usuario116@lafortuna.com.co,Cómo registro un proveedor nuevo,,abierto,0
TK-00508,14/01/2026,2026-02-20,Comercial,Hardware,alta,Correo,usuario028@lafortuna.com.co,Solicito reposición de diadema dañada,Se adjunta captura de pantalla del mensaje de error recibido.,Cerrado,0
TK-00550,18-Sep-2025,,Aplicaciones,Red,CRITICA,Mesa de ayuda,,La VPN se desconecta cada media hora,El caso fue reportado por teléfono y se registra para trazabilidad.,REABIERTO,2
TK-00518,23/05/2025,27/05/2025,Comercial,INCIDENTE,media,Telefono,usuario122@lafortuna.com.co,Los usuarios reportan lentitud generalizada,El solicitante indica que la novedad se presenta de forma intermitente desde hace tres días.,CERRADO,0
TK-00859,03/03/2026,,Calidad,red,Crítica,Telefono,usuario162@lafortuna.com.co,Sin internet en el segundo piso,Requerimiento remitido por la jefatura del área para gestión.,abierto,0
TK-00083,2025-04-10,,Operaciones,Viáticos,3-Baja,Teléfono,usuario001@lafortuna.com.co,Cuál es el monto autorizado para hospedaje,,Reabierto,1
TK-00035,09/11/2025,09-Dic-2025,Talento Humano,Acceso,1-Alta,Teléfono,usuario133@lafortuna.com.co,Necesito acceso a la carpeta compartida de mi área,El usuario reporta la novedad desde el inicio de la jornada y requiere solución para continuar con su labor.,CERRADO,0
TK-01275,08-Jun-2026,2026-07-18,Contabilidad,Aplicaciones,alta,correo,usuario149@lafortuna.com.co,La versión instalada no coincide con la del área,Se adjunta captura de pantalla del mensaje de error recibido.,Cerrado,
TK-00137,24/02/2026,,Operaciones,nómina,media,Teléfono,usuario078@lafortuna.com.co,Diferencia en el pago de horas extras,El solicitante indica que la novedad se presenta de forma intermitente desde hace tres días.,En proceso,0
TK-01227,11/05/2025,07-Jun-2025,Talento Humano,Sin clasificar,CRITICA,Correo,usuario034@lafortuna.com.co,Pendiente por definir,,Cerrado,0
TK-01913,05-Feb-2025,,Talento Humano,NOMINA,Media,formulario,usuario079@lafortuna.com.co,No me llegó el desprendible de pago,El usuario reporta la novedad desde el inicio de la jornada y requiere solución para continuar con su labor.,En proceso,0
TK-00635,2026-05-08,,Comercial,Software,CRITICA,Correo,usuario055@lafortuna.com.co,Error al guardar el formulario de ingreso,El solicitante indica que la novedad se presenta de forma intermitente desde hace tres días.,Reabierto,3
TK-00709,27-May-2025,,Contabilidad,Equipos,alta,Formulario web,usuario049@lafortuna.com.co,El portátil no enciende desde ayer,El solicitante indica que la novedad se presenta de forma intermitente desde hace tres días.,Escalado,0
TK-00906,2025-01-04,2025-01-09,Contabilidad,Capacitacion,Alta,formulario,usuario161@lafortuna.com.co,Cuándo es la próxima inducción,Se solicita atención prioritaria porque afecta la operación del área y el cierre del periodo.,Cerrado,0
TK-01339,23/12/2025,,Talento Humano,ACCESOS,MEDIA,formulario,usuario016@lafortuna.com.co,Se bloqueó mi usuario tras varios intentos,Se solicita atención prioritaria porque afecta la operación del área y el cierre del periodo.,abierto,
TK-00895,2025-06-04,,Aplicaciones,SOFTWARE,Critica,Correo,usuario130@lafortuna.com.co,Error al guardar el formulario de ingreso,Se solicita atención prioritaria porque afecta la operación del área y el cierre del periodo.,Escalado,0
TK-00584,2025-05-04,,Operaciones,ACCESOS,Media,Correo,,Solicito permiso al módulo de cartera,Requerimiento remitido por la jefatura del área para gestión.,abierto,0
TK-00348,2026-05-02,,Infraestructura,Gestion de accesos,2-Media,Formulario web,usuario009@lafortuna.com.co,Necesito acceso a la carpeta compartida de mi área,El caso fue reportado por teléfono y se registra para trazabilidad.,Abierto,0
TK-00437,2025-02-23,23-Feb-2025,Contabilidad,viaticos,2-Media,Correo,usuario011@lafortuna.com.co,Necesito anticipo para comisión,,REABIERTO,2
TK-00236,2025-04-30,,Infraestructura,OTROS,alta,Mesa de ayuda,usuario164@lafortuna.com.co,Pendiente por definir,,Escalado,0
TK-01499,05/07/2025,,Operaciones,nómina,2-Media,Correo,usuario008@lafortuna.com.co,Solicito certificado laboral con salario,El caso fue reportado por teléfono y se registra para trazabilidad.,abierto,0
TK-00820,06/09/2025,,Talento Humano,Acceso,3-Baja,Teléfono,usuario092@lafortuna.com.co,Necesito acceso a la carpeta compartida de mi área,Se solicita atención prioritaria porque afecta la operación del área y el cierre del periodo.,Abierto,0
TK-01278,2026-03-27,,Comercial,Acceso,3-Baja,correo,usuario053@lafortuna.com.co,Me retiraron el acceso y aún trabajo en el proceso,El solicitante indica que la novedad se presenta de forma intermitente desde hace tres días.,En proceso,0
TK-01428,03/12/2025,,Calidad,reportes,baja,Formulario web,usuario016@lafortuna.com.co,El informe muestra cifras distintas al sistema,Requerimiento remitido por la jefatura del área para gestión.,Escalado,0
TK-01528,14/11/2025,,Compras,red,alta,Formulario web,usuario119@lafortuna.com.co,No carga el sistema desde la sede sur,El usuario reporta la novedad desde el inicio de la jornada y requiere solución para continuar con su labor.,abierto,
TK-00442,22-Nov-2025,,Aplicaciones,viaticos,ALTA,Telefono,usuario006@lafortuna.com.co,Necesito anticipo para comisión,Se adjunta captura de pantalla del mensaje de error recibido.,abierto,0
TK-01065,02/08/2025,,Talento Humano,Capacitación,3-Baja,Formulario web,usuario086@lafortuna.com.co,Solicito capacitación en el módulo nuevo,,Escalado,0
TK-00242,23/02/2025,,Compras,Vacaciones,2-Media,Correo,usuario166@lafortuna.com.co,Puedo dividir mis vacaciones en dos periodos,El solicitante indica que la novedad se presenta de forma intermitente desde hace tres días.,en proceso,0
TK-01866,24-Feb-2026,,Calidad,hardware,2-Media,correo,usuario109@lafortuna.com.co,La impresora de la sede norte imprime rayada,Requerimiento remitido por la jefatura del área para gestión.,abierto,0
TK-00352,04/09/2025,,Contabilidad,Hardware,2-Media,Mesa de ayuda,usuario165@lafortuna.com.co,Necesito un monitor adicional para el puesto,El solicitante indica que la novedad se presenta de forma intermitente desde hace tres días.,En proceso,
TK-00869,2025-09-28,,Talento Humano,Gestion de accesos,2-Media,correo,usuario019@lafortuna.com.co,Necesito acceso a la carpeta compartida de mi área,Se solicita atención prioritaria porque afecta la operación del área y el cierre del periodo.,REABIERTO,3
TK-01694,07-May-2026,19/06/2026,Talento Humano,Red,3-Baja,correo,usuario139@lafortuna.com.co,No carga el sistema desde la sede sur,,reabierto,3
TK-01880,27-Dic-2025,09-Ene-2026,Operaciones,ACCESOS,Baja,Telefono,usuario047@lafortuna.com.co,Necesito acceso a la carpeta compartida de mi área,Se solicita atención prioritaria porque afecta la operación del área y el cierre del periodo.,Cerrado,0
TK-00286,07-Nov-2025,,Infraestructura,NOMINA,CRITICA,Mesa de ayuda,,Error en el descuento de la quincena,El solicitante indica que la novedad se presenta de forma intermitente desde hace tres días.,reabierto,1
TK-00937,2025-12-10,10-Dic-2025,Comercial,capacitación,MEDIA,Correo,usuario175@lafortuna.com.co,Cuándo es la próxima inducción,Se adjunta captura de pantalla del mensaje de error recibido.,cerrado,0
TK-00394,2025-09-10,,Calidad,Equipos,3-Baja,Teléfono,usuario131@lafortuna.com.co,Solicito reposición de diadema dañada,El solicitante indica que la novedad se presenta de forma intermitente desde hace tres días.,REABIERTO,1
TK-01799,09-Feb-2025,,Calidad,Reportes,Critica,Formulario web,usuario034@lafortuna.com.co,El reporte no incluye la sede nueva,Requerimiento remitido por la jefatura del área para gestión.,en proceso,0
TK-01539,2026-05-04,,Talento Humano,Compras,Baja,correo,usuario050@lafortuna.com.co,Necesito cotización para equipos de la bodega,Se solicita atención prioritaria porque afecta la operación del área y el cierre del periodo.,En proceso,0
TK-01899,30-Ago-2025,14-Oct-2025,Infraestructura,OTROS,MEDIA,Mesa de ayuda,usuario055@lafortuna.com.co,Pendiente por definir,Requerimiento remitido por la jefatura del área para gestión.,Cerrado,0
TK-01486,04/06/2025,,Aplicaciones,aplicaciones,media,Correo,usuario005@lafortuna.com.co,La versión instalada no coincide con la del área,Requerimiento remitido por la jefatura del área para gestión.,REABIERTO,3
TK-00142,08-Mar-2025,,Aplicaciones,Aplicaciones,3-Baja,Telefono,,La versión instalada no coincide con la del área,Requerimiento remitido por la jefatura del área para gestión.,en proceso,0
TK-01329,2025-12-18,,Comercial,ACCESOS,2-Media,Telefono,usuario052@lafortuna.com.co,Necesito acceso a la carpeta compartida de mi área,Se adjunta captura de pantalla del mensaje de error recibido.,REABIERTO,1
TK-01611,2026-02-13,,Talento Humano,Software,baja,Teléfono,usuario178@lafortuna.com.co,Error al guardar el formulario de ingreso,,Reabierto,3
TK-01380,2026-05-28,,Operaciones,red,MEDIA,correo,usuario056@lafortuna.com.co,La VPN se desconecta cada media hora,El caso fue reportado por teléfono y se registra para trazabilidad.,REABIERTO,3
TK-00982,24/01/2026,,Aplicaciones,CAPACITACIÓN,ALTA,Correo,usuario150@lafortuna.com.co,Necesito material del curso de la semana pasada ,El usuario reporta la novedad desde el inicio de la jornada y requiere solución para continuar con su labor.,Reabierto,1
TK-01219,2025-01-09,,Operaciones,nómina,media,formulario,usuario043@lafortuna.com.co,Solicito certificado laboral con salario,Se adjunta captura de pantalla del mensaje de error recibido.,Abierto,0
TK-01248,04/07/2025,,Contabilidad,Ordenes de compra,CRITICA,Telefono,usuario156@lafortuna.com.co,Estado de la orden de compra 4471,El usuario reporta la novedad desde el inicio de la jornada y requiere solución para continuar con su labor.,REABIERTO,1
TK-01398,14-Mar-2026,,Comercial,nómina,CRITICA,Formulario web,usuario145@lafortuna.com.co,Solicito certificado laboral con salario,,REABIERTO,2
TK-00582,28-Feb-2025,,,Hardware,alta,Correo,usuario136@lafortuna.com.co,El portátil no enciende desde ayer,,Escalado,
TK-00496,09/06/2026,,Talento Humano,software,2-Media,correo,usuario009@lafortuna.com.co,Aparece un mensaje de sesión expirada cada cinco minutos,Se adjunta captura de pantalla del mensaje de error recibido.,reabierto,3
TK-00860,08-Feb-2025,,Contabilidad,SOFTWARE,Media,Mesa de ayuda,usuario029@lafortuna.com.co,Error al guardar el formulario de ingreso,El usuario reporta la novedad desde el inicio de la jornada y requiere solución para continuar con su labor.,Abierto,0
TK-00380,21-Sep-2025,04-Oct-2025,Aplicaciones,vacaciones,ALTA,formulario,usuario077@lafortuna.com.co,Cuántos días tengo acumulados,El usuario reporta la novedad desde el inicio de la jornada y requiere solución para continuar con su labor.,cerrado,0
TK-00854,04/02/2026,,Infraestructura,VACACIONES,baja,Teléfono,usuario129@lafortuna.com.co,Cuántos días tengo acumulados,El solicitante indica que la novedad se presenta de forma intermitente desde hace tres días.,Abierto,0
TK-00136,04/01/2026,2026-02-12,Infraestructura,otros,Crítica,formulario,usuario163@lafortuna.com.co,Consulta general,El solicitante indica que la novedad se presenta de forma intermitente desde hace tres días.,REABIERTO,3
TK-01215,18/04/2025,,Talento Humano,Equipos,ALTA,correo,usuario033@lafortuna.com.co,El teclado dejó de responder,,Abierto,0
TK-01196,08/02/2025,,Infraestructura,,CRITICA,Telefono,usuario056@lafortuna.com.co,Requerimiento del área,Requerimiento remitido por la jefatura del área para gestión.,en proceso,0
TK-01197,22-Mar-2026,,Operaciones,informes,Baja,correo,usuario096@lafortuna.com.co,El informe muestra cifras distintas al sistema,El solicitante indica que la novedad se presenta de forma intermitente desde hace tres días.,Abierto,0
TK-01161,24-Jun-2026,,Contabilidad,Gestion de accesos,Baja,Mesa de ayuda,usuario151@lafortuna.com.co,Solicito permiso al módulo de cartera,El caso fue reportado por teléfono y se registra para trazabilidad.,en proceso,0
TK-00306,23-Ene-2025,,Contabilidad,Gestión de accesos,Media,Mesa de ayuda,usuario173@lafortuna.com.co,Necesito acceso a la carpeta compartida de mi área,Requerimiento remitido por la jefatura del área para gestión.,Escalado,0
TK-01122,28/01/2025,17-Feb-2025,Talento Humano,Otros,Alta,formulario,usuario156@lafortuna.com.co,Consulta general,El caso fue reportado por teléfono y se registra para trazabilidad.,Cerrado,1
TK-00120,2025-05-06,,Compras,Equipos,3-Baja,formulario,usuario038@lafortuna.com.co,El teclado dejó de responder,El solicitante indica que la novedad se presenta de forma intermitente desde hace tres días.,reabierto,2
TK-00475,16/01/2026,22/02/2026,Compras,Vacaciones,Critica,Telefono,usuario115@lafortuna.com.co,Con cuánta anticipación debo solicitar vacaciones,El caso fue reportado por teléfono y se registra para trazabilidad.,Cerrado,0
TK-00291,17/09/2025,,Infraestructura,Nomina,1-Alta,Telefono,usuario035@lafortuna.com.co,Error en el descuento de la quincena,Se solicita atención prioritaria porque afecta la operación del área y el cierre del periodo.,REABIERTO,1
TK-01128,05-Nov-2025,,Talento Humano,Sin clasificar,baja,Teléfono,usuario009@lafortuna.com.co,Pendiente por definir,Se solicita atención prioritaria porque afecta la operación del área y el cierre del periodo.,En proceso,0
TK-00707,2026-04-11,2026-05-03,Compras,Vacaciones,Critica,Mesa de ayuda,usuario155@lafortuna.com.co,Cuántos días tengo acumulados,El caso fue reportado por teléfono y se registra para trazabilidad.,Cerrado,0
TK-01142,03/01/2025,,Infraestructura,Accesos,Alta,Teléfono,usuario001@lafortuna.com.co,Se bloqueó mi usuario tras varios intentos,Requerimiento remitido por la jefatura del área para gestión.,abierto,0
TK-01494,14-Abr-2025,2025-04-14,Operaciones,Software,Crítica,Correo,,Necesito que instalen el visor de planos,Requerimiento remitido por la jefatura del área para gestión.,Cerrado,0
TK-01806,26/05/2026,2026-06-13,Talento Humano,ACCESOS,media,Teléfono,usuario146@lafortuna.com.co,No puedo entrar al sistema Centrica,El solicitante indica que la novedad se presenta de forma intermitente desde hace tres días.,cerrado,0
TK-01357,2025-02-27,,Aplicaciones,Conectividad,Media,Correo,usuario061@lafortuna.com.co,La VPN se desconecta cada media hora,Se adjunta captura de pantalla del mensaje de error recibido.,abierto,0
TK-01026,14-Feb-2026,,Operaciones,Capacitacion,Critica,Teléfono,usuario016@lafortuna.com.co,Solicito capacitación en el módulo nuevo,Se adjunta captura de pantalla del mensaje de error recibido.,Reabierto,1
TK-01214,2026-04-14,,Calidad,nómina,2-Media,correo,usuario174@lafortuna.com.co,Error en el descuento de la quincena,El usuario reporta la novedad desde el inicio de la jornada y requiere solución para continuar con su labor.,Abierto,
TK-00960,2025-12-14,,Calidad,Informes,media,Mesa de ayuda,usuario081@lafortuna.com.co,Solicito exportar el listado a Excel,Se adjunta captura de pantalla del mensaje de error recibido.,abierto,0
TK-01704,24-May-2025,,Infraestructura,Informes,Crítica,Teléfono,usuario176@lafortuna.com.co,Solicito exportar el listado a Excel,Se solicita atención prioritaria porque afecta la operación del área y el cierre del periodo.,Abierto,0
TK-00131,2025-05-18,11/06/2025,Contabilidad,informes,media,correo,usuario012@lafortuna.com.co,El informe muestra cifras distintas al sistema,El caso fue reportado por teléfono y se registra para trazabilidad.,cerrado,1
TK-00939,27-Ene-2026,2026-01-31,,otros,Baja,correo,usuario162@lafortuna.com.co,Consulta general,El solicitante indica que la novedad se presenta de forma intermitente desde hace tres días.,cerrado,0
TK-00328,20-Feb-2026,27/03/2026,Infraestructura,,Media,Mesa de ayuda,usuario061@lafortuna.com.co,Pendiente por definir,Se adjunta captura de pantalla del mensaje de error recibido.,Cerrado,0
TK-00902,13-Jun-2025,,Calidad,NOMINA,Media,Telefono,usuario020@lafortuna.com.co,Diferencia en el pago de horas extras,Requerimiento remitido por la jefatura del área para gestión.,Reabierto,3
TK-00619,17-May-2026,,Aplicaciones,vacaciones,baja,Mesa de ayuda,usuario137@lafortuna.com.co,Puedo dividir mis vacaciones en dos periodos,Se solicita atención prioritaria porque afecta la operación del área y el cierre del periodo.,Abierto,0
TK-00200,08/08/2025,,Compras,Informes,alta,correo,usuario129@lafortuna.com.co,El reporte no incluye la sede nueva,Se solicita atención prioritaria porque afecta la operación del área y el cierre del periodo.,REABIERTO,3
TK-01460,28/05/2026,07-Jul-2026,Aplicaciones,,CRITICA,Telefono,usuario096@lafortuna.com.co,Requerimiento del área,,cerrado,0
TK-01606,27-May-2025,,Compras,equipos,ALTA,Teléfono,usuario040@lafortuna.com.co,El teclado dejó de responder,Requerimiento remitido por la jefatura del área para gestión.,Reabierto,1
TK-01159,16/04/2026,,Infraestructura,Otros,media,Correo,usuario142@lafortuna.com.co,Pendiente por definir,El caso fue reportado por teléfono y se registra para trazabilidad.,abierto,0
TK-00720,03/11/2025,2025-12-06,Infraestructura,,2-Media,Formulario web,usuario033@lafortuna.com.co,Requerimiento del área,El usuario reporta la novedad desde el inicio de la jornada y requiere solución para continuar con su labor.,CERRADO,
TK-01167,2025-08-29,,Calidad,Ordenes de compra,Media,correo,usuario069@lafortuna.com.co,Estado de la orden de compra 4471,,En proceso,0
TK-00247,16/06/2025,2025-06-25,Aplicaciones,Vacaciones,2-Media,Correo,usuario003@lafortuna.com.co,Cuántos días tengo acumulados,El solicitante indica que la novedad se presenta de forma intermitente desde hace tres días.,Cerrado,
TK-01504,07/10/2025,,Calidad,Accesos,CRITICA,Formulario web,usuario109@lafortuna.com.co,Solicito permiso al módulo de cartera,El solicitante indica que la novedad se presenta de forma intermitente desde hace tres días.,En proceso,0
TK-00609,14-Ene-2025,28/02/2025,Comercial,equipos,Baja,Mesa de ayuda,usuario078@lafortuna.com.co,Solicito reposición de diadema dañada,,cerrado,0
TK-01677,19-Jun-2025,07/07/2025,Compras,Informes,MEDIA,Correo,,Necesito el reporte de ventas del trimestre,El caso fue reportado por teléfono y se registra para trazabilidad.,CERRADO,0
TK-01613,30-Mar-2025,26-Abr-2025,Talento Humano,Nómina,CRITICA,Correo,usuario104@lafortuna.com.co,Error en el descuento de la quincena,,REABIERTO,2
TK-00811,15-Feb-2026,2026-03-23,Calidad,software,alta,correo,usuario012@lafortuna.com.co,Aparece un mensaje de sesión expirada cada cinco minutos,Se solicita atención prioritaria porque afecta la operación del área y el cierre del periodo.,CERRADO,0
TK-01508,30-Jun-2026,,Comercial,SOFTWARE,media,Correo,usuario110@lafortuna.com.co,Aparece un mensaje de sesión expirada cada cinco minutos,,en proceso,0
TK-00206,2025-11-22,,Contabilidad,software,Baja,formulario,usuario148@lafortuna.com.co,La aplicación se cierra al generar el informe,El caso fue reportado por teléfono y se registra para trazabilidad.,REABIERTO,3
TK-01148,2025-06-19,,Compras,red,ALTA,formulario,usuario137@lafortuna.com.co,Muy lenta la conexión en la bodega,El solicitante indica que la novedad se presenta de forma intermitente desde hace tres días.,abierto,0
TK-01147,2025-07-23,,Contabilidad,Capacitacion,1-Alta,Correo,usuario157@lafortuna.com.co,Necesito material del curso de la semana pasada,El solicitante indica que la novedad se presenta de forma intermitente desde hace tres días.,abierto,0
TK-00808,11-Ene-2025,,Contabilidad,Incidente,CRITICA,Formulario web,usuario081@lafortuna.com.co,Caída total del sistema en la sede principal,Requerimiento remitido por la jefatura del área para gestión.,REABIERTO,2
TK-00795,27-May-2025,23-Jun-2025,Aplicaciones,VACACIONES,media,Mesa de ayuda,usuario093@lafortuna.com.co,Puedo dividir mis vacaciones en dos periodos,Requerimiento remitido por la jefatura del área para gestión.,CERRADO,0
TK-01478,16/04/2025,,Aplicaciones,accesos,Alta,Teléfono,usuario025@lafortuna.com.co,Necesito acceso a la carpeta compartida de mi área,Se adjunta captura de pantalla del mensaje de error recibido.,reabierto,2
TK-00245,04-Sep-2025,,Talento Humano,Accesos,baja,Correo,usuario017@lafortuna.com.co,Me retiraron el acceso y aún trabajo en el proceso,El caso fue reportado por teléfono y se registra para trazabilidad.,En proceso,0
TK-01318,2025-04-19,2025-05-31,Compras,Conectividad,Alta,Mesa de ayuda,usuario119@lafortuna.com.co,No carga el sistema desde la sede sur,Se solicita atención prioritaria porque afecta la operación del área y el cierre del periodo.,cerrado,1
TK-01132,08/08/2025,,Compras,NOMINA,Alta,formulario,usuario046@lafortuna.com.co,Solicito certificado laboral con salario,El usuario reporta la novedad desde el inicio de la jornada y requiere solución para continuar con su labor.,reabierto,2
TK-00106,17-Dic-2025,07/01/2026,Operaciones,reportes,CRITICA,Mesa de ayuda,usuario139@lafortuna.com.co,Necesito el reporte de ventas del trimestre,Se adjunta captura de pantalla del mensaje de error recibido.,cerrado,0
TK-00483,2025-01-03,,Contabilidad,Ordenes de compra,alta,Teléfono,usuario176@lafortuna.com.co,Necesito cotización para equipos de la bodega,El caso fue reportado por teléfono y se registra para trazabilidad.,en proceso,0
TK-00754,2026-03-11,,Infraestructura,hardware,baja,Telefono,usuario119@lafortuna.com.co,Solicito reposición de diadema dañada,Requerimiento remitido por la jefatura del área para gestión.,En proceso,0
TK-01014,26-Abr-2025,,Infraestructura,INCIDENTE,Media,Mesa de ayuda,usuario149@lafortuna.com.co,Pérdida de información en el módulo de inventario,Se solicita atención prioritaria porque afecta la operación del área y el cierre del periodo.,en proceso,0
TK-01941,2025-03-03,,Talento Humano,Viáticos,alta,formulario,,Cómo legalizo los viáticos del viaje a la costa,,en proceso,0
TK-00344,05/06/2025,,Aplicaciones,red,CRITICA,Telefono,usuario086@lafortuna.com.co,La VPN se desconecta cada media hora,El caso fue reportado por teléfono y se registra para trazabilidad.,en proceso,
TK-00101,09-Abr-2025,,Talento Humano,software,3-Baja,correo,usuario145@lafortuna.com.co,Necesito que instalen el visor de planos,El solicitante indica que la novedad se presenta de forma intermitente desde hace tres días.,abierto,0
TK-00863,2025-09-12,15/09/2025,Contabilidad,Viáticos,CRITICA,correo,usuario053@lafortuna.com.co,No me han reembolsado los gastos del mes pasado,Se solicita atención prioritaria porque afecta la operación del área y el cierre del periodo.,CERRADO,0
TK-00423,2025-09-15,,Calidad,Equipos,1-Alta,Mesa de ayuda,usuario173@lafortuna.com.co,Solicito reposición de diadema dañada,Se solicita atención prioritaria porque afecta la operación del área y el cierre del periodo.,Reabierto,3
TK-01546,12-Mar-2026,,Operaciones,accesos,Crítica,correo,usuario097@lafortuna.com.co,Necesito acceso a la carpeta compartida de mi área,El caso fue reportado por teléfono y se registra para trazabilidad.,en proceso,0
TK-00764,09-Ene-2025,,Operaciones,incidente,MEDIA,Mesa de ayuda,usuario028@lafortuna.com.co,Se cayó el servicio de facturación,El solicitante indica que la novedad se presenta de forma intermitente desde hace tres días.,En proceso,0
TK-00077,19-Jun-2025,,Calidad,conectividad,MEDIA,formulario,usuario111@lafortuna.com.co,Muy lenta la conexión en la bodega,Se adjunta captura de pantalla del mensaje de error recibido.,Abierto,0
TK-00622,30-Ene-2025,,Compras,equipos,MEDIA,formulario,usuario059@lafortuna.com.co,Solicito reposición de diadema dañada,El solicitante indica que la novedad se presenta de forma intermitente desde hace tres días.,reabierto,1
TK-00968,25-Oct-2025,,Calidad,Hardware,MEDIA,Teléfono,usuario029@lafortuna.com.co,El portátil no enciende desde ayer,,abierto,0
TK-01797,12/06/2025,,Contabilidad,software,ALTA,Teléfono,usuario144@lafortuna.com.co,Necesito que instalen el visor de planos,,abierto,0
TK-00434,14-Jul-2025,,Contabilidad,Acceso,ALTA,Mesa de ayuda,usuario098@lafortuna.com.co,Necesito acceso a la carpeta compartida de mi área,Se adjunta captura de pantalla del mensaje de error recibido.,abierto,0
TK-00050,14/05/2026,,Contabilidad,accesos,alta,formulario,usuario032@lafortuna.com.co,Se bloqueó mi usuario tras varios intentos,El caso fue reportado por teléfono y se registra para trazabilidad.,Escalado,0
TK-00865,30-Jun-2025,,Aplicaciones,Nomina,baja,Telefono,usuario077@lafortuna.com.co,No me llegó el desprendible de pago,El solicitante indica que la novedad se presenta de forma intermitente desde hace tres días.,Reabierto,2
TK-01769,2026-06-26,2026-07-27,,compras,baja,Formulario web,usuario078@lafortuna.com.co,El proveedor no ha entregado lo solicitado,,cerrado,0
TK-01303,2026-06-18,,Calidad,Compras,MEDIA,correo,usuario090@lafortuna.com.co,Estado de la orden de compra 4471,Requerimiento remitido por la jefatura del área para gestión.,Reabierto,1
TK-00729,2025-01-19,04/03/2025,Contabilidad,accesos,Alta,formulario,usuario142@lafortuna.com.co,Solicito permiso al módulo de cartera,Se solicita atención prioritaria porque afecta la operación del área y el cierre del periodo.,Cerrado,0
TK-01137,2026-05-04,09/05/2026,Comercial,Software,alta,formulario,usuario096@lafortuna.com.co,Aparece un mensaje de sesión expirada cada cinco minutos,Se adjunta captura de pantalla del mensaje de error recibido.,cerrado,0
TK-01032,30-Mar-2026,25/04/2026,Calidad,Hardware,1-Alta,Teléfono,usuario110@lafortuna.com.co,Necesito un monitor adicional para el puesto,,cerrado,0
TK-00679,13-May-2025,,Infraestructura,conectividad,Crítica,Teléfono,usuario123@lafortuna.com.co,La VPN se desconecta cada media hora,El usuario reporta la novedad desde el inicio de la jornada y requiere solución para continuar con su labor.,Abierto,0
TK-00313,26-Abr-2025,,Calidad,Órdenes de compra,Baja,Correo,,El proveedor no ha entregado lo solicitado,Se solicita atención prioritaria porque afecta la operación del área y el cierre del periodo.,en proceso,0
TK-01956,2026-02-22,,Compras,vacaciones,2-Media,Correo,usuario173@lafortuna.com.co,Puedo dividir mis vacaciones en dos periodos,Se adjunta captura de pantalla del mensaje de error recibido.,REABIERTO,2
TK-00886,2026-01-08,17/02/2026,Infraestructura,Capacitacion,ALTA,Telefono,usuario122@lafortuna.com.co,Solicito capacitación en el módulo nuevo,El caso fue reportado por teléfono y se registra para trazabilidad.,Cerrado,0
TK-00521,14/02/2026,,Contabilidad,Otros,media,Correo,usuario022@lafortuna.com.co,Pendiente por definir,El caso fue reportado por teléfono y se registra para trazabilidad.,En proceso,0
TK-00986,25/05/2025,,Operaciones,ACCESOS,Crítica,Formulario web,,Se bloqueó mi usuario tras varios intentos,Se adjunta captura de pantalla del mensaje de error recibido.,En proceso,0
TK-00329,04/01/2026,12/01/2026,Talento Humano,Gestión de accesos,Crítica,Telefono,usuario087@lafortuna.com.co,Se bloqueó mi usuario tras varios intentos,El solicitante indica que la novedad se presenta de forma intermitente desde hace tres días.,cerrado,0
TK-00403,01/04/2026,2026-04-09,Operaciones,red,2-Media,formulario,usuario037@lafortuna.com.co,Muy lenta la conexión en la bodega,Se adjunta captura de pantalla del mensaje de error recibido.,en proceso,0
TK-01087,15-Ene-2025,,Operaciones,Viaticos,baja,Correo,usuario115@lafortuna.com.co,Necesito anticipo para comisión,El usuario reporta la novedad desde el inicio de la jornada y requiere solución para continuar con su labor.,reabierto,3
TK-01623,08-May-2026,,Infraestructura,Nómina,1-Alta,Formulario web,usuario112@lafortuna.com.co,Error en el descuento de la quincena,El usuario reporta la novedad desde el inicio de la jornada y requiere solución para continuar con su labor.,en proceso,0
TK-01912,2025-03-27,2025-04-15,Talento Humano,NOMINA,Crítica,Mesa de ayuda,usuario113@lafortuna.com.co,Diferencia en el pago de horas extras,Se solicita atención prioritaria porque afecta la operación del área y el cierre del periodo.,CERRADO,0
TK-01157,30-Mar-2026,08-May-2026,Aplicaciones,software,Alta,Teléfono,usuario164@lafortuna.com.co,Error al guardar el formulario de ingreso,El caso fue reportado por teléfono y se registra para trazabilidad.,CERRADO,0
TK-00964,03-Jul-2025,,Infraestructura,OTROS,MEDIA,Formulario web,usuario115@lafortuna.com.co,Solicitud varias,El caso fue reportado por teléfono y se registra para trazabilidad.,Escalado,0
TK-00556,06-Mar-2025,,Aplicaciones,SOFTWARE,Critica,formulario,usuario048@lafortuna.com.co,La aplicación se cierra al generar el informe,Se solicita atención prioritaria porque afecta la operación del área y el cierre del periodo.,en proceso,0
TK-00663,16/06/2025,,Calidad,Software,3-Baja,Telefono,usuario049@lafortuna.com.co,Necesito que instalen el visor de planos,El solicitante indica que la novedad se presenta de forma intermitente desde hace tres días.,En proceso,0
TK-00498,25-Ene-2025,,Operaciones,Gestión de accesos,ALTA,Formulario web,usuario068@lafortuna.com.co,Solicito permiso al módulo de cartera,Se solicita atención prioritaria porque afecta la operación del área y el cierre del periodo.,en proceso,0
TK-01129,11-Feb-2025,,Talento Humano,reportes,Media,formulario,usuario036@lafortuna.com.co,El reporte no incluye la sede nueva,Se solicita atención prioritaria porque afecta la operación del área y el cierre del periodo.,Escalado,0
TK-00703,2026-01-12,,Contabilidad,Capacitacion,3-Baja,formulario,usuario124@lafortuna.com.co,Necesito material del curso de la semana pasada,Se adjunta captura de pantalla del mensaje de error recibido.,REABIERTO,1
TK-01270,2026-06-21,,Contabilidad,Accesos,alta,formulario,usuario079@lafortuna.com.co,Se bloqueó mi usuario tras varios intentos,,Reabierto,1
TK-01089,04/11/2025,01-Dic-2025,Calidad,Aplicaciones,Baja,Correo,usuario050@lafortuna.com.co,La versión instalada no coincide con la del área,Requerimiento remitido por la jefatura del área para gestión.,Escalado,0
TK-00921,27-Mar-2026,,Comercial,nómina,Crítica,Telefono,usuario035@lafortuna.com.co,No me llegó el desprendible de pago,,en proceso,0
TK-00834,2025-11-07,,Comercial,incidente,ALTA,Correo,usuario031@lafortuna.com.co,Pérdida de información en el módulo de inventario,El caso fue reportado por teléfono y se registra para trazabilidad.,reabierto,1
TK-00061,22/04/2026,28-Abr-2026,Talento Humano,capacitación,Media,Correo,usuario155@lafortuna.com.co,Cuándo es la próxima inducción,Se solicita atención prioritaria porque afecta la operación del área y el cierre del periodo.,cerrado,0
TK-00139,04-Abr-2026,,Contabilidad,Gestion de accesos,2-Media,formulario,usuario085@lafortuna.com.co,Se bloqueó mi usuario tras varios intentos,Requerimiento remitido por la jefatura del área para gestión.,Escalado,0
TK-00123,27/01/2025,,Operaciones,Otros,media,correo,usuario093@lafortuna.com.co,Pendiente por definir,Se adjunta captura de pantalla del mensaje de error recibido.,en proceso,0
TK-00478,12-May-2026,,Contabilidad,aplicaciones,2-Media,Correo,usuario068@lafortuna.com.co,Error al guardar el formulario de ingreso,El usuario reporta la novedad desde el inicio de la jornada y requiere solución para continuar con su labor.,Abierto,0
TK-01854,21/01/2025,24-Feb-2025,Compras,equipos,baja,formulario,usuario180@lafortuna.com.co,El teclado dejó de responder,El usuario reporta la novedad desde el inicio de la jornada y requiere solución para continuar con su labor.,Cerrado,0
TK-01752,30/05/2026,,,INCIDENTE,Baja,formulario,usuario057@lafortuna.com.co,Pérdida de información en el módulo de inventario,,Reabierto,3
TK-00889,2026-02-24,,Contabilidad,,baja,Formulario web,usuario100@lafortuna.com.co,Requerimiento del área,Se adjunta captura de pantalla del mensaje de error recibido.,Abierto,0
TK-01053,2025-05-06,,Aplicaciones,Gestion de accesos,CRITICA,correo,usuario171@lafortuna.com.co,Necesito acceso a la carpeta compartida de mi área,El caso fue reportado por teléfono y se registra para trazabilidad.,Escalado,0
TK-01530,22-Feb-2026,,Compras,informes,media,Formulario web,usuario029@lafortuna.com.co,El reporte no incluye la sede nueva,Se solicita atención prioritaria porque afecta la operación del área y el cierre del periodo.,reabierto,1
TK-00168,2025-11-20,2025-12-04,Comercial,red,baja,Correo,usuario015@lafortuna.com.co,La VPN se desconecta cada media hora,,CERRADO,0
TK-01315,17-Abr-2026,,Talento Humano,capacitación,2-Media,formulario,usuario141@lafortuna.com.co,Necesito material del curso de la semana pasada,Requerimiento remitido por la jefatura del área para gestión.,en proceso,0
TK-00173,18-Dic-2025,01-Ene-2026,Operaciones,RED,Crítica,correo,usuario002@lafortuna.com.co,Muy lenta la conexión en la bodega,El caso fue reportado por teléfono y se registra para trazabilidad.,CERRADO,0
TK-00649,06/05/2025,,Aplicaciones,INCIDENTE,CRITICA,Mesa de ayuda,usuario060@lafortuna.com.co,Los usuarios reportan lentitud generalizada,El caso fue reportado por teléfono y se registra para trazabilidad.,En proceso,0
TK-00017,01/03/2025,,Talento Humano,accesos,Media,Correo,usuario158@lafortuna.com.co,Necesito acceso a la carpeta compartida de mi área,Se solicita atención prioritaria porque afecta la operación del área y el cierre del periodo.,En proceso,0
TK-01050,18/01/2026,,Talento Humano,INCIDENTE,alta,Telefono,usuario103@lafortuna.com.co,Se cayó el servicio de facturación,Requerimiento remitido por la jefatura del área para gestión.,abierto,0
TK-00174,2025-03-22,,Comercial,,MEDIA,Correo,usuario015@lafortuna.com.co,Requerimiento del área,El caso fue reportado por teléfono y se registra para trazabilidad.,Escalado,0
TK-01324,2025-01-20,,Infraestructura,OTROS,ALTA,correo,usuario013@lafortuna.com.co,Requerimiento del área,,en proceso,0
TK-00465,11-Ago-2025,,Calidad,Ordenes de compra,3-Baja,correo,usuario071@lafortuna.com.co,Necesito cotización para equipos de la bodega,Requerimiento remitido por la jefatura del área para gestión.,reabierto,3
TK-01625,15-Jun-2026,,Infraestructura,Otros,media,correo,usuario170@lafortuna.com.co,Requerimiento del área,,reabierto,
TK-01680,2025-06-20,26/07/2025,Infraestructura,reportes,Baja,Teléfono,usuario007@lafortuna.com.co,El reporte no incluye la sede nueva,Se adjunta captura de pantalla del mensaje de error recibido.,cerrado,0
TK-01519,2025-03-02,,Infraestructura,Otros,3-Baja,formulario,usuario029@lafortuna.com.co,Solicitud varias,,abierto,0
TK-01041,14/01/2025,,Operaciones,Vacaciones,ALTA,Correo,usuario037@lafortuna.com.co,Me negaron las vacaciones solicitadas,El usuario reporta la novedad desde el inicio de la jornada y requiere solución para continuar con su labor.,REABIERTO,1
TK-00054,28-Ene-2025,05-Feb-2025,Aplicaciones,Otros,Critica,Telefono,usuario012@lafortuna.com.co,Solicitud varias,El usuario reporta la novedad desde el inicio de la jornada y requiere solución para continuar con su labor.,CERRADO,0
TK-01926,19-Abr-2025,,Infraestructura,accesos,ALTA,formulario,usuario134@lafortuna.com.co,Me retiraron el acceso y aún trabajo en el proceso,El solicitante indica que la novedad se presenta de forma intermitente desde hace tres días.,reabierto,2
TK-01336,2026-04-19,,Comercial,aplicaciones,Crítica,Correo,usuario180@lafortuna.com.co,Aparece un mensaje de sesión expirada cada cinco minutos,,abierto,0
TK-00936,01/03/2025,24/03/2025,Calidad,Conectividad,baja,Correo,usuario001@lafortuna.com.co,Muy lenta la conexión en la bodega,,Cerrado,1
TK-00160,29/05/2026,25-Jun-2026,Talento Humano,Gestión de accesos,media,Formulario web,usuario151@lafortuna.com.co,Me retiraron el acceso y aún trabajo en el proceso,,Cerrado,0
TK-00651,04-Feb-2026,,Operaciones,hardware,baja,Correo,usuario167@lafortuna.com.co,Necesito un monitor adicional para el puesto,El solicitante indica que la novedad se presenta de forma intermitente desde hace tres días.,en proceso,0
TK-00177,11/01/2025,30-Ene-2025,Contabilidad,,Baja,Mesa de ayuda,usuario129@lafortuna.com.co,Solicitud varias,Se solicita atención prioritaria porque afecta la operación del área y el cierre del periodo.,Cerrado,0
TK-00125,07-Feb-2026,,Compras,Capacitación,Media,Correo,usuario047@lafortuna.com.co,Necesito material del curso de la semana pasada,El solicitante indica que la novedad se presenta de forma intermitente desde hace tres días.,REABIERTO,1
TK-00370,2026-04-29,,Infraestructura,otros,media,Teléfono,usuario109@lafortuna.com.co,Pendiente por definir,Requerimiento remitido por la jefatura del área para gestión.,En proceso,0
TK-00377,03/08/2025,17-Sep-2025,Talento Humano,compras,alta,Telefono,usuario160@lafortuna.com.co,El proveedor no ha entregado lo solicitado,El caso fue reportado por teléfono y se registra para trazabilidad.,cerrado,0
TK-01848,05-Jun-2025,,Compras,vacaciones,baja,Teléfono,usuario173@lafortuna.com.co,Con cuánta anticipación debo solicitar vacaciones,Requerimiento remitido por la jefatura del área para gestión.,Abierto,0
TK-00422,21/05/2025,28/06/2025,Operaciones,conectividad,CRITICA,Mesa de ayuda,usuario039@lafortuna.com.co,Muy lenta la conexión en la bodega,Requerimiento remitido por la jefatura del área para gestión.,cerrado,0
TK-01719,2026-04-21,10/05/2026,Compras,SOFTWARE,Alta,correo,,Necesito que instalen el visor de planos,Se adjunta captura de pantalla del mensaje de error recibido.,Cerrado,0
TK-00966,29/05/2025,03-Jun-2025,Compras,nomina,media,Teléfono,,No me llegó el desprendible de pago,Se adjunta captura de pantalla del mensaje de error recibido.,CERRADO,0
TK-00601,16/06/2026,2026-07-30,Talento Humano,hardware,baja,Mesa de ayuda,usuario104@lafortuna.com.co,Solicito reposición de diadema dañada,El usuario reporta la novedad desde el inicio de la jornada y requiere solución para continuar con su labor.,cerrado,0
TK-00373,15-Jun-2026,,Compras,Hardware,1-Alta,Correo,usuario149@lafortuna.com.co,Solicito reposición de diadema dañada,Se solicita atención prioritaria porque afecta la operación del área y el cierre del periodo.,REABIERTO,2
TK-00014,06-Ene-2026,,Operaciones,conectividad,MEDIA,Formulario web,usuario028@lafortuna.com.co,No carga el sistema desde la sede sur,El caso fue reportado por teléfono y se registra para trazabilidad.,Reabierto,3
TK-00847,30-Dic-2025,,Infraestructura,reportes,CRITICA,formulario,usuario151@lafortuna.com.co,El reporte no incluye la sede nueva,Se adjunta captura de pantalla del mensaje de error recibido.,Escalado,0
TK-00804,02-Jun-2026,,Operaciones,compras,3-Baja,Teléfono,usuario160@lafortuna.com.co,Estado de la orden de compra 4471,Se solicita atención prioritaria porque afecta la operación del área y el cierre del periodo.,En proceso,0
TK-00589,30/06/2026,20/07/2026,Comercial,Incidentes,Crítica,correo,usuario106@lafortuna.com.co,Caída total del sistema en la sede principal,El usuario reporta la novedad desde el inicio de la jornada y requiere solución para continuar con su labor.,cerrado,0
TK-00718,2026-06-24,,Infraestructura,Nomina,2-Media,Mesa de ayuda,usuario036@lafortuna.com.co,Error en el descuento de la quincena,El caso fue reportado por teléfono y se registra para trazabilidad.,Reabierto,1
TK-00273,28-Jul-2025,,Aplicaciones,HARDWARE,alta,Teléfono,usuario050@lafortuna.com.co,El teclado dejó de responder,Se adjunta captura de pantalla del mensaje de error recibido.,Reabierto,2
TK-01096,28/06/2025,,Compras,compras,Alta,Telefono,usuario089@lafortuna.com.co,Estado de la orden de compra 4471,,reabierto,3
TK-01819,13-Jul-2025,,Comercial,compras,CRITICA,formulario,usuario045@lafortuna.com.co,Cómo registro un proveedor nuevo,Se adjunta captura de pantalla del mensaje de error recibido.,Abierto,0
TK-00995,26-Mar-2026,15-Abr-2026,Infraestructura,aplicaciones,Crítica,correo,usuario129@lafortuna.com.co,Aparece un mensaje de sesión expirada cada cinco minutos,El caso fue reportado por teléfono y se registra para trazabilidad.,CERRADO,0
TK-00751,2025-05-20,,Contabilidad,accesos,1-Alta,Teléfono,usuario123@lafortuna.com.co,Necesito acceso a la carpeta compartida de mi área,Se adjunta captura de pantalla del mensaje de error recibido.,Escalado,0
TK-00244,12/10/2025,,Contabilidad,Gestión de accesos,alta,Telefono,usuario132@lafortuna.com.co,Solicito permiso al módulo de cartera,El usuario reporta la novedad desde el inicio de la jornada y requiere solución para continuar con su labor.,Abierto,0
TK-01210,2026-06-22,,Infraestructura,Aplicaciones,alta,Mesa de ayuda,usuario032@lafortuna.com.co,Aparece un mensaje de sesión expirada cada cinco minutos,,en proceso,0
TK-01716,2025-02-03,,Calidad,Capacitación,media,Telefono,usuario018@lafortuna.com.co,Solicito capacitación en el módulo nuevo,El usuario reporta la novedad desde el inicio de la jornada y requiere solución para continuar con su labor.,Abierto,0
TK-01116,22-Dic-2025,,Calidad,Incidente,MEDIA,Correo,usuario012@lafortuna.com.co,Pérdida de información en el módulo de inventario,,abierto,0
TK-01131,19-Abr-2026,,Contabilidad,Sin clasificar,CRITICA,Telefono,usuario131@lafortuna.com.co,Consulta general,Se adjunta captura de pantalla del mensaje de error recibido.,Reabierto,1
TK-01605,2025-11-29,2025-12-19,Talento Humano,Sin clasificar,1-Alta,Teléfono,usuario070@lafortuna.com.co,Pendiente por definir,,reabierto,2
TK-00534,14-Ene-2026,2026-02-03,Calidad,Gestión de accesos,baja,Teléfono,usuario086@lafortuna.com.co,Se bloqueó mi usuario tras varios intentos,Se adjunta captura de pantalla del mensaje de error recibido.,cerrado,0
TK-01940,2026-03-19,,Contabilidad,ACCESOS,alta,Mesa de ayuda,usuario052@lafortuna.com.co,Me retiraron el acceso y aún trabajo en el proceso,El caso fue reportado por teléfono y se registra para trazabilidad.,Abierto,0
TK-01924,2025-08-23,14/09/2025,Compras,vacaciones,3-Baja,formulario,usuario059@lafortuna.com.co,Con cuánta anticipación debo solicitar vacaciones,El usuario reporta la novedad desde el inicio de la jornada y requiere solución para continuar con su labor.,REABIERTO,3
TK-01577,2025-04-26,,Talento Humano,Red,alta,Mesa de ayuda,usuario033@lafortuna.com.co,Sin internet en el segundo piso,,En proceso,0
TK-01150,2026-01-27,,Operaciones,viaticos,3-Baja,Teléfono,usuario114@lafortuna.com.co,Cómo legalizo los viáticos del viaje a la costa,Se solicita atención prioritaria porque afecta la operación del área y el cierre del periodo.,Escalado,0
TK-01645,08-Dic-2025,06-Ene-2026,Comercial,Nomina,Crítica,Formulario web,usuario154@lafortuna.com.co,No me llegó el desprendible de pago,Se solicita atención prioritaria porque afecta la operación del área y el cierre del periodo.,cerrado,0
TK-01881,24/02/2025,,Comercial,VACACIONES,Alta,Correo,usuario055@lafortuna.com.co,Me negaron las vacaciones solicitadas,Se adjunta captura de pantalla del mensaje de error recibido.,reabierto,2
TK-01747,21/08/2025,2025-09-04,Talento Humano,informes,Baja,Mesa de ayuda,usuario163@lafortuna.com.co,Solicito exportar el listado a Excel,,REABIERTO,1
TK-00929,18/10/2025,2025-10-18,Compras,Accesos,1-Alta,Telefono,usuario141@lafortuna.com.co,No puedo entrar al sistema Centrica,El caso fue reportado por teléfono y se registra para trazabilidad.,CERRADO,0
TK-00793,10-Mar-2026,,Operaciones,Compras,CRITICA,Teléfono,usuario132@lafortuna.com.co,El proveedor no ha entregado lo solicitado,Requerimiento remitido por la jefatura del área para gestión.,Escalado,0
TK-01804,22-Jun-2026,,Aplicaciones,Vacaciones,Crítica,Mesa de ayuda,usuario072@lafortuna.com.co,Me negaron las vacaciones solicitadas,Requerimiento remitido por la jefatura del área para gestión.,Abierto,0
TK-01355,07-Mar-2025,,Contabilidad,Otros,Alta,Mesa de ayuda,usuario101@lafortuna.com.co,Requerimiento del área,El caso fue reportado por teléfono y se registra para trazabilidad.,en proceso,0
TK-01304,10-Feb-2026,,Contabilidad,red,1-Alta,Correo,usuario040@lafortuna.com.co,La VPN se desconecta cada media hora,El usuario reporta la novedad desde el inicio de la jornada y requiere solución para continuar con su labor.,abierto,0
TK-01213,2026-05-10,30/05/2026,Calidad,VACACIONES,Baja,Correo,usuario095@lafortuna.com.co,Cuántos días tengo acumulados,,CERRADO,1
TK-01860,23/02/2025,,Contabilidad,Vacaciones,Critica,formulario,usuario064@lafortuna.com.co,Puedo dividir mis vacaciones en dos periodos,El solicitante indica que la novedad se presenta de forma intermitente desde hace tres días.,En proceso,0
TK-01828,2025-08-24,,Operaciones,Acceso,MEDIA,correo,usuario071@lafortuna.com.co,Se bloqueó mi usuario tras varios intentos,Se adjunta captura de pantalla del mensaje de error recibido.,reabierto,3
TK-00194,2025-09-10,,Comercial,Capacitacion,Media,formulario,usuario153@lafortuna.com.co,Necesito material del curso de la semana pasada,Requerimiento remitido por la jefatura del área para gestión.,En proceso,0
TK-00121,15-Jul-2025,,Talento Humano,viaticos,alta,Teléfono,usuario145@lafortuna.com.co,Cuál es el monto autorizado para hospedaje,Se adjunta captura de pantalla del mensaje de error recibido.,REABIERTO,2
TK-00311,09/12/2025,14-Ene-2026,Talento Humano,Equipos,baja,Telefono,usuario036@lafortuna.com.co,Solicito reposición de diadema dañada,Se adjunta captura de pantalla del mensaje de error recibido.,cerrado,0
TK-01361,2025-04-30,2025-05-17,Aplicaciones,viaticos,1-Alta,correo,usuario133@lafortuna.com.co,Cuál es el monto autorizado para hospedaje,Se solicita atención prioritaria porque afecta la operación del área y el cierre del periodo.,Cerrado,0
TK-00875,19-Nov-2025,2025-11-24,Talento Humano,aplicaciones,MEDIA,Mesa de ayuda,usuario127@lafortuna.com.co,Necesito que instalen el visor de planos,Requerimiento remitido por la jefatura del área para gestión.,CERRADO,1
TK-00694,2025-11-11,11-Dic-2025,Aplicaciones,reportes,baja,Telefono,usuario106@lafortuna.com.co,El informe muestra cifras distintas al sistema,El solicitante indica que la novedad se presenta de forma intermitente desde hace tres días.,REABIERTO,2
TK-00172,22-Dic-2025,,Aplicaciones,VACACIONES,MEDIA,Formulario web,usuario150@lafortuna.com.co,Con cuánta anticipación debo solicitar vacaciones,El solicitante indica que la novedad se presenta de forma intermitente desde hace tres días.,REABIERTO,2
TK-01487,2026-02-03,,Aplicaciones,red,3-Baja,Teléfono,usuario131@lafortuna.com.co,No carga el sistema desde la sede sur,,En proceso,0
TK-01316,2025-09-23,2025-10-10,Contabilidad,accesos,Crítica,formulario,usuario001@lafortuna.com.co,Se bloqueó mi usuario tras varios intentos,El solicitante indica que la novedad se presenta de forma intermitente desde hace tres días.,Cerrado,0
TK-01725,2026-01-28,,Calidad,otros,1-Alta,Teléfono,usuario144@lafortuna.com.co,Solicitud varias,El caso fue reportado por teléfono y se registra para trazabilidad.,abierto,0
TK-01117,2026-02-07,,Contabilidad,NOMINA,Crítica,Teléfono,usuario076@lafortuna.com.co,No me llegó el desprendible de pago,El solicitante indica que la novedad se presenta de forma intermitente desde hace tres días.,REABIERTO,3
TK-00659,03/06/2026,,Aplicaciones,software,media,Correo,usuario028@lafortuna.com.co,La versión instalada no coincide con la del área,El caso fue reportado por teléfono y se registra para trazabilidad.,REABIERTO,3
TK-00385,2025-05-05,13/06/2025,Talento Humano,Gestion de accesos,Critica,formulario,usuario040@lafortuna.com.co,Se bloqueó mi usuario tras varios intentos,El usuario reporta la novedad desde el inicio de la jornada y requiere solución para continuar con su labor.,Cerrado,0
TK-01039,2025-11-03,,Aplicaciones,NOMINA,ALTA,formulario,usuario063@lafortuna.com.co,No me llegó el desprendible de pago,El solicitante indica que la novedad se presenta de forma intermitente desde hace tres días.,REABIERTO,1
TK-00204,22-Sep-2025,07/10/2025,Talento Humano,Gestion de accesos,3-Baja,Formulario web,usuario171@lafortuna.com.co,Solicito permiso al módulo de cartera,,Reabierto,3
TK-01286,05-Abr-2025,23/04/2025,Contabilidad,Equipos,CRITICA,Telefono,usuario022@lafortuna.com.co,El teclado dejó de responder,Requerimiento remitido por la jefatura del área para gestión.,REABIERTO,2
TK-01658,02-Nov-2025,,Aplicaciones,Software,Critica,Mesa de ayuda,usuario131@lafortuna.com.co,La aplicación se cierra al generar el informe,El usuario reporta la novedad desde el inicio de la jornada y requiere solución para continuar con su labor.,abierto,0
TK-01785,24-Jul-2025,,Contabilidad,Otros,ALTA,Mesa de ayuda,usuario154@lafortuna.com.co,Requerimiento del área,El usuario reporta la novedad desde el inicio de la jornada y requiere solución para continuar con su labor.,Reabierto,3
TK-00323,12/11/2025,,Contabilidad,Vacaciones,1-Alta,Mesa de ayuda,usuario111@lafortuna.com.co,Me negaron las vacaciones solicitadas,Requerimiento remitido por la jefatura del área para gestión.,Escalado,0
TK-01119,2026-05-02,15/05/2026,Infraestructura,Gestion de accesos,MEDIA,Formulario web,usuario066@lafortuna.com.co,Me retiraron el acceso y aún trabajo en el proceso,,CERRADO,0
TK-01935,04/04/2026,,Operaciones,hardware,Crítica,correo,usuario034@lafortuna.com.co,El teclado dejó de responder,Se adjunta captura de pantalla del mensaje de error recibido.,abierto,0
TK-01468,16/07/2025,,Contabilidad,conectividad,3-Baja,formulario,usuario029@lafortuna.com.co,Sin internet en el segundo piso,Requerimiento remitido por la jefatura del área para gestión.,abierto,0
TK-01271,11-Nov-2025,,Talento Humano,aplicaciones,CRITICA,Teléfono,usuario008@lafortuna.com.co,Aparece un mensaje de sesión expirada cada cinco minutos,El caso fue reportado por teléfono y se registra para trazabilidad.,REABIERTO,3
TK-00798,29-Ene-2026,2026-02-08,Talento Humano,Vacaciones,MEDIA,formulario,usuario006@lafortuna.com.co,Con cuánta anticipación debo solicitar vacaciones,El usuario reporta la novedad desde el inicio de la jornada y requiere solución para continuar con su labor.,CERRADO,0
TK-00646,01-Abr-2026,,Aplicaciones,Hardware,MEDIA,Formulario web,usuario037@lafortuna.com.co,Necesito un monitor adicional para el puesto,El caso fue reportado por teléfono y se registra para trazabilidad.,Abierto,0
TK-00275,2025-11-09,,Talento Humano,Ordenes de compra,1-Alta,formulario,usuario018@lafortuna.com.co,Cómo registro un proveedor nuevo,El usuario reporta la novedad desde el inicio de la jornada y requiere solución para continuar con su labor.,reabierto,2
TK-01690,27/02/2026,,Comercial,software,Baja,Correo,usuario037@lafortuna.com.co,Aparece un mensaje de sesión expirada cada cinco minutos,El usuario reporta la novedad desde el inicio de la jornada y requiere solución para continuar con su labor.,Reabierto,3
TK-01254,06/08/2025,2025-08-28,Comercial,informes,baja,Teléfono,,El reporte no incluye la sede nueva,Se solicita atención prioritaria porque afecta la operación del área y el cierre del periodo.,Cerrado,0
TK-00740,15/05/2026,,Talento Humano,software,ALTA,formulario,usuario121@lafortuna.com.co,La aplicación se cierra al generar el informe,Requerimiento remitido por la jefatura del área para gestión.,REABIERTO,3
TK-01904,2025-10-11,,Compras,conectividad,baja,Formulario web,usuario085@lafortuna.com.co,Muy lenta la conexión en la bodega,,en proceso,0
TK-01023,18/03/2025,,Talento Humano,Nomina,1-Alta,correo,usuario145@lafortuna.com.co,Solicito certificado laboral con salario,Requerimiento remitido por la jefatura del área para gestión.,en proceso,
TK-00025,12/01/2026,,Contabilidad,Vacaciones,baja,Telefono,usuario122@lafortuna.com.co,Puedo dividir mis vacaciones en dos periodos,Requerimiento remitido por la jefatura del área para gestión.,abierto,0
TK-01263,14-Ago-2025,2025-09-12,Compras,VACACIONES,2-Media,Teléfono,usuario027@lafortuna.com.co,Con cuánta anticipación debo solicitar vacaciones,Requerimiento remitido por la jefatura del área para gestión.,CERRADO,0
TK-00489,10/06/2026,,Calidad,Acceso,CRITICA,correo,usuario028@lafortuna.com.co,Me retiraron el acceso y aún trabajo en el proceso,Requerimiento remitido por la jefatura del área para gestión.,abierto,0
TK-01526,08/02/2026,,Compras,accesos,3-Baja,Teléfono,usuario078@lafortuna.com.co,Necesito acceso a la carpeta compartida de mi área,El caso fue reportado por teléfono y se registra para trazabilidad.,En proceso,0
TK-00815,11/08/2025,2025-09-22,Comercial,red,Media,Telefono,usuario134@lafortuna.com.co,Sin internet en el segundo piso,,Reabierto,2
TK-00585,09/05/2025,2025-06-10,Comercial,Viáticos,alta,Telefono,usuario052@lafortuna.com.co,No me han reembolsado los gastos del mes pasado,Se adjunta captura de pantalla del mensaje de error recibido.,cerrado,0
TK-00044,28-Oct-2025,,Calidad,Vacaciones,Alta,formulario,usuario146@lafortuna.com.co,Con cuánta anticipación debo solicitar vacaciones,El solicitante indica que la novedad se presenta de forma intermitente desde hace tres días.,abierto,0
TK-00722,01-Feb-2026,17-Feb-2026,Contabilidad,Viaticos,MEDIA,Telefono,usuario117@lafortuna.com.co,Necesito anticipo para comisión,Se adjunta captura de pantalla del mensaje de error recibido.,cerrado,1
TK-00146,2025-07-30,,Aplicaciones,SOFTWARE,alta,Telefono,usuario011@lafortuna.com.co,Error al guardar el formulario de ingreso,El solicitante indica que la novedad se presenta de forma intermitente desde hace tres días.,Reabierto,3
TK-00756,2025-10-05,2025-11-06,Operaciones,Conectividad,ALTA,formulario,usuario164@lafortuna.com.co,Sin internet en el segundo piso,Se solicita atención prioritaria porque afecta la operación del área y el cierre del periodo.,Cerrado,0
TK-00716,29-Dic-2025,,Contabilidad,ACCESOS,ALTA,Correo,usuario165@lafortuna.com.co,Solicito permiso al módulo de cartera,El usuario reporta la novedad desde el inicio de la jornada y requiere solución para continuar con su labor.,en proceso,0
TK-01430,2026-05-29,,Aplicaciones,equipos,MEDIA,Correo,usuario176@lafortuna.com.co,La impresora de la sede norte imprime rayada,Se solicita atención prioritaria porque afecta la operación del área y el cierre del periodo.,abierto,0
TK-00762,21/05/2025,,Compras,software,Baja,Telefono,usuario069@lafortuna.com.co,Aparece un mensaje de sesión expirada cada cinco minutos,Se solicita atención prioritaria porque afecta la operación del área y el cierre del periodo.,Escalado,0
TK-01916,31-Ago-2025,,Calidad,Nómina,2-Media,Telefono,usuario160@lafortuna.com.co,Solicito certificado laboral con salario,,En proceso,
TK-01417,2025-08-13,,Contabilidad,ACCESOS,Crítica,correo,usuario047@lafortuna.com.co,Solicito permiso al módulo de cartera,El usuario reporta la novedad desde el inicio de la jornada y requiere solución para continuar con su labor.,Abierto,0
TK-00749,2025-03-27,,Talento Humano,conectividad,alta,correo,usuario177@lafortuna.com.co,La VPN se desconecta cada media hora,Requerimiento remitido por la jefatura del área para gestión.,Reabierto,1
TK-00558,27/03/2026,2026-05-04,Calidad,Aplicaciones,2-Media,Teléfono,usuario142@lafortuna.com.co,Aparece un mensaje de sesión expirada cada cinco minutos,,CERRADO,0
TK-01753,14/05/2025,,Infraestructura,SOFTWARE,Baja,formulario,usuario019@lafortuna.com.co,Necesito que instalen el visor de planos,,en proceso,0
TK-01322,08/03/2025,,,Capacitación,3-Baja,formulario,usuario063@lafortuna.com.co,Necesito material del curso de la semana pasada,,Reabierto,3
TK-00826,22-Ene-2026,,Comercial,SOFTWARE,media,formulario,usuario090@lafortuna.com.co,La aplicación se cierra al generar el informe,Se solicita atención prioritaria porque afecta la operación del área y el cierre del periodo.,Abierto,0
TK-00202,28-Sep-2025,,Comercial,otros,baja,Formulario web,usuario003@lafortuna.com.co,Pendiente por definir,,en proceso,0
TK-01803,29/08/2025,,Aplicaciones,Gestión de accesos,ALTA,formulario,usuario028@lafortuna.com.co,Se bloqueó mi usuario tras varios intentos,El solicitante indica que la novedad se presenta de forma intermitente desde hace tres días.,Abierto,0
TK-00700,17/10/2025,22-Oct-2025,Comercial,Viáticos,CRITICA,Formulario web,usuario145@lafortuna.com.co,No me han reembolsado los gastos del mes pasado,Requerimiento remitido por la jefatura del área para gestión.,Cerrado,0
TK-00952,01-Jun-2025,,Talento Humano,aplicaciones,MEDIA,Correo,usuario168@lafortuna.com.co,Aparece un mensaje de sesión expirada cada cinco minutos,Se adjunta captura de pantalla del mensaje de error recibido.,Abierto,0
TK-00414,21/10/2025,2025-11-16,Compras,Incidentes,baja,Teléfono,usuario081@lafortuna.com.co,Los usuarios reportan lentitud generalizada,El caso fue reportado por teléfono y se registra para trazabilidad.,Cerrado,0
TK-00540,26-Mar-2025,,Comercial,Otros,CRITICA,formulario,usuario090@lafortuna.com.co,Pendiente por definir,Requerimiento remitido por la jefatura del área para gestión.,Reabierto,3
TK-00734,08/10/2025,2025-11-22,Infraestructura,viaticos,Critica,Mesa de ayuda,usuario079@lafortuna.com.co,Necesito anticipo para comisión,,Cerrado,0
TK-01332,03-Abr-2025,,Calidad,equipos,Critica,correo,usuario073@lafortuna.com.co,El teclado dejó de responder,Requerimiento remitido por la jefatura del área para gestión.,REABIERTO,2
TK-00156,01-Dic-2025,,Compras,Conectividad,Baja,Teléfono,usuario055@lafortuna.com.co,Muy lenta la conexión en la bodega,El usuario reporta la novedad desde el inicio de la jornada y requiere solución para continuar con su labor.,En proceso,0
TK-01415,06/12/2025,,Compras,VACACIONES,2-Media,Formulario web,usuario046@lafortuna.com.co,Puedo dividir mis vacaciones en dos periodos,Se solicita atención prioritaria porque afecta la operación del área y el cierre del periodo.,en proceso,0
TK-01638,27-Dic-2025,16/01/2026,Compras,vacaciones,alta,Mesa de ayuda,usuario040@lafortuna.com.co,Me negaron las vacaciones solicitadas,,Cerrado,0
TK-01751,25-Ene-2025,14/02/2025,Infraestructura,hardware,2-Media,correo,usuario101@lafortuna.com.co,El teclado dejó de responder,El usuario reporta la novedad desde el inicio de la jornada y requiere solución para continuar con su labor.,en proceso,0
TK-00399,16-May-2025,2025-06-17,Infraestructura,hardware,1-Alta,Formulario web,usuario124@lafortuna.com.co,Solicito reposición de diadema dañada,Se adjunta captura de pantalla del mensaje de error recibido.,cerrado,0
TK-00603,2025-01-09,,Compras,Conectividad,ALTA,formulario,usuario093@lafortuna.com.co,Sin internet en el segundo piso,El solicitante indica que la novedad se presenta de forma intermitente desde hace tres días.,abierto,0
TK-00261,20-Sep-2025,,Operaciones,SOFTWARE,2-Media,Mesa de ayuda,,Aparece un mensaje de sesión expirada cada cinco minutos,Se solicita atención prioritaria porque afecta la operación del área y el cierre del periodo.,en proceso,0
TK-00175,02-Abr-2025,12/05/2025,Contabilidad,informes,Baja,Telefono,usuario125@lafortuna.com.co,Necesito el reporte de ventas del trimestre,El usuario reporta la novedad desde el inicio de la jornada y requiere solución para continuar con su labor.,CERRADO,0
TK-00552,11-Jun-2025,,Calidad,Aplicaciones,media,Mesa de ayuda,usuario167@lafortuna.com.co,La aplicación se cierra al generar el informe,El usuario reporta la novedad desde el inicio de la jornada y requiere solución para continuar con su labor.,Abierto,0
TK-01471,06/04/2025,13-May-2025,Compras,hardware,ALTA,Formulario web,usuario134@lafortuna.com.co,El portátil no enciende desde ayer,El usuario reporta la novedad desde el inicio de la jornada y requiere solución para continuar con su labor.,Cerrado,0
TK-01712,2025-05-22,28-Jun-2025,Operaciones,HARDWARE,Crítica,Telefono,usuario139@lafortuna.com.co,El teclado dejó de responder,Se solicita atención prioritaria porque afecta la operación del área y el cierre del periodo.,Cerrado,0
TK-01296,15/04/2026,,Aplicaciones,Aplicaciones,Baja,correo,usuario086@lafortuna.com.co,Aparece un mensaje de sesión expirada cada cinco minutos,,Reabierto,3
TK-00217,09-May-2026,2026-06-15,Operaciones,Informes,Media,Telefono,usuario047@lafortuna.com.co,El informe muestra cifras distintas al sistema,Se adjunta captura de pantalla del mensaje de error recibido.,En proceso,0
TK-00662,27-Ene-2025,,Aplicaciones,hardware,Alta,Telefono,usuario103@lafortuna.com.co,El teclado dejó de responder,El usuario reporta la novedad desde el inicio de la jornada y requiere solución para continuar con su labor.,REABIERTO,3
TK-00801,14-Jun-2026,,Aplicaciones,software,Baja,Formulario web,usuario100@lafortuna.com.co,La versión instalada no coincide con la del área,El usuario reporta la novedad desde el inicio de la jornada y requiere solución para continuar con su labor.,reabierto,3
TK-00670,19/04/2025,,Compras,viáticos,Crítica,Mesa de ayuda,,Necesito anticipo para comisión,El caso fue reportado por teléfono y se registra para trazabilidad.,abierto,0
TK-01576,2025-03-07,,Calidad,Órdenes de compra,baja,Correo,usuario162@lafortuna.com.co,El proveedor no ha entregado lo solicitado,Se adjunta captura de pantalla del mensaje de error recibido.,reabierto,1
TK-01600,12-May-2025,,Compras,Reportes,Critica,Telefono,usuario174@lafortuna.com.co,El reporte no incluye la sede nueva,Requerimiento remitido por la jefatura del área para gestión.,Reabierto,1
TK-01715,26-Dic-2025,,Aplicaciones,Accesos,3-Baja,Telefono,usuario121@lafortuna.com.co,No puedo entrar al sistema Centrica,,En proceso,
TK-01914,2026-06-23,,Compras,Aplicaciones,Crítica,Teléfono,usuario105@lafortuna.com.co,Necesito que instalen el visor de planos,Se solicita atención prioritaria porque afecta la operación del área y el cierre del periodo.,Escalado,0
TK-00644,20/03/2025,,Aplicaciones,RED,Alta,Teléfono,usuario172@lafortuna.com.co,Muy lenta la conexión en la bodega,Requerimiento remitido por la jefatura del área para gestión.,REABIERTO,
TK-00232,29/01/2025,,Calidad,Otros,alta,Telefono,usuario087@lafortuna.com.co,Solicitud varias,Se solicita atención prioritaria porque afecta la operación del área y el cierre del periodo.,en proceso,0
TK-01391,16/07/2025,,Compras,Viáticos,Alta,Mesa de ayuda,usuario039@lafortuna.com.co,No me han reembolsado los gastos del mes pasado,,Escalado,0
TK-01301,23-Abr-2026,14/05/2026,Contabilidad,Incidente,media,Teléfono,,Pérdida de información en el módulo de inventario,El usuario reporta la novedad desde el inicio de la jornada y requiere solución para continuar con su labor.,Cerrado,0
TK-01192,2025-04-04,,Compras,hardware,1-Alta,Correo,usuario020@lafortuna.com.co,El teclado dejó de responder,,REABIERTO,
TK-00157,26/02/2025,,Contabilidad,Sin clasificar,baja,Teléfono,usuario040@lafortuna.com.co,Solicitud varias,Se adjunta captura de pantalla del mensaje de error recibido.,Escalado,0
TK-00113,24/09/2025,,Compras,Software,media,correo,usuario098@lafortuna.com.co,Aparece un mensaje de sesión expirada cada cinco minutos,El solicitante indica que la novedad se presenta de forma intermitente desde hace tres días.,En proceso,0
TK-01532,2025-12-07,17-Dic-2025,Talento Humano,aplicaciones,MEDIA,Formulario web,usuario019@lafortuna.com.co,La versión instalada no coincide con la del área,El caso fue reportado por teléfono y se registra para trazabilidad.,Cerrado,0
TK-01356,03/02/2025,,Compras,Compras,Baja,Mesa de ayuda,usuario128@lafortuna.com.co,El proveedor no ha entregado lo solicitado,El caso fue reportado por teléfono y se registra para trazabilidad.,Reabierto,2
TK-00691,24-Mar-2026,,Talento Humano,Equipos,baja,Formulario web,usuario022@lafortuna.com.co,Solicito reposición de diadema dañada,El caso fue reportado por teléfono y se registra para trazabilidad.,En proceso,0
TK-00040,31/01/2025,,Compras,viaticos,3-Baja,Telefono,usuario054@lafortuna.com.co,Necesito anticipo para comisión,El solicitante indica que la novedad se presenta de forma intermitente desde hace tres días.,Escalado,0
TK-00444,2026-05-23,,Aplicaciones,HARDWARE,1-Alta,Mesa de ayuda,usuario028@lafortuna.com.co,La impresora de la sede norte imprime rayada,El solicitante indica que la novedad se presenta de forma intermitente desde hace tres días.,en proceso,0
TK-00216,2025-01-20,,Talento Humano,hardware,Media,formulario,usuario056@lafortuna.com.co,El teclado dejó de responder,El caso fue reportado por teléfono y se registra para trazabilidad.,en proceso,0
TK-00931,2026-06-20,,Contabilidad,equipos,3-Baja,correo,usuario167@lafortuna.com.co,El portátil no enciende desde ayer,Se solicita atención prioritaria porque afecta la operación del área y el cierre del periodo.,Abierto,0
TK-01857,29-Jul-2025,,Aplicaciones,Órdenes de compra,CRITICA,Teléfono,usuario162@lafortuna.com.co,Estado de la orden de compra 4471,Se adjunta captura de pantalla del mensaje de error recibido.,REABIERTO,1
TK-00666,2025-04-09,,Infraestructura,INCIDENTE,1-Alta,Correo,usuario156@lafortuna.com.co,Caída total del sistema en la sede principal,El usuario reporta la novedad desde el inicio de la jornada y requiere solución para continuar con su labor.,Escalado,0
TK-01163,04/01/2026,,Infraestructura,ACCESOS,media,Teléfono,usuario035@lafortuna.com.co,Se bloqueó mi usuario tras varios intentos,El usuario reporta la novedad desde el inicio de la jornada y requiere solución para continuar con su labor.,en proceso,0
TK-01076,08-Jun-2025,,,RED,alta,Telefono,usuario084@lafortuna.com.co,No carga el sistema desde la sede sur,El caso fue reportado por teléfono y se registra para trazabilidad.,abierto,0
TK-00621,2025-01-18,2025-01-20,Operaciones,INCIDENTE,Baja,Telefono,usuario074@lafortuna.com.co,Se cayó el servicio de facturación,Requerimiento remitido por la jefatura del área para gestión.,REABIERTO,1
TK-00071,12/05/2026,01-Jun-2026,Infraestructura,VACACIONES,ALTA,Correo,usuario143@lafortuna.com.co,Puedo dividir mis vacaciones en dos periodos,Se adjunta captura de pantalla del mensaje de error recibido.,cerrado,0
TK-00784,2025-10-15,,Contabilidad,equipos,MEDIA,formulario,usuario118@lafortuna.com.co,El portátil no enciende desde ayer,El usuario reporta la novedad desde el inicio de la jornada y requiere solución para continuar con su labor.,en proceso,0
TK-01772,17/03/2025,,Infraestructura,Nomina,Critica,Formulario web,usuario009@lafortuna.com.co,No me llegó el desprendible de pago,Se solicita atención prioritaria porque afecta la operación del área y el cierre del periodo.,abierto,0
TK-01453,06/10/2025,,Aplicaciones,Capacitación,MEDIA,Mesa de ayuda,,Solicito capacitación en el módulo nuevo,El caso fue reportado por teléfono y se registra para trazabilidad.,abierto,0
TK-00367,04-Mar-2026,,Contabilidad,Capacitación,Alta,formulario,usuario050@lafortuna.com.co,Solicito capacitación en el módulo nuevo,El caso fue reportado por teléfono y se registra para trazabilidad.,REABIERTO,
TK-01531,30-Jun-2026,2026-08-12,Comercial,NOMINA,Baja,Mesa de ayuda,usuario141@lafortuna.com.co,No me llegó el desprendible de pago ,El usuario reporta la novedad desde el inicio de la jornada y requiere solución para continuar con su labor.,Cerrado,0
TK-01482,2026-03-15,,Talento Humano,aplicaciones,Baja,correo,usuario147@lafortuna.com.co,La aplicación se cierra al generar el informe,El usuario reporta la novedad desde el inicio de la jornada y requiere solución para continuar con su labor.,Reabierto,2
TK-01281,02/06/2026,15/06/2026,Calidad,SOFTWARE,3-Baja,Formulario web,usuario057@lafortuna.com.co,Necesito que instalen el visor de planos,Se adjunta captura de pantalla del mensaje de error recibido.,CERRADO,0
TK-00766,13-Oct-2025,,Aplicaciones,Conectividad,Media,Mesa de ayuda,usuario071@lafortuna.com.co,No carga el sistema desde la sede sur,Requerimiento remitido por la jefatura del área para gestión.,abierto,0
TK-01111,31/12/2025,11-Ene-2026,Aplicaciones,Informes,2-Media,correo,usuario029@lafortuna.com.co,Solicito exportar el listado a Excel,El caso fue reportado por teléfono y se registra para trazabilidad.,reabierto,1
TK-00039,31-May-2026,,Aplicaciones,OTROS,alta,Teléfono,usuario158@lafortuna.com.co,Solicitud varias,Se adjunta captura de pantalla del mensaje de error recibido.,en proceso,0
TK-00302,03/10/2025,,Compras,Viáticos,1-Alta,Correo,usuario159@lafortuna.com.co,No me han reembolsado los gastos del mes pasado,El caso fue reportado por teléfono y se registra para trazabilidad.,En proceso,0
TK-00946,2025-08-10,,Comercial,conectividad,CRITICA,Formulario web,usuario073@lafortuna.com.co,La VPN se desconecta cada media hora,El usuario reporta la novedad desde el inicio de la jornada y requiere solución para continuar con su labor.,abierto,0
TK-00345,29/08/2025,,Operaciones,SOFTWARE,Baja,formulario,,Necesito que instalen el visor de planos,El usuario reporta la novedad desde el inicio de la jornada y requiere solución para continuar con su labor.,REABIERTO,3
TK-01022,10/04/2025,,Compras,Viáticos,Alta,correo,usuario112@lafortuna.com.co,Cuál es el monto autorizado para hospedaje,,reabierto,3
TK-00868,28/11/2025,,Calidad,Reportes,3-Baja,Teléfono,usuario074@lafortuna.com.co,El informe muestra cifras distintas al sistema,,Reabierto,1
TK-00715,06/02/2025,,Infraestructura,Hardware,CRITICA,Correo,,El teclado dejó de responder,Se solicita atención prioritaria porque afecta la operación del área y el cierre del periodo.,Reabierto,1
TK-00737,07/06/2026,29-Jun-2026,Comercial,Incidente,alta,Mesa de ayuda,usuario054@lafortuna.com.co,Caída total del sistema en la sede principal,El usuario reporta la novedad desde el inicio de la jornada y requiere solución para continuar con su labor.,cerrado,0
TK-00893,05/12/2025,,Operaciones,SOFTWARE,Alta,correo,usuario155@lafortuna.com.co,Necesito que instalen el visor de planos,El solicitante indica que la novedad se presenta de forma intermitente desde hace tres días.,en proceso,0
TK-00982,24/01/2026,,Aplicaciones,capacitación,ALTA,Correo,usuario150@lafortuna.com.co,Necesito material del curso de la semana pasada,El usuario reporta la novedad desde el inicio de la jornada y requiere solución para continuar con su labor.,Reabierto,1
TK-01523,2025-03-28,,Operaciones,software,Media,Mesa de ayuda,usuario085@lafortuna.com.co,La versión instalada no coincide con la del área,Requerimiento remitido por la jefatura del área para gestión.,Reabierto,3
TK-01421,2026-02-08,,Aplicaciones,,3-Baja,correo,usuario165@lafortuna.com.co,Pendiente por definir,Se adjunta captura de pantalla del mensaje de error recibido.,abierto,0
TK-00536,2026-05-28,,Comercial,Conectividad,alta,Mesa de ayuda,usuario101@lafortuna.com.co,Muy lenta la conexión en la bodega,Se adjunta captura de pantalla del mensaje de error recibido.,Abierto,0
TK-01259,30/05/2025,03-Jul-2025,Infraestructura,hardware,3-Baja,Telefono,usuario162@lafortuna.com.co,Solicito reposición de diadema dañada,El solicitante indica que la novedad se presenta de forma intermitente desde hace tres días.,CERRADO,
TK-01205,21/11/2025,,Operaciones,Gestión de accesos,1-Alta,Formulario web,usuario034@lafortuna.com.co,Me retiraron el acceso y aún trabajo en el proceso,Se solicita atención prioritaria porque afecta la operación del área y el cierre del periodo.,abierto,0
TK-01616,2026-06-22,,Contabilidad,Incidente,1-Alta,Mesa de ayuda,usuario031@lafortuna.com.co,Pérdida de información en el módulo de inventario,Se adjunta captura de pantalla del mensaje de error recibido.,en proceso,0
TK-01852,06-May-2025,2025-06-11,Contabilidad,Accesos,3-Baja,Teléfono,usuario061@lafortuna.com.co,Necesito acceso a la carpeta compartida de mi área,Requerimiento remitido por la jefatura del área para gestión.,CERRADO,0
TK-00138,22-Nov-2025,,Operaciones,VACACIONES,Media,Formulario web,usuario097@lafortuna.com.co,Puedo dividir mis vacaciones en dos periodos,El caso fue reportado por teléfono y se registra para trazabilidad.,Escalado,0
TK-00327,2025-03-01,05/04/2025,Calidad,Aplicaciones,alta,formulario,usuario170@lafortuna.com.co,Error al guardar el formulario de ingreso,El caso fue reportado por teléfono y se registra para trazabilidad.,cerrado,0
TK-01002,25-Nov-2025,02/12/2025,Comercial,Conectividad,2-Media,formulario,usuario021@lafortuna.com.co,Sin internet en el segundo piso,Se adjunta captura de pantalla del mensaje de error recibido.,cerrado,1
TK-01108,2025-11-02,28/11/2025,Infraestructura,nómina,Media,Teléfono,usuario082@lafortuna.com.co,Diferencia en el pago de horas extras,El usuario reporta la novedad desde el inicio de la jornada y requiere solución para continuar con su labor.,CERRADO,1
TK-01445,26-Abr-2026,13-May-2026,Contabilidad,red,baja,Teléfono,usuario143@lafortuna.com.co,La VPN se desconecta cada media hora,Se solicita atención prioritaria porque afecta la operación del área y el cierre del periodo.,Cerrado,0
TK-00393,2025-02-15,,Talento Humano,Sin clasificar,2-Media,Formulario web,usuario027@lafortuna.com.co,Consulta general,Requerimiento remitido por la jefatura del área para gestión.,Abierto,0
TK-00259,16-Oct-2025,,Calidad,Viáticos,Baja,Mesa de ayuda,usuario003@lafortuna.com.co,Cómo legalizo los viáticos del viaje a la costa,,Reabierto,2
TK-01237,23/03/2026,2026-04-04,Aplicaciones,incidente,Crítica,Formulario web,usuario121@lafortuna.com.co,Se cayó el servicio de facturación,,cerrado,0
TK-00039,31-May-2026,,Aplicaciones,OTROS,alta,Teléfono,usuario158@lafortuna.com.co,Solicitud varias ,Se adjunta captura de pantalla del mensaje de error recibido.,en proceso,0
TK-01007,2025-05-15,11-Jun-2025,Infraestructura,ACCESOS,MEDIA,correo,usuario090@lafortuna.com.co,No puedo entrar al sistema Centrica,El caso fue reportado por teléfono y se registra para trazabilidad.,cerrado,0
TK-00911,2026-03-22,,Talento Humano,Gestión de accesos,alta,formulario,usuario145@lafortuna.com.co,Se bloqueó mi usuario tras varios intentos,Se solicita atención prioritaria porque afecta la operación del área y el cierre del periodo.,REABIERTO,1
TK-00488,2025-10-13,,Comercial,Incidente,Critica,formulario,usuario148@lafortuna.com.co,Pérdida de información en el módulo de inventario,Requerimiento remitido por la jefatura del área para gestión.,REABIERTO,2
TK-00296,20/01/2025,,Operaciones,Gestion de accesos,MEDIA,Mesa de ayuda,usuario082@lafortuna.com.co,Necesito acceso a la carpeta compartida de mi área,Se adjunta captura de pantalla del mensaje de error recibido.,Reabierto,2
TK-01450,2026-02-07,,,incidente,Baja,Formulario web,usuario012@lafortuna.com.co,Los usuarios reportan lentitud generalizada,El solicitante indica que la novedad se presenta de forma intermitente desde hace tres días.,reabierto,2
TK-01580,23-Sep-2025,,Contabilidad,ACCESOS,Crítica,correo,usuario054@lafortuna.com.co,Me retiraron el acceso y aún trabajo en el proceso,El usuario reporta la novedad desde el inicio de la jornada y requiere solución para continuar con su labor.,abierto,0
TK-01744,23/09/2025,,Aplicaciones,reportes,1-Alta,Teléfono,usuario128@lafortuna.com.co,Necesito el reporte de ventas del trimestre,El usuario reporta la novedad desde el inicio de la jornada y requiere solución para continuar con su labor.,abierto,0
TK-00274,16/07/2025,,Infraestructura,Aplicaciones,MEDIA,Teléfono,usuario055@lafortuna.com.co,Aparece un mensaje de sesión expirada cada cinco minutos,El caso fue reportado por teléfono y se registra para trazabilidad.,Abierto,0
TK-01344,04-Mar-2025,09-Mar-2025,Infraestructura,Acceso,3-Baja,Teléfono,usuario029@lafortuna.com.co,Solicito permiso al módulo de cartera,El caso fue reportado por teléfono y se registra para trazabilidad.,Cerrado,
TK-00381,06-Abr-2026,19/04/2026,Aplicaciones,Vacaciones,MEDIA,Teléfono,usuario152@lafortuna.com.co,Puedo dividir mis vacaciones en dos periodos,El usuario reporta la novedad desde el inicio de la jornada y requiere solución para continuar con su labor.,cerrado,0
TK-00570,2025-02-11,,Infraestructura,Viáticos,CRITICA,Correo,usuario098@lafortuna.com.co,Necesito anticipo para comisión,El usuario reporta la novedad desde el inicio de la jornada y requiere solución para continuar con su labor.,Abierto,0
TK-00817,25-Dic-2025,2026-01-22,Talento Humano,Viáticos,MEDIA,Correo,usuario006@lafortuna.com.co,Cuál es el monto autorizado para hospedaje,El caso fue reportado por teléfono y se registra para trazabilidad.,cerrado,0
TK-01826,22-Feb-2025,,,Conectividad,2-Media,Correo,usuario135@lafortuna.com.co,Muy lenta la conexión en la bodega,Se solicita atención prioritaria porque afecta la operación del área y el cierre del periodo.,Escalado,0
TK-00702,17-May-2025,2025-06-25,Calidad,Nomina,3-Baja,Formulario web,usuario005@lafortuna.com.co,Solicito certificado laboral con salario,Se adjunta captura de pantalla del mensaje de error recibido.,reabierto,1
TK-00445,01-Oct-2025,2025-10-13,Compras,Aplicaciones,Crítica,formulario,usuario122@lafortuna.com.co,Aparece un mensaje de sesión expirada cada cinco minutos,Requerimiento remitido por la jefatura del área para gestión.,CERRADO,1
TK-00264,24-May-2026,,Contabilidad,Informes,Alta,Teléfono,,Solicito exportar el listado a Excel,Se adjunta captura de pantalla del mensaje de error recibido.,Escalado,0
TK-00099,2026-03-06,,Comercial,SOFTWARE,ALTA,Mesa de ayuda,usuario109@lafortuna.com.co,La versión instalada no coincide con la del área,El caso fue reportado por teléfono y se registra para trazabilidad.,Escalado,0
TK-01216,17-Jun-2026,,Operaciones,ACCESOS,2-Media,Formulario web,usuario171@lafortuna.com.co,Se bloqueó mi usuario tras varios intentos,Requerimiento remitido por la jefatura del área para gestión.,Abierto,0
TK-00086,29/11/2025,,Comercial,Accesos,Alta,Telefono,usuario048@lafortuna.com.co,Se bloqueó mi usuario tras varios intentos,Requerimiento remitido por la jefatura del área para gestión.,Abierto,0
TK-01383,19/04/2026,,,HARDWARE,CRITICA,correo,usuario042@lafortuna.com.co,El teclado dejó de responder,El usuario reporta la novedad desde el inicio de la jornada y requiere solución para continuar con su labor.,En proceso,0
TK-01555,2025-12-01,,Talento Humano,Nomina,MEDIA,Mesa de ayuda,usuario003@lafortuna.com.co,Error en el descuento de la quincena,Requerimiento remitido por la jefatura del área para gestión.,Abierto,0
TK-01868,2026-02-13,,Compras,Ordenes de compra,1-Alta,correo,usuario022@lafortuna.com.co,Necesito cotización para equipos de la bodega,Se adjunta captura de pantalla del mensaje de error recibido.,En proceso,0
TK-00908,2025-04-25,22/05/2025,Contabilidad,Capacitación,Alta,Correo,usuario037@lafortuna.com.co,Cuándo es la próxima inducción,El caso fue reportado por teléfono y se registra para trazabilidad.,CERRADO,0
TK-01802,14-Abr-2026,,Comercial,software,CRITICA,Mesa de ayuda,usuario033@lafortuna.com.co,Error al guardar el formulario de ingreso,Se adjunta captura de pantalla del mensaje de error recibido.,REABIERTO,1
TK-00012,27/02/2026,13-Mar-2026,Operaciones,compras,Media,Mesa de ayuda,usuario156@lafortuna.com.co,Estado de la orden de compra 4471,El caso fue reportado por teléfono y se registra para trazabilidad.,reabierto,2
TK-00974,2025-08-28,,Talento Humano,hardware,MEDIA,correo,usuario103@lafortuna.com.co,El teclado dejó de responder,Se adjunta captura de pantalla del mensaje de error recibido.,reabierto,2
TK-01558,06/04/2025,2025-04-19,Comercial,Software,3-Baja,Mesa de ayuda,usuario015@lafortuna.com.co,Error al guardar el formulario de ingreso,El caso fue reportado por teléfono y se registra para trazabilidad.,CERRADO,0
TK-00129,2025-03-02,,Operaciones,informes,Media,Teléfono,usuario019@lafortuna.com.co,El reporte no incluye la sede nueva,Se adjunta captura de pantalla del mensaje de error recibido.,Escalado,0
TK-00733,08/11/2025,23/11/2025,Comercial,OTROS,baja,correo,usuario033@lafortuna.com.co,Solicitud varias,,reabierto,2
TK-00704,06/10/2025,,Talento Humano,Órdenes de compra,ALTA,correo,usuario114@lafortuna.com.co,El proveedor no ha entregado lo solicitado,Se solicita atención prioritaria porque afecta la operación del área y el cierre del periodo.,Abierto,0
TK-01612,2025-04-06,,Calidad,informes,ALTA,Teléfono,usuario035@lafortuna.com.co,Necesito el reporte de ventas del trimestre,Se solicita atención prioritaria porque afecta la operación del área y el cierre del periodo.,abierto,0
TK-00056,2025-01-20,,Comercial,Gestion de accesos,alta,Teléfono,usuario064@lafortuna.com.co,Se bloqueó mi usuario tras varios intentos,El usuario reporta la novedad desde el inicio de la jornada y requiere solución para continuar con su labor.,Abierto,0
TK-00778,19/01/2026,,Comercial,Ordenes de compra,ALTA,Teléfono,usuario056@lafortuna.com.co,Estado de la orden de compra 4471,Se solicita atención prioritaria porque afecta la operación del área y el cierre del periodo.,REABIERTO,1
TK-01953,24-Jul-2025,,Operaciones,ACCESOS,ALTA,correo,usuario178@lafortuna.com.co,Me retiraron el acceso y aún trabajo en el proceso,Se adjunta captura de pantalla del mensaje de error recibido.,reabierto,1
TK-01172,28-Jul-2025,02-Sep-2025,Aplicaciones,RED,Baja,Telefono,usuario080@lafortuna.com.co,Sin internet en el segundo piso,El usuario reporta la novedad desde el inicio de la jornada y requiere solución para continuar con su labor.,REABIERTO,1
TK-00997,03-Abr-2026,,Contabilidad,Acceso,2-Media,Mesa de ayuda,usuario017@lafortuna.com.co,Me retiraron el acceso y aún trabajo en el proceso,El caso fue reportado por teléfono y se registra para trazabilidad.,Reabierto,1
TK-01650,29-Jun-2026,,Calidad,Red,Baja,Formulario web,usuario117@lafortuna.com.co,Sin internet en el segundo piso,El caso fue reportado por teléfono y se registra para trazabilidad.,Abierto,0
TK-01235,25-Sep-2025,24-Oct-2025,Contabilidad,equipos,Media,correo,usuario059@lafortuna.com.co,El teclado dejó de responder,Requerimiento remitido por la jefatura del área para gestión.,Cerrado,0
TK-01800,2026-01-31,,Infraestructura,SOFTWARE,alta,Teléfono,usuario043@lafortuna.com.co,Aparece un mensaje de sesión expirada cada cinco minutos,Se adjunta captura de pantalla del mensaje de error recibido.,reabierto,1
TK-01535,12-Ene-2025,,Contabilidad,software,baja,Correo,usuario016@lafortuna.com.co,Aparece un mensaje de sesión expirada cada cinco minutos,Requerimiento remitido por la jefatura del área para gestión.,reabierto,2
TK-00187,20-Ene-2025,2025-02-04,Aplicaciones,Gestión de accesos,1-Alta,correo,usuario107@lafortuna.com.co,Me retiraron el acceso y aún trabajo en el proceso,El caso fue reportado por teléfono y se registra para trazabilidad.,cerrado,0
TK-00655,27/07/2025,,Operaciones,RED,Crítica,Telefono,usuario124@lafortuna.com.co,Muy lenta la conexión en la bodega,El solicitante indica que la novedad se presenta de forma intermitente desde hace tres días.,Abierto,0
TK-01086,2025-04-24,,Calidad,Aplicaciones,media,Mesa de ayuda,usuario171@lafortuna.com.co,La aplicación se cierra al generar el informe,El caso fue reportado por teléfono y se registra para trazabilidad.,en proceso,0
TK-00674,10/01/2025,,Compras,HARDWARE,Critica,Formulario web,usuario123@lafortuna.com.co,El portátil no enciende desde ayer,Se solicita atención prioritaria porque afecta la operación del área y el cierre del periodo.,Escalado,0
TK-00326,01/03/2025,,Comercial,Nomina,alta,Correo,,Diferencia en el pago de horas extras,El caso fue reportado por teléfono y se registra para trazabilidad.,abierto,0
TK-01594,2025-02-23,02/03/2025,Infraestructura,hardware,Alta,Teléfono,usuario034@lafortuna.com.co,La impresora de la sede norte imprime rayada,El caso fue reportado por teléfono y se registra para trazabilidad.,Cerrado,0
TK-01377,25/03/2025,04-Abr-2025,Calidad,Incidente,media,Formulario web,usuario003@lafortuna.com.co,Se cayó el servicio de facturación,,REABIERTO,1
TK-00688,20-Jun-2026,2026-07-14,Calidad,Gestion de accesos,alta,Formulario web,usuario139@lafortuna.com.co,Solicito permiso al módulo de cartera,El usuario reporta la novedad desde el inicio de la jornada y requiere solución para continuar con su labor.,en proceso,0
TK-01231,26/02/2026,,Infraestructura,Vacaciones,baja,Teléfono,usuario023@lafortuna.com.co,Con cuánta anticipación debo solicitar vacaciones,Requerimiento remitido por la jefatura del área para gestión.,REABIERTO,2
TK-01442,2026-05-30,,Talento Humano,Software,CRITICA,correo,usuario178@lafortuna.com.co,Necesito que instalen el visor de planos,El caso fue reportado por teléfono y se registra para trazabilidad.,Escalado,0
TK-00333,2025-03-23,2025-04-29,Compras,Acceso,2-Media,Formulario web,usuario005@lafortuna.com.co,No puedo entrar al sistema Centrica,,en proceso,0
TK-01006,2025-04-29,,Operaciones,Sin clasificar,Baja,correo,usuario093@lafortuna.com.co,Requerimiento del área,El caso fue reportado por teléfono y se registra para trazabilidad.,Escalado,0
TK-01602,2025-04-13,03/05/2025,Operaciones,Acceso,2-Media,Mesa de ayuda,usuario110@lafortuna.com.co,Se bloqueó mi usuario tras varios intentos,El caso fue reportado por teléfono y se registra para trazabilidad.,cerrado,0
TK-00033,30/01/2026,,Aplicaciones,Incidente,media,Correo,usuario043@lafortuna.com.co,Pérdida de información en el módulo de inventario,Se adjunta captura de pantalla del mensaje de error recibido.,abierto,0
TK-00265,2026-03-27,,Comercial,VACACIONES,CRITICA,Teléfono,usuario166@lafortuna.com.co,Cuántos días tengo acumulados,,Escalado,0
TK-01582,15/06/2026,19-Jun-2026,Comercial,Accesos,CRITICA,Telefono,usuario055@lafortuna.com.co,No puedo entrar al sistema Centrica,El solicitante indica que la novedad se presenta de forma intermitente desde hace tres días.,CERRADO,0
TK-01705,21-Jul-2025,,Calidad,Gestión de accesos,media,formulario,usuario113@lafortuna.com.co,No puedo entrar al sistema Centrica,El solicitante indica que la novedad se presenta de forma intermitente desde hace tres días.,reabierto,3
TK-01106,2025-02-19,,Aplicaciones,Vacaciones,1-Alta,Correo,usuario169@lafortuna.com.co,Cuántos días tengo acumulados,Requerimiento remitido por la jefatura del área para gestión.,abierto,0
TK-01103,17-Ene-2025,,Aplicaciones,equipos,Media,correo,usuario083@lafortuna.com.co,Necesito un monitor adicional para el puesto,Se solicita atención prioritaria porque afecta la operación del área y el cierre del periodo.,En proceso,0
TK-01207,09/09/2025,,Infraestructura,VACACIONES,Media,formulario,usuario152@lafortuna.com.co,Puedo dividir mis vacaciones en dos periodos,Se adjunta captura de pantalla del mensaje de error recibido.,REABIERTO,2
TK-00481,2025-05-24,,Calidad,,2-Media,formulario,usuario030@lafortuna.com.co,Consulta general,,Escalado,0
TK-01692,02/10/2025,,Operaciones,Sin clasificar,ALTA,formulario,usuario075@lafortuna.com.co,Consulta general,El caso fue reportado por teléfono y se registra para trazabilidad.,Reabierto,1
TK-01756,19-Ene-2025,,Aplicaciones,VACACIONES,Media,Correo,usuario108@lafortuna.com.co,Me negaron las vacaciones solicitadas,El solicitante indica que la novedad se presenta de forma intermitente desde hace tres días.,REABIERTO,3
TK-00342,2026-03-09,31-Mar-2026,Aplicaciones,Nomina,CRITICA,Mesa de ayuda,usuario018@lafortuna.com.co,No me llegó el desprendible de pago,Requerimiento remitido por la jefatura del área para gestión.,Cerrado,0
TK-00690,18/04/2026,,Operaciones,HARDWARE,Media,Teléfono,usuario082@lafortuna.com.co,La impresora de la sede norte imprime rayada,Se solicita atención prioritaria porque afecta la operación del área y el cierre del periodo.,REABIERTO,1
TK-00671,2025-08-30,2025-09-15,Contabilidad,viáticos,baja,Mesa de ayuda,usuario106@lafortuna.com.co,No me han reembolsado los gastos del mes pasado,El usuario reporta la novedad desde el inicio de la jornada y requiere solución para continuar con su labor.,Cerrado,0
TK-00114,24-Jun-2025,,Compras,Equipos,ALTA,Telefono,usuario177@lafortuna.com.co,Necesito un monitor adicional para el puesto,El solicitante indica que la novedad se presenta de forma intermitente desde hace tres días.,Reabierto,3
TK-00460,02-Ene-2026,11/01/2026,Contabilidad,Sin clasificar,Crítica,Mesa de ayuda,usuario161@lafortuna.com.co,Pendiente por definir,,CERRADO,0
TK-01212,12-Jun-2025,,Calidad,software,MEDIA,Correo,usuario045@lafortuna.com.co,Necesito que instalen el visor de planos,El usuario reporta la novedad desde el inicio de la jornada y requiere solución para continuar con su labor.,en proceso,0
TK-00111,2025-08-26,,Contabilidad,vacaciones,Media,formulario,usuario093@lafortuna.com.co,Con cuánta anticipación debo solicitar vacaciones,Se adjunta captura de pantalla del mensaje de error recibido.,En proceso,0
TK-00935,2026-04-26,,Aplicaciones,red,CRITICA,Mesa de ayuda,usuario047@lafortuna.com.co,Sin internet en el segundo piso,,En proceso,0
TK-01917,2025-06-28,28/06/2025,Aplicaciones,INCIDENTE,CRITICA,formulario,usuario001@lafortuna.com.co,Se cayó el servicio de facturación,,cerrado,0
TK-00745,2025-07-29,,Calidad,Vacaciones,3-Baja,Telefono,usuario017@lafortuna.com.co,Con cuánta anticipación debo solicitar vacaciones,Se adjunta captura de pantalla del mensaje de error recibido.,Escalado,0
TK-00220,20/10/2025,10/11/2025,Operaciones,informes,Critica,formulario,usuario148@lafortuna.com.co,Necesito el reporte de ventas del trimestre,El solicitante indica que la novedad se presenta de forma intermitente desde hace tres días.,CERRADO,1
TK-01656,2025-11-10,20/12/2025,Contabilidad,Gestión de accesos,Critica,formulario,usuario117@lafortuna.com.co,Solicito permiso al módulo de cartera,Se solicita atención prioritaria porque afecta la operación del área y el cierre del periodo.,CERRADO,0
TK-00409,2025-11-27,,Compras,reportes,ALTA,Mesa de ayuda,usuario043@lafortuna.com.co,Necesito el reporte de ventas del trimestre,Se adjunta captura de pantalla del mensaje de error recibido.,En proceso,0
TK-00426,11-Jun-2025,2025-07-02,Compras,incidente,ALTA,correo,usuario124@lafortuna.com.co,Los usuarios reportan lentitud generalizada,,Cerrado,1
TK-01123,08-Dic-2025,,Contabilidad,incidente,alta,formulario,usuario081@lafortuna.com.co,Caída total del sistema en la sede principal,Se solicita atención prioritaria porque afecta la operación del área y el cierre del periodo.,En proceso,0
TK-00315,2025-05-23,,Infraestructura,Aplicaciones,baja,Correo,usuario017@lafortuna.com.co,La versión instalada no coincide con la del área,,Reabierto,1
TK-01952,02-Abr-2026,,Comercial,Reportes,CRITICA,Telefono,usuario077@lafortuna.com.co,Solicito exportar el listado a Excel,El caso fue reportado por teléfono y se registra para trazabilidad.,Reabierto,1
TK-01217,2025-02-11,,Talento Humano,OTROS,media,Formulario web,usuario049@lafortuna.com.co,Requerimiento del área,El solicitante indica que la novedad se presenta de forma intermitente desde hace tres días.,abierto,0
TK-01731,20-Feb-2025,,Calidad,Aplicaciones,alta,Correo,usuario131@lafortuna.com.co,La aplicación se cierra al generar el informe,El solicitante indica que la novedad se presenta de forma intermitente desde hace tres días.,En proceso,0
TK-01184,22-Nov-2025,,Operaciones,hardware,Crítica,Teléfono,usuario026@lafortuna.com.co,El portátil no enciende desde ayer,El solicitante indica que la novedad se presenta de forma intermitente desde hace tres días.,Reabierto,2
TK-00067,05/03/2025,16-Mar-2025,Calidad,OTROS,Alta,Teléfono,usuario093@lafortuna.com.co,Pendiente por definir,El usuario reporta la novedad desde el inicio de la jornada y requiere solución para continuar con su labor.,Cerrado,0
TK-01839,17/01/2025,,Infraestructura,Reportes,Critica,formulario,usuario128@lafortuna.com.co,Necesito el reporte de ventas del trimestre,Se solicita atención prioritaria porque afecta la operación del área y el cierre del periodo.,Abierto,0
TK-00467,2025-02-14,17-Mar-2025,Infraestructura,aplicaciones,media,Correo,usuario019@lafortuna.com.co,Aparece un mensaje de sesión expirada cada cinco minutos,Requerimiento remitido por la jefatura del área para gestión.,Escalado,0
TK-01419,2025-04-13,,Contabilidad,otros,Baja,correo,usuario103@lafortuna.com.co,Requerimiento del área,El solicitante indica que la novedad se presenta de forma intermitente desde hace tres días.,En proceso,0
TK-01397,2025-06-20,2025-07-15,Operaciones,aplicaciones,alta,Telefono,usuario032@lafortuna.com.co,Necesito que instalen el visor de planos,Requerimiento remitido por la jefatura del área para gestión.,cerrado,0
TK-01245,10-Sep-2025,,Contabilidad,Aplicaciones,1-Alta,Telefono,usuario038@lafortuna.com.co,Aparece un mensaje de sesión expirada cada cinco minutos,,Escalado,0
TK-01696,2025-07-11,2025-07-20,Contabilidad,Equipos,Crítica,Correo,usuario057@lafortuna.com.co,Necesito un monitor adicional para el puesto,El caso fue reportado por teléfono y se registra para trazabilidad.,reabierto,1
TK-00866,08-May-2025,,Talento Humano,aplicaciones,Baja,formulario,usuario057@lafortuna.com.co,La aplicación se cierra al generar el informe,,reabierto,3
TK-01534,2026-04-26,,Operaciones,ACCESOS,Critica,correo,usuario138@lafortuna.com.co,Solicito permiso al módulo de cartera,El caso fue reportado por teléfono y se registra para trazabilidad.,REABIERTO,3
TK-01302,2025-03-03,26-Mar-2025,Operaciones,HARDWARE,MEDIA,Formulario web,usuario014@lafortuna.com.co,Solicito reposición de diadema dañada,Requerimiento remitido por la jefatura del área para gestión.,REABIERTO,1
TK-00118,17/05/2026,29-May-2026,Talento Humano,hardware,Media,Teléfono,usuario143@lafortuna.com.co,El portátil no enciende desde ayer,El caso fue reportado por teléfono y se registra para trazabilidad.,Cerrado,0
TK-01311,28-Ene-2026,,Aplicaciones,software,Media,correo,usuario036@lafortuna.com.co,Error al guardar el formulario de ingreso,,Abierto,0
TK-00907,25-Feb-2025,,Calidad,Red,Media,Correo,usuario068@lafortuna.com.co,Sin internet en el segundo piso,El usuario reporta la novedad desde el inicio de la jornada y requiere solución para continuar con su labor.,REABIERTO,3
TK-01194,2025-04-02,,Talento Humano,NOMINA,ALTA,Formulario web,usuario011@lafortuna.com.co,Diferencia en el pago de horas extras,El caso fue reportado por teléfono y se registra para trazabilidad.,En proceso,0
TK-01277,10-Abr-2025,,Calidad,Incidente,CRITICA,formulario,usuario125@lafortuna.com.co,Pérdida de información en el módulo de inventario,Se adjunta captura de pantalla del mensaje de error recibido.,En proceso,0
TK-00553,2025-10-18,,Talento Humano,Conectividad,alta,Telefono,usuario037@lafortuna.com.co,Muy lenta la conexión en la bodega,Requerimiento remitido por la jefatura del área para gestión.,En proceso,0
TK-00699,25/01/2025,,Operaciones,Aplicaciones,3-Baja,correo,usuario126@lafortuna.com.co,Error al guardar el formulario de ingreso,,abierto,0
TK-00629,2025-04-13,,Calidad,Gestión de accesos,MEDIA,formulario,usuario160@lafortuna.com.co,Necesito acceso a la carpeta compartida de mi área,Se solicita atención prioritaria porque afecta la operación del área y el cierre del periodo.,Escalado,0
TK-00474,2025-06-10,,Comercial,otros,MEDIA,Correo,usuario083@lafortuna.com.co,Solicitud varias,El usuario reporta la novedad desde el inicio de la jornada y requiere solución para continuar con su labor.,abierto,0
TK-00341,06-Dic-2025,17/12/2025,Aplicaciones,otros,baja,correo,usuario001@lafortuna.com.co,Consulta general,Se adjunta captura de pantalla del mensaje de error recibido.,cerrado,0
TK-00917,03-Jun-2026,2026-06-14,Aplicaciones,viaticos,Baja,Mesa de ayuda,usuario054@lafortuna.com.co,No me han reembolsado los gastos del mes pasado,El usuario reporta la novedad desde el inicio de la jornada y requiere solución para continuar con su labor.,Cerrado,0
TK-00151,21/12/2025,,Calidad,hardware,MEDIA,Formulario web,usuario146@lafortuna.com.co,Solicito reposición de diadema dañada,Se adjunta captura de pantalla del mensaje de error recibido.,Reabierto,1
TK-01101,09/01/2026,2026-02-13,Operaciones,vacaciones,ALTA,formulario,usuario030@lafortuna.com.co,Me negaron las vacaciones solicitadas,Se solicita atención prioritaria porque afecta la operación del área y el cierre del periodo.,reabierto,3
TK-01518,02-May-2025,,Talento Humano,Acceso,MEDIA,correo,usuario062@lafortuna.com.co,Me retiraron el acceso y aún trabajo en el proceso,Requerimiento remitido por la jefatura del área para gestión.,En proceso,0
TK-01657,2025-12-17,,Contabilidad,red,baja,Mesa de ayuda,usuario061@lafortuna.com.co,No carga el sistema desde la sede sur,El caso fue reportado por teléfono y se registra para trazabilidad.,Escalado,0
TK-01583,2025-02-12,,Operaciones,Software,2-Media,correo,usuario023@lafortuna.com.co,Aparece un mensaje de sesión expirada cada cinco minutos,Requerimiento remitido por la jefatura del área para gestión.,Reabierto,1
TK-00985,2025-01-11,,Aplicaciones,Accesos,MEDIA,formulario,usuario049@lafortuna.com.co,No puedo entrar al sistema Centrica,El solicitante indica que la novedad se presenta de forma intermitente desde hace tres días.,Abierto,0
TK-01574,01-Feb-2026,2026-02-07,Comercial,nomina,1-Alta,Formulario web,usuario068@lafortuna.com.co,Error en el descuento de la quincena,Se solicita atención prioritaria porque afecta la operación del área y el cierre del periodo.,cerrado,0
TK-01255,2025-01-01,02-Ene-2025,Operaciones,otros,3-Baja,Telefono,usuario019@lafortuna.com.co,Consulta general,El solicitante indica que la novedad se presenta de forma intermitente desde hace tres días.,Cerrado,0
TK-00140,23/03/2025,03/05/2025,Compras,vacaciones,media,Teléfono,usuario174@lafortuna.com.co,Con cuánta anticipación debo solicitar vacaciones,Requerimiento remitido por la jefatura del área para gestión.,CERRADO,0
TK-00685,24/04/2025,,Infraestructura,ACCESOS,2-Media,Teléfono,usuario131@lafortuna.com.co,Se bloqueó mi usuario tras varios intentos,Se adjunta captura de pantalla del mensaje de error recibido.,En proceso,0
TK-01661,19-Mar-2026,,Talento Humano,aplicaciones,ALTA,Correo,usuario177@lafortuna.com.co,Aparece un mensaje de sesión expirada cada cinco minutos,El caso fue reportado por teléfono y se registra para trazabilidad.,Abierto,0
TK-01073,30/06/2025,,Aplicaciones,Acceso,Crítica,Telefono,usuario170@lafortuna.com.co,No puedo entrar al sistema Centrica,,REABIERTO,3
TK-00130,06-Nov-2025,,Calidad,reportes,3-Baja,Telefono,usuario087@lafortuna.com.co,Necesito el reporte de ventas del trimestre,El caso fue reportado por teléfono y se registra para trazabilidad.,Reabierto,1
TK-01633,03/09/2025,26-Sep-2025,Contabilidad,Viáticos,Critica,formulario,usuario140@lafortuna.com.co,No me han reembolsado los gastos del mes pasado,,reabierto,2
TK-01364,20-Abr-2025,,Compras,Incidentes,CRITICA,correo,usuario020@lafortuna.com.co,Se cayó el servicio de facturación,El solicitante indica que la novedad se presenta de forma intermitente desde hace tres días.,abierto,0
TK-01176,21/01/2026,,Aplicaciones,NOMINA,CRITICA,Formulario web,usuario140@lafortuna.com.co,Solicito certificado laboral con salario,Se adjunta captura de pantalla del mensaje de error recibido.,En proceso,0
TK-01222,05/06/2025,27/06/2025,Compras,Nómina,CRITICA,Correo,usuario146@lafortuna.com.co,Error en el descuento de la quincena,El usuario reporta la novedad desde el inicio de la jornada y requiere solución para continuar con su labor.,cerrado,0
TK-00992,11/03/2025,2025-04-17,Compras,Órdenes de compra,1-Alta,formulario,,El proveedor no ha entregado lo solicitado,El usuario reporta la novedad desde el inicio de la jornada y requiere solución para continuar con su labor.,CERRADO,0
TK-00515,2025-10-26,,Contabilidad,Red,1-Alta,Teléfono,usuario112@lafortuna.com.co,No carga el sistema desde la sede sur,Se adjunta captura de pantalla del mensaje de error recibido.,En proceso,0
TK-00857,15/02/2025,27-Feb-2025,Contabilidad,compras,baja,Correo,usuario139@lafortuna.com.co,Estado de la orden de compra 4471,Se solicita atención prioritaria porque afecta la operación del área y el cierre del periodo.,Cerrado,0
TK-00547,25/09/2025,,Infraestructura,Nómina,MEDIA,formulario,usuario046@lafortuna.com.co,Diferencia en el pago de horas extras,Se solicita atención prioritaria porque afecta la operación del área y el cierre del periodo.,reabierto,2
TK-01564,2025-09-12,13-Oct-2025,Operaciones,equipos,baja,Correo,usuario051@lafortuna.com.co,Solicito reposición de diadema dañada,El caso fue reportado por teléfono y se registra para trazabilidad.,Escalado,0
TK-01811,12-Ene-2026,,Calidad,aplicaciones,Crítica,Teléfono,,Necesito que instalen el visor de planos,Se solicita atención prioritaria porque afecta la operación del área y el cierre del periodo.,REABIERTO,2
TK-01876,10-Dic-2025,,Contabilidad,accesos,3-Baja,Teléfono,usuario110@lafortuna.com.co,Me retiraron el acceso y aún trabajo en el proceso,,abierto,0
TK-00322,03/02/2025,07-Feb-2025,Calidad,INCIDENTE,Media,Telefono,usuario130@lafortuna.com.co,Los usuarios reportan lentitud generalizada,Se solicita atención prioritaria porque afecta la operación del área y el cierre del periodo.,Cerrado,0
TK-01433,2026-03-02,,Compras,Gestión de accesos,CRITICA,Correo,usuario029@lafortuna.com.co,Se bloqueó mi usuario tras varios intentos,El caso fue reportado por teléfono y se registra para trazabilidad.,abierto,0
TK-00450,2026-06-19,,Contabilidad,VACACIONES,alta,Formulario web,usuario071@lafortuna.com.co,Con cuánta anticipación debo solicitar vacaciones,Se adjunta captura de pantalla del mensaje de error recibido.,Escalado,0
TK-01639,23-Jun-2026,2026-07-05,Operaciones,Software,alta,correo,usuario027@lafortuna.com.co,La versión instalada no coincide con la del área,El caso fue reportado por teléfono y se registra para trazabilidad.,cerrado,0
TK-00975,09/09/2025,2025-09-27,Infraestructura,equipos,Crítica,Mesa de ayuda,usuario083@lafortuna.com.co,La impresora de la sede norte imprime rayada,Se adjunta captura de pantalla del mensaje de error recibido.,Cerrado,1
TK-01939,01/03/2026,2026-03-19,Talento Humano,,2-Media,correo,usuario110@lafortuna.com.co,Consulta general,Se adjunta captura de pantalla del mensaje de error recibido.,CERRADO,0
TK-00076,2025-03-15,,Talento Humano,Red,Crítica,Telefono,usuario136@lafortuna.com.co,La VPN se desconecta cada media hora,El caso fue reportado por teléfono y se registra para trazabilidad.,Escalado,0
TK-01883,29/11/2025,,Contabilidad,aplicaciones,ALTA,formulario,,La aplicación se cierra al generar el informe,Se solicita atención prioritaria porque afecta la operación del área y el cierre del periodo.,Abierto,
TK-01513,27/06/2026,27/07/2026,Calidad,nomina,CRITICA,Formulario web,usuario113@lafortuna.com.co,Error en el descuento de la quincena,El usuario reporta la novedad desde el inicio de la jornada y requiere solución para continuar con su labor.,Cerrado,0
TK-01541,28/04/2026,,Contabilidad,viáticos,alta,Teléfono,usuario047@lafortuna.com.co,Necesito anticipo para comisión,,Abierto,0
TK-01830,2026-02-13,,Comercial,viáticos,MEDIA,Formulario web,usuario023@lafortuna.com.co,Cómo legalizo los viáticos del viaje a la costa,Se solicita atención prioritaria porque afecta la operación del área y el cierre del periodo.,Abierto,0
TK-00581,07/07/2025,,Talento Humano,Nomina,2-Media,Correo,usuario019@lafortuna.com.co,Diferencia en el pago de horas extras,El caso fue reportado por teléfono y se registra para trazabilidad.,en proceso,0
TK-01574,01-Feb-2026,2026-02-07,Comercial,nomina,1-Alta,Formulario web,usuario068@lafortuna.com.co,Error en el descuento de la quincena,Se solicita atención prioritaria porque afecta la operación del área y el cierre del periodo.,cerrado,0
TK-01097,27-May-2025,,Talento Humano,incidente,Critica,correo,usuario069@lafortuna.com.co,Pérdida de información en el módulo de inventario,El caso fue reportado por teléfono y se registra para trazabilidad.,Abierto,
TK-01763,2025-12-15,,Compras,hardware,2-Media,Telefono,usuario110@lafortuna.com.co,Solicito reposición de diadema dañada,,REABIERTO,2
TK-01182,03-Jul-2025,06/07/2025,Comercial,equipos,Critica,formulario,usuario179@lafortuna.com.co,El portátil no enciende desde ayer,El solicitante indica que la novedad se presenta de forma intermitente desde hace tres días.,cerrado,0
TK-00107,31-Ago-2025,,Contabilidad,Informes,3-Baja,formulario,usuario125@lafortuna.com.co,El informe muestra cifras distintas al sistema,El usuario reporta la novedad desde el inicio de la jornada y requiere solución para continuar con su labor.,En proceso,0
TK-00953,2025-05-18,,Contabilidad,Sin clasificar,Baja,correo,usuario092@lafortuna.com.co,Pendiente por definir,Requerimiento remitido por la jefatura del área para gestión.,reabierto,3
TK-00879,03/03/2026,2026-03-26,Aplicaciones,OTROS,Critica,correo,usuario055@lafortuna.com.co,Requerimiento del área,Requerimiento remitido por la jefatura del área para gestión.,CERRADO,0
TK-01299,2025-09-09,2025-10-20,Infraestructura,SOFTWARE,3-Baja,Formulario web,usuario110@lafortuna.com.co,Aparece un mensaje de sesión expirada cada cinco minutos,Se solicita atención prioritaria porque afecta la operación del área y el cierre del periodo.,cerrado,0
TK-01262,10/05/2026,,Compras,Incidentes,CRITICA,formulario,usuario140@lafortuna.com.co,Pérdida de información en el módulo de inventario,,REABIERTO,2
TK-00976,30-Ene-2025,2025-02-14,Talento Humano,Viaticos,Critica,Formulario web,usuario084@lafortuna.com.co,No me han reembolsado los gastos del mes pasado,El usuario reporta la novedad desde el inicio de la jornada y requiere solución para continuar con su labor.,en proceso,0
TK-01298,2026-05-18,31-May-2026,Aplicaciones,aplicaciones,1-Alta,Correo,usuario146@lafortuna.com.co,La versión instalada no coincide con la del área,El solicitante indica que la novedad se presenta de forma intermitente desde hace tres días.,Cerrado,0
TK-00813,20/02/2026,02/04/2026,Contabilidad,OTROS,alta,Mesa de ayuda,usuario007@lafortuna.com.co,Solicitud varias,Se solicita atención prioritaria porque afecta la operación del área y el cierre del periodo.,REABIERTO,
TK-00837,14/05/2026,,Comercial,Reportes,Media,Mesa de ayuda,usuario033@lafortuna.com.co,Necesito el reporte de ventas del trimestre,Requerimiento remitido por la jefatura del área para gestión.,REABIERTO,3
TK-00568,13/04/2025,2025-04-28,Comercial,viaticos,1-Alta,Mesa de ayuda,usuario007@lafortuna.com.co,Necesito anticipo para comisión,Requerimiento remitido por la jefatura del área para gestión.,CERRADO,0
TK-01894,13-Mar-2025,2025-03-13,Infraestructura,Informes,MEDIA,formulario,usuario075@lafortuna.com.co,Solicito exportar el listado a Excel,El usuario reporta la novedad desde el inicio de la jornada y requiere solución para continuar con su labor.,Cerrado,0
TK-01308,15/06/2026,17-Jun-2026,Infraestructura,red,Crítica,Teléfono,usuario120@lafortuna.com.co,La VPN se desconecta cada media hora,Se adjunta captura de pantalla del mensaje de error recibido.,CERRADO,0
TK-00312,2026-02-27,,Infraestructura,Capacitacion,1-Alta,Mesa de ayuda,usuario174@lafortuna.com.co,Cuándo es la próxima inducción,Requerimiento remitido por la jefatura del área para gestión.,Escalado,0
TK-00719,10/01/2025,,Aplicaciones,aplicaciones,ALTA,Teléfono,usuario087@lafortuna.com.co,La versión instalada no coincide con la del área,Requerimiento remitido por la jefatura del área para gestión.,REABIERTO,3
TK-01291,2025-01-13,,Calidad,red,3-Baja,Correo,,No carga el sistema desde la sede sur,Requerimiento remitido por la jefatura del área para gestión.,en proceso,0
TK-00915,04-Jun-2025,,Compras,Otros,3-Baja,correo,usuario045@lafortuna.com.co,Solicitud varias,El solicitante indica que la novedad se presenta de forma intermitente desde hace tres días.,Abierto,0
TK-01681,15/06/2026,2026-07-01,Contabilidad,HARDWARE,1-Alta,Teléfono,usuario009@lafortuna.com.co,El portátil no enciende desde ayer,,cerrado,0
TK-00420,2026-04-03,,Infraestructura,Incidente,Alta,Teléfono,usuario164@lafortuna.com.co,Caída total del sistema en la sede principal,Requerimiento remitido por la jefatura del área para gestión.,REABIERTO,3
TK-00668,23/10/2025,2025-11-30,Compras,RED,Media,Mesa de ayuda,usuario137@lafortuna.com.co,No carga el sistema desde la sede sur,El usuario reporta la novedad desde el inicio de la jornada y requiere solución para continuar con su labor.,en proceso,0
TK-01943,09/02/2025,19/02/2025,Infraestructura,Aplicaciones,baja,Telefono,usuario174@lafortuna.com.co,La versión instalada no coincide con la del área,Se adjunta captura de pantalla del mensaje de error recibido.,CERRADO,0
TK-01462,26/04/2026,,Contabilidad,capacitación,Critica,Teléfono,usuario167@lafortuna.com.co,Solicito capacitación en el módulo nuevo,El solicitante indica que la novedad se presenta de forma intermitente desde hace tres días.,Escalado,0
TK-00961,01-Sep-2025,,Compras,RED,2-Media,Formulario web,usuario031@lafortuna.com.co,Muy lenta la conexión en la bodega,El usuario reporta la novedad desde el inicio de la jornada y requiere solución para continuar con su labor.,en proceso,0
TK-00959,2025-03-08,23/03/2025,Calidad,red,ALTA,Telefono,usuario155@lafortuna.com.co,La VPN se desconecta cada media hora,El caso fue reportado por teléfono y se registra para trazabilidad.,Cerrado,0
TK-00032,2025-04-05,11-Abr-2025,Calidad,SOFTWARE,baja,formulario,usuario139@lafortuna.com.co,Necesito que instalen el visor de planos,,CERRADO,0
TK-01718,29-Ago-2025,,Operaciones,Accesos,MEDIA,Telefono,usuario157@lafortuna.com.co,Se bloqueó mi usuario tras varios intentos,El caso fue reportado por teléfono y se registra para trazabilidad.,reabierto,1
TK-00871,2025-03-08,,Comercial,Informes,alta,Formulario web,usuario020@lafortuna.com.co,Solicito exportar el listado a Excel,El usuario reporta la novedad desde el inicio de la jornada y requiere solución para continuar con su labor.,Escalado,0
TK-01431,31/07/2025,,Calidad,OTROS,Critica,Mesa de ayuda,usuario094@lafortuna.com.co,Requerimiento del área,El solicitante indica que la novedad se presenta de forma intermitente desde hace tres días.,En proceso,0
TK-00555,02/02/2025,,Contabilidad,INCIDENTE,2-Media,Mesa de ayuda,usuario086@lafortuna.com.co,Pérdida de información en el módulo de inventario,Se solicita atención prioritaria porque afecta la operación del área y el cierre del periodo.,en proceso,0
TK-01225,2025-01-22,,Aplicaciones,capacitación,Alta,Mesa de ayuda,,Solicito capacitación en el módulo nuevo,Requerimiento remitido por la jefatura del área para gestión.,abierto,0
TK-01247,05/09/2025,,Operaciones,Viaticos,1-Alta,formulario,usuario054@lafortuna.com.co,Necesito anticipo para comisión,Se adjunta captura de pantalla del mensaje de error recibido.,en proceso,0
TK-01325,2025-07-28,,Contabilidad,OTROS,2-Media,correo,usuario079@lafortuna.com.co,Requerimiento del área,Se solicita atención prioritaria porque afecta la operación del área y el cierre del periodo.,REABIERTO,1
TK-01170,2025-10-20,,Calidad,HARDWARE,2-Media,formulario,usuario033@lafortuna.com.co,El teclado dejó de responder,,En proceso,0
TK-00785,21/04/2025,28-May-2025,Operaciones,Nomina,baja,Formulario web,usuario102@lafortuna.com.co,Solicito certificado laboral con salario,El usuario reporta la novedad desde el inicio de la jornada y requiere solución para continuar con su labor.,cerrado,0
TK-00374,2025-01-11,,Contabilidad,Equipos,alta,Formulario web,usuario170@lafortuna.com.co,El teclado dejó de responder,El solicitante indica que la novedad se presenta de forma intermitente desde hace tres días.,en proceso,0
TK-00852,18/05/2026,,Talento Humano,incidente,Critica,Telefono,usuario029@lafortuna.com.co,Caída total del sistema en la sede principal,Se adjunta captura de pantalla del mensaje de error recibido.,REABIERTO,1
TK-01095,18-Abr-2025,04-May-2025,Compras,ACCESOS,media,Teléfono,usuario109@lafortuna.com.co,No puedo entrar al sistema Centrica,El caso fue reportado por teléfono y se registra para trazabilidad.,CERRADO,0
TK-00501,08/04/2025,,Comercial,SOFTWARE,alta,Formulario web,usuario008@lafortuna.com.co,Necesito que instalen el visor de planos,Requerimiento remitido por la jefatura del área para gestión.,reabierto,1
TK-01556,2025-11-26,,Comercial,OTROS,Critica,Telefono,usuario013@lafortuna.com.co,Pendiente por definir,El solicitante indica que la novedad se presenta de forma intermitente desde hace tres días.,REABIERTO,2
TK-00261,20-Sep-2025,,Operaciones,SOFTWARE,2-Media,Mesa de ayuda,,Aparece un mensaje de sesión expirada cada cinco minutos,Se solicita atención prioritaria porque afecta la operación del área y el cierre del periodo.,en proceso,0
TK-01228,2026-04-13,22/05/2026,Compras,Red,3-Baja,Mesa de ayuda,usuario159@lafortuna.com.co,No carga el sistema desde la sede sur,Se solicita atención prioritaria porque afecta la operación del área y el cierre del periodo.,Cerrado,0
TK-01139,11-Jun-2025,23/07/2025,Aplicaciones,vacaciones,Alta,correo,usuario169@lafortuna.com.co,Con cuánta anticipación debo solicitar vacaciones,Se solicita atención prioritaria porque afecta la operación del área y el cierre del periodo.,cerrado,0
TK-00362,2025-10-15,2025-11-08,Infraestructura,Sin clasificar,alta,Telefono,usuario130@lafortuna.com.co,Solicitud varias,Se adjunta captura de pantalla del mensaje de error recibido.,CERRADO,0
TK-00224,22/01/2025,,Aplicaciones,nomina,media,Mesa de ayuda,usuario125@lafortuna.com.co,No me llegó el desprendible de pago,El solicitante indica que la novedad se presenta de forma intermitente desde hace tres días.,abierto,0
TK-00324,24-Jul-2025,05-Ago-2025,Operaciones,compras,3-Baja,correo,usuario035@lafortuna.com.co,Cómo registro un proveedor nuevo,,Cerrado,0
TK-01268,29-Mar-2025,09/05/2025,Comercial,compras,Crítica,Teléfono,usuario158@lafortuna.com.co,Necesito cotización para equipos de la bodega,,cerrado,0
TK-00951,22-Mar-2025,30/04/2025,Calidad,Otros,Crítica,Correo,usuario030@lafortuna.com.co,Requerimiento del área,El usuario reporta la novedad desde el inicio de la jornada y requiere solución para continuar con su labor.,Escalado,0
TK-00176,2025-03-26,,Talento Humano,Nomina,alta,correo,usuario008@lafortuna.com.co,Diferencia en el pago de horas extras,El solicitante indica que la novedad se presenta de forma intermitente desde hace tres días.,En proceso,0
TK-00563,2026-05-31,19-Jun-2026,Operaciones,red,Baja,correo,usuario031@lafortuna.com.co,Sin internet en el segundo piso,Se adjunta captura de pantalla del mensaje de error recibido.,Cerrado,
TK-01077,07/02/2026,13/03/2026,Talento Humano,INCIDENTE,2-Media,Teléfono,usuario032@lafortuna.com.co,Caída total del sistema en la sede principal,Requerimiento remitido por la jefatura del área para gestión.,cerrado,0
TK-00283,2026-06-09,,Calidad,Aplicaciones,Critica,Correo,usuario115@lafortuna.com.co,La versión instalada no coincide con la del área,El solicitante indica que la novedad se presenta de forma intermitente desde hace tres días.,Reabierto,3
TK-00686,02-Sep-2025,07-Oct-2025,Compras,Hardware,baja,formulario,usuario026@lafortuna.com.co,El teclado dejó de responder,El solicitante indica que la novedad se presenta de forma intermitente desde hace tres días.,REABIERTO,2
TK-01338,13-Sep-2025,18/10/2025,Calidad,OTROS,1-Alta,Telefono,usuario116@lafortuna.com.co,Consulta general,,Cerrado,0
TK-01242,2026-02-24,,Infraestructura,reportes,Baja,formulario,usuario075@lafortuna.com.co,El informe muestra cifras distintas al sistema,Se solicita atención prioritaria porque afecta la operación del área y el cierre del periodo.,reabierto,3
TK-00159,10-Mar-2025,,Talento Humano,Otros,MEDIA,Telefono,usuario100@lafortuna.com.co,Requerimiento del área,,abierto,0
TK-01155,21-May-2026,,Contabilidad,capacitacion,MEDIA,Telefono,,Solicito capacitación en el módulo nuevo,Se solicita atención prioritaria porque afecta la operación del área y el cierre del periodo.,abierto,0
TK-00084,29/11/2025,,Infraestructura,Aplicaciones,1-Alta,correo,usuario089@lafortuna.com.co,Necesito que instalen el visor de planos,Se solicita atención prioritaria porque afecta la operación del área y el cierre del periodo.,En proceso,0
TK-01907,2025-12-10,,Calidad,INCIDENTE,CRITICA,Correo,usuario002@lafortuna.com.co,Caída total del sistema en la sede principal,El usuario reporta la novedad desde el inicio de la jornada y requiere solución para continuar con su labor.,Abierto,0
TK-00971,08-Feb-2026,,,Gestión de accesos,CRITICA,Teléfono,usuario093@lafortuna.com.co,Solicito permiso al módulo de cartera,Se solicita atención prioritaria porque afecta la operación del área y el cierre del periodo.,abierto,0
TK-01592,2025-08-13,,Comercial,otros,CRITICA,Correo,usuario165@lafortuna.com.co,Consulta general,Se solicita atención prioritaria porque afecta la operación del área y el cierre del periodo.,Escalado,0
TK-01566,2026-06-29,,Calidad,Conectividad,Critica,correo,usuario176@lafortuna.com.co,La VPN se desconecta cada media hora,,en proceso,0
TK-00389,10/10/2025,,Infraestructura,INCIDENTE,media,Correo,usuario163@lafortuna.com.co,Se cayó el servicio de facturación,Se solicita atención prioritaria porque afecta la operación del área y el cierre del periodo.,reabierto,3
TK-00233,08/06/2026,,,Software,media,Formulario web,usuario125@lafortuna.com.co,La aplicación se cierra al generar el informe,El solicitante indica que la novedad se presenta de forma intermitente desde hace tres días.,REABIERTO,2
TK-01567,2025-05-21,,Operaciones,nomina,baja,Telefono,usuario133@lafortuna.com.co,Diferencia en el pago de horas extras,El usuario reporta la novedad desde el inicio de la jornada y requiere solución para continuar con su labor.,Escalado,0
TK-00008,23-Oct-2025,02/12/2025,Comercial,HARDWARE,Critica,formulario,usuario150@lafortuna.com.co,Necesito un monitor adicional para el puesto,El usuario reporta la novedad desde el inicio de la jornada y requiere solución para continuar con su labor.,REABIERTO,3
TK-00836,23/05/2026,,Operaciones,Incidentes,ALTA,formulario,usuario088@lafortuna.com.co,Caída total del sistema en la sede principal,,Abierto,0
TK-01689,07-May-2025,11-Jun-2025,Infraestructura,informes,media,Correo,usuario016@lafortuna.com.co,El informe muestra cifras distintas al sistema,Requerimiento remitido por la jefatura del área para gestión.,en proceso,0
TK-00186,09-Jun-2025,,Aplicaciones,aplicaciones,ALTA,Mesa de ayuda,usuario016@lafortuna.com.co,Necesito que instalen el visor de planos,El caso fue reportado por teléfono y se registra para trazabilidad.,Abierto,0
TK-01293,10-Ago-2025,,Contabilidad,incidente,alta,formulario,usuario135@lafortuna.com.co,Se cayó el servicio de facturación,Se solicita atención prioritaria porque afecta la operación del área y el cierre del periodo.,REABIERTO,1
TK-01779,2026-03-30,31-Mar-2026,Aplicaciones,Capacitación,Critica,Correo,usuario152@lafortuna.com.co,Necesito material del curso de la semana pasada,El caso fue reportado por teléfono y se registra para trazabilidad.,CERRADO,0
TK-01138,04-Jun-2025,,Contabilidad,Compras,Alta,Mesa de ayuda,,Necesito cotización para equipos de la bodega,Se solicita atención prioritaria porque afecta la operación del área y el cierre del periodo.,En proceso,0
TK-00861,06-Feb-2026,19-Mar-2026,Infraestructura,capacitacion,baja,formulario,usuario120@lafortuna.com.co,Cuándo es la próxima inducción,Se adjunta captura de pantalla del mensaje de error recibido.,Reabierto,3
TK-01466,03/03/2025,,Talento Humano,viaticos,Crítica,formulario,usuario089@lafortuna.com.co,Necesito anticipo para comisión,Se adjunta captura de pantalla del mensaje de error recibido.,abierto,0
TK-01877,23-Sep-2025,10/10/2025,Compras,Otros,Alta,Teléfono,,Requerimiento del área,Se solicita atención prioritaria porque afecta la operación del área y el cierre del periodo.,CERRADO,0
TK-01257,07/04/2026,,Compras,Red,MEDIA,correo,usuario009@lafortuna.com.co,Muy lenta la conexión en la bodega,Se adjunta captura de pantalla del mensaje de error recibido.,abierto,0
TK-00564,21-Mar-2025,26/03/2025,Operaciones,aplicaciones,Alta,Correo,usuario091@lafortuna.com.co,Aparece un mensaje de sesión expirada cada cinco minutos,Se solicita atención prioritaria porque afecta la operación del área y el cierre del periodo.,CERRADO,0
TK-01783,2025-06-21,,Talento Humano,otros,CRITICA,Correo,usuario139@lafortuna.com.co,Requerimiento del área,,Abierto,0
TK-01879,2025-10-05,,Operaciones,nómina,1-Alta,Teléfono,usuario126@lafortuna.com.co,Solicito certificado laboral con salario,,Escalado,0
TK-00779,2025-06-19,,Contabilidad,OTROS,Critica,Formulario web,usuario165@lafortuna.com.co,Consulta general,,REABIERTO,2
TK-00590,02-Ene-2026,,Calidad,INCIDENTE,media,Teléfono,,Caída total del sistema en la sede principal,El caso fue reportado por teléfono y se registra para trazabilidad.,reabierto,3
TK-00454,06-Feb-2026,,Contabilidad,informes,Alta,correo,usuario157@lafortuna.com.co,El informe muestra cifras distintas al sistema,El caso fue reportado por teléfono y se registra para trazabilidad.,REABIERTO,3
TK-00448,2025-06-12,,Operaciones,hardware,Alta,correo,usuario060@lafortuna.com.co,El teclado dejó de responder,El caso fue reportado por teléfono y se registra para trazabilidad.,Abierto,0
TK-01402,02-Ene-2025,,Infraestructura,,2-Media,Teléfono,usuario152@lafortuna.com.co,Solicitud varias,El caso fue reportado por teléfono y se registra para trazabilidad.,Reabierto,3
TK-01320,01/02/2026,,Comercial,VACACIONES,2-Media,Mesa de ayuda,,Con cuánta anticipación debo solicitar vacaciones,Requerimiento remitido por la jefatura del área para gestión.,En proceso,0
TK-00624,20/02/2025,2025-03-17,Calidad,vacaciones,1-Alta,Formulario web,usuario068@lafortuna.com.co,Con cuánta anticipación debo solicitar vacaciones,Se adjunta captura de pantalla del mensaje de error recibido.,reabierto,3
TK-01392,30/09/2025,2025-10-11,Contabilidad,Gestion de accesos,2-Media,Telefono,usuario062@lafortuna.com.co,Solicito permiso al módulo de cartera,Requerimiento remitido por la jefatura del área para gestión.,CERRADO,1
TK-00214,10/10/2025,,Calidad,nomina,2-Media,Teléfono,usuario109@lafortuna.com.co,Error en el descuento de la quincena,Se solicita atención prioritaria porque afecta la operación del área y el cierre del periodo.,En proceso,0
TK-01020,23-Jul-2025,,Infraestructura,Incidentes,Crítica,Formulario web,usuario038@lafortuna.com.co,Se cayó el servicio de facturación,Se adjunta captura de pantalla del mensaje de error recibido.,Escalado,0
TK-00864,06-Sep-2025,20-Oct-2025,Infraestructura,Informes,Crítica,Correo,usuario023@lafortuna.com.co,El reporte no incluye la sede nueva,Se adjunta captura de pantalla del mensaje de error recibido.,cerrado,0
TK-01738,2026-05-22,,Operaciones,SOFTWARE,Media,correo,usuario116@lafortuna.com.co,La versión instalada no coincide con la del área,Se solicita atención prioritaria porque afecta la operación del área y el cierre del periodo.,Escalado,0
TK-01521,11-Mar-2026,22/04/2026,Compras,Nómina,baja,Telefono,usuario043@lafortuna.com.co,No me llegó el desprendible de pago,,Escalado,0
TK-00281,2026-06-14,27/07/2026,Operaciones,Hardware,MEDIA,Teléfono,,El teclado dejó de responder,El solicitante indica que la novedad se presenta de forma intermitente desde hace tres días.,reabierto,3
TK-01701,2025-02-13,2025-02-15,Operaciones,HARDWARE,media,correo,,Solicito reposición de diadema dañada,El usuario reporta la novedad desde el inicio de la jornada y requiere solución para continuar con su labor.,Escalado,0
TK-01871,13/03/2026,,Comercial,nomina,alta,formulario,usuario110@lafortuna.com.co,Solicito certificado laboral con salario,Requerimiento remitido por la jefatura del área para gestión.,reabierto,3
TK-00103,28/02/2026,,Talento Humano,Aplicaciones,alta,Correo,usuario020@lafortuna.com.co,Necesito que instalen el visor de planos,Se solicita atención prioritaria porque afecta la operación del área y el cierre del periodo.,abierto,0
TK-00432,2025-02-24,10-Mar-2025,Infraestructura,informes,2-Media,Teléfono,usuario015@lafortuna.com.co,El reporte no incluye la sede nueva,Requerimiento remitido por la jefatura del área para gestión.,Reabierto,3
TK-01643,2026-04-16,,Calidad,informes,1-Alta,Telefono,usuario029@lafortuna.com.co,Necesito el reporte de ventas del trimestre,El solicitante indica que la novedad se presenta de forma intermitente desde hace tres días.,Reabierto,1
TK-00458,2025-02-19,,Infraestructura,equipos,Media,Telefono,usuario097@lafortuna.com.co,El portátil no enciende desde ayer,Se solicita atención prioritaria porque afecta la operación del área y el cierre del periodo.,En proceso,
TK-00693,28-Sep-2025,,Operaciones,Reportes,media,Mesa de ayuda,usuario056@lafortuna.com.co,El informe muestra cifras distintas al sistema,El solicitante indica que la novedad se presenta de forma intermitente desde hace tres días.,reabierto,2
TK-00108,2025-11-24,2025-12-13,Talento Humano,nomina,2-Media,correo,,Solicito certificado laboral con salario,El usuario reporta la novedad desde el inicio de la jornada y requiere solución para continuar con su labor.,cerrado,0
TK-01152,2025-03-18,,Aplicaciones,Órdenes de compra,MEDIA,Mesa de ayuda,usuario088@lafortuna.com.co,El proveedor no ha entregado lo solicitado,Requerimiento remitido por la jefatura del área para gestión.,REABIERTO,2
TK-01641,2025-09-11,2025-10-21,Comercial,incidente,alta,Telefono,usuario175@lafortuna.com.co,Pérdida de información en el módulo de inventario,El caso fue reportado por teléfono y se registra para trazabilidad.,REABIERTO,2
TK-01075,03-Ago-2025,2025-08-20,Comercial,ACCESOS,Crítica,Telefono,usuario034@lafortuna.com.co,No puedo entrar al sistema Centrica,El solicitante indica que la novedad se presenta de forma intermitente desde hace tres días.,Cerrado,0
TK-01107,14/04/2026,26-Abr-2026,Contabilidad,Gestion de accesos,baja,correo,usuario134@lafortuna.com.co,No puedo entrar al sistema Centrica,El solicitante indica que la novedad se presenta de forma intermitente desde hace tres días.,CERRADO,0
TK-00149,13/12/2025,,Aplicaciones,equipos,1-Alta,Formulario web,usuario049@lafortuna.com.co,El teclado dejó de responder,Requerimiento remitido por la jefatura del área para gestión.,Escalado,0
TK-00945,08-Ago-2025,,Infraestructura,aplicaciones,3-Baja,Teléfono,usuario029@lafortuna.com.co,La versión instalada no coincide con la del área,Se adjunta captura de pantalla del mensaje de error recibido.,En proceso,0
TK-01501,03/03/2025,,Calidad,accesos,baja,Teléfono,usuario059@lafortuna.com.co,Necesito acceso a la carpeta compartida de mi área,El usuario reporta la novedad desde el inicio de la jornada y requiere solución para continuar con su labor.,Abierto,0
TK-00574,17-May-2026,,Infraestructura,Nómina,ALTA,Formulario web,usuario140@lafortuna.com.co,Error en el descuento de la quincena,Se solicita atención prioritaria porque afecta la operación del área y el cierre del periodo.,En proceso,0
TK-01527,21-Sep-2025,2025-10-05,Compras,Acceso,Baja,Formulario web,usuario180@lafortuna.com.co,Solicito permiso al módulo de cartera,Requerimiento remitido por la jefatura del área para gestión.,CERRADO,0
TK-00301,2025-11-02,,Comercial,incidente,Baja,Mesa de ayuda,usuario099@lafortuna.com.co,Caída total del sistema en la sede principal,,Abierto,0
TK-01807,06-Dic-2025,,Calidad,capacitación,Crítica,Formulario web,usuario012@lafortuna.com.co,Solicito capacitación en el módulo nuevo,El solicitante indica que la novedad se presenta de forma intermitente desde hace tres días.,Abierto,0
TK-01505,2025-01-31,,Talento Humano,Hardware,ALTA,Formulario web,,El teclado dejó de responder,El solicitante indica que la novedad se presenta de forma intermitente desde hace tres días.,reabierto,2
TK-01060,09-Dic-2025,2025-12-31,Talento Humano,Acceso,alta,correo,usuario172@lafortuna.com.co,Me retiraron el acceso y aún trabajo en el proceso,El usuario reporta la novedad desde el inicio de la jornada y requiere solución para continuar con su labor.,Cerrado,0
TK-01892,05/03/2025,10/03/2025,Talento Humano,Red,3-Baja,Formulario web,usuario120@lafortuna.com.co,Muy lenta la conexión en la bodega,El usuario reporta la novedad desde el inicio de la jornada y requiere solución para continuar con su labor.,CERRADO,0
TK-00098,25-Ago-2025,,Aplicaciones,hardware,ALTA,Formulario web,usuario138@lafortuna.com.co,El portátil no enciende desde ayer,Se solicita atención prioritaria porque afecta la operación del área y el cierre del periodo.,reabierto,3
TK-01371,06-Dic-2025,,Contabilidad,red,1-Alta,correo,usuario002@lafortuna.com.co,No carga el sistema desde la sede sur,El caso fue reportado por teléfono y se registra para trazabilidad.,abierto,0
TK-00736,24/02/2026,24/03/2026,Compras,HARDWARE,alta,correo,usuario084@lafortuna.com.co,Necesito un monitor adicional para el puesto,El usuario reporta la novedad desde el inicio de la jornada y requiere solución para continuar con su labor.,Cerrado,0
TK-01951,06/01/2026,,Compras,Accesos,ALTA,correo,usuario018@lafortuna.com.co,Me retiraron el acceso y aún trabajo en el proceso,Requerimiento remitido por la jefatura del área para gestión.,REABIERTO,1
TK-00981,2025-12-11,,Comercial,Hardware,2-Media,Formulario web,usuario098@lafortuna.com.co,Necesito un monitor adicional para el puesto,Requerimiento remitido por la jefatura del área para gestión.,Escalado,0
TK-00193,14-Abr-2026,,Operaciones,conectividad,alta,formulario,usuario062@lafortuna.com.co,Sin internet en el segundo piso,El solicitante indica que la novedad se presenta de forma intermitente desde hace tres días.,En proceso,0
TK-00972,15-Dic-2025,01/01/2026,Infraestructura,Gestion de accesos,Critica,formulario,usuario123@lafortuna.com.co,Se bloqueó mi usuario tras varios intentos,,Cerrado,0
TK-01429,11-Sep-2025,,Calidad,Aplicaciones,1-Alta,correo,usuario051@lafortuna.com.co,Necesito que instalen el visor de planos,Se adjunta captura de pantalla del mensaje de error recibido.,en proceso,0
TK-00697,2026-01-25,,Talento Humano,RED,Baja,Telefono,usuario082@lafortuna.com.co,No carga el sistema desde la sede sur,El caso fue reportado por teléfono y se registra para trazabilidad.,Abierto,0
TK-01258,26/04/2026,,Talento Humano,Capacitacion,MEDIA,correo,usuario127@lafortuna.com.co,Cuándo es la próxima inducción,Requerimiento remitido por la jefatura del área para gestión.,En proceso,0
TK-01070,10-Feb-2026,,Compras,informes,CRITICA,Telefono,,Solicito exportar el listado a Excel,Se solicita atención prioritaria porque afecta la operación del área y el cierre del periodo.,abierto,0
TK-01703,11/10/2025,,Compras,Viaticos,3-Baja,Mesa de ayuda,usuario135@lafortuna.com.co,No me han reembolsado los gastos del mes pasado,Se adjunta captura de pantalla del mensaje de error recibido.,En proceso,0
TK-01054,07/02/2025,19/02/2025,Talento Humano,Equipos,Critica,Mesa de ayuda,usuario088@lafortuna.com.co,La impresora de la sede norte imprime rayada,El caso fue reportado por teléfono y se registra para trazabilidad.,Cerrado,0
TK-00221,13-Abr-2026,04/05/2026,Infraestructura,nomina,baja,Telefono,usuario095@lafortuna.com.co,Diferencia en el pago de horas extras,Requerimiento remitido por la jefatura del área para gestión.,CERRADO,1
TK-00658,16-Dic-2025,,Operaciones,Capacitación,Critica,Formulario web,usuario117@lafortuna.com.co,Necesito material del curso de la semana pasada,Requerimiento remitido por la jefatura del área para gestión.,Escalado,0
TK-00799,21-May-2026,,Infraestructura,Gestión de accesos,CRITICA,Mesa de ayuda,usuario113@lafortuna.com.co,Se bloqueó mi usuario tras varios intentos,,abierto,0
TK-01354,14-Jul-2025,27-Jul-2025,Calidad,NOMINA,Alta,formulario,usuario131@lafortuna.com.co,Error en el descuento de la quincena,El caso fue reportado por teléfono y se registra para trazabilidad.,Cerrado,0
TK-01266,14-Dic-2025,,Operaciones,,alta,Mesa de ayuda,usuario143@lafortuna.com.co,Consulta general,,En proceso,0
TK-01604,24/06/2025,02-Ago-2025,Infraestructura,NOMINA,ALTA,formulario,usuario162@lafortuna.com.co,No me llegó el desprendible de pago,El usuario reporta la novedad desde el inicio de la jornada y requiere solución para continuar con su labor.,Cerrado,
TK-00634,22-May-2026,,Talento Humano,Acceso,Crítica,Teléfono,usuario172@lafortuna.com.co,Se bloqueó mi usuario tras varios intentos,Requerimiento remitido por la jefatura del área para gestión.,Escalado,0
TK-01285,22/01/2025,,Calidad,Órdenes de compra,Media,Formulario web,usuario095@lafortuna.com.co,El proveedor no ha entregado lo solicitado,Se solicita atención prioritaria porque afecta la operación del área y el cierre del periodo.,abierto,0
TK-00562,2026-05-21,08-Jun-2026,Calidad,Gestion de accesos,Media,correo,usuario165@lafortuna.com.co,Me retiraron el acceso y aún trabajo en el proceso,El solicitante indica que la novedad se presenta de forma intermitente desde hace tres días.,Cerrado,0
TK-01385,2025-04-09,2025-04-11,Calidad,Capacitación,Alta,formulario,,Necesito material del curso de la semana pasada,Requerimiento remitido por la jefatura del área para gestión.,CERRADO,0
TK-00842,2026-01-06,2026-02-01,Infraestructura,Accesos,Critica,Telefono,usuario170@lafortuna.com.co,Necesito acceso a la carpeta compartida de mi área,Se adjunta captura de pantalla del mensaje de error recibido.,CERRADO,0
TK-00827,2026-01-04,2026-02-02,Talento Humano,software,Baja,Telefono,usuario007@lafortuna.com.co,La aplicación se cierra al generar el informe,El caso fue reportado por teléfono y se registra para trazabilidad.,CERRADO,0
TK-00251,18-Ago-2025,11/09/2025,Calidad,conectividad,Crítica,Teléfono,usuario162@lafortuna.com.co,Sin internet en el segundo piso,El caso fue reportado por teléfono y se registra para trazabilidad.,CERRADO,0
TK-01691,2025-10-24,,,aplicaciones,Alta,correo,usuario069@lafortuna.com.co,Necesito que instalen el visor de planos,El caso fue reportado por teléfono y se registra para trazabilidad.,reabierto,3
TK-00628,08/08/2025,,Infraestructura,INCIDENTE,CRITICA,Formulario web,,Pérdida de información en el módulo de inventario,El usuario reporta la novedad desde el inicio de la jornada y requiere solución para continuar con su labor.,Escalado,0
TK-00147,21-May-2025,,Infraestructura,Viáticos,Baja,Mesa de ayuda,usuario029@lafortuna.com.co,Cuál es el monto autorizado para hospedaje,El usuario reporta la novedad desde el inicio de la jornada y requiere solución para continuar con su labor.,Escalado,0
TK-01709,2025-01-18,,Calidad,Viáticos,1-Alta,Telefono,usuario008@lafortuna.com.co,Necesito anticipo para comisión,El usuario reporta la novedad desde el inicio de la jornada y requiere solución para continuar con su labor.,Reabierto,2
TK-00062,2025-12-21,,Comercial,SOFTWARE,media,formulario,usuario180@lafortuna.com.co,La aplicación se cierra al generar el informe,Requerimiento remitido por la jefatura del área para gestión.,reabierto,3
TK-00930,02-Jun-2025,,Comercial,aplicaciones,3-Baja,Correo,usuario105@lafortuna.com.co,La versión instalada no coincide con la del área,El caso fue reportado por teléfono y se registra para trazabilidad.,Abierto,0
TK-01765,2026-05-25,31/05/2026,Calidad,Equipos,baja,Mesa de ayuda,usuario114@lafortuna.com.co,El portátil no enciende desde ayer,El usuario reporta la novedad desde el inicio de la jornada y requiere solución para continuar con su labor.,Cerrado,0
TK-00223,2025-08-27,,Aplicaciones,Software,3-Baja,Correo,usuario003@lafortuna.com.co,La versión instalada no coincide con la del área,Se solicita atención prioritaria porque afecta la operación del área y el cierre del periodo.,abierto,
TK-00731,09/05/2026,10-May-2026,Aplicaciones,Acceso,CRITICA,Telefono,usuario003@lafortuna.com.co,Me retiraron el acceso y aún trabajo en el proceso,Requerimiento remitido por la jefatura del área para gestión.,cerrado,0
TK-00248,2025-04-16,,Talento Humano,Gestión de accesos,Baja,correo,usuario071@lafortuna.com.co,Necesito acceso a la carpeta compartida de mi área,El solicitante indica que la novedad se presenta de forma intermitente desde hace tres días.,En proceso,0
TK-01491,06-Jun-2026,,Operaciones,RED,media,Correo,usuario177@lafortuna.com.co,No carga el sistema desde la sede sur,Se adjunta captura de pantalla del mensaje de error recibido.,Abierto,0
TK-01510,2026-05-22,,Infraestructura,vacaciones,3-Baja,Formulario web,usuario091@lafortuna.com.co,Cuántos días tengo acumulados,Se solicita atención prioritaria porque afecta la operación del área y el cierre del periodo.,En proceso,0
TK-00593,13-Ago-2025,,Compras,accesos,Baja,Mesa de ayuda,usuario178@lafortuna.com.co,Necesito acceso a la carpeta compartida de mi área,El caso fue reportado por teléfono y se registra para trazabilidad.,abierto,0
TK-00227,2025-05-15,24/06/2025,Talento Humano,Vacaciones,MEDIA,formulario,usuario173@lafortuna.com.co,Cuántos días tengo acumulados,,CERRADO,0
TK-00462,2025-01-30,,Comercial,Viáticos,MEDIA,Telefono,usuario047@lafortuna.com.co,Necesito anticipo para comisión,Se adjunta captura de pantalla del mensaje de error recibido.,en proceso,0
TK-00625,26-Ene-2026,09-Mar-2026,Comercial,viaticos,alta,correo,usuario101@lafortuna.com.co,Cómo legalizo los viáticos del viaje a la costa,,CERRADO,0
TK-00755,2026-02-13,,Operaciones,Viáticos,CRITICA,Telefono,usuario097@lafortuna.com.co,Cómo legalizo los viáticos del viaje a la costa,Se solicita atención prioritaria porque afecta la operación del área y el cierre del periodo.,abierto,0
TK-01112,23/01/2025,,Calidad,Órdenes de compra,alta,Teléfono,usuario119@lafortuna.com.co,Necesito cotización para equipos de la bodega,El usuario reporta la novedad desde el inicio de la jornada y requiere solución para continuar con su labor.,REABIERTO,2
TK-01432,07-Feb-2025,,Calidad,INCIDENTE,ALTA,Telefono,usuario105@lafortuna.com.co,Se cayó el servicio de facturación,,REABIERTO,1
TK-00905,28-Sep-2025,,Calidad,HARDWARE,media,Correo,usuario035@lafortuna.com.co,El portátil no enciende desde ayer,El caso fue reportado por teléfono y se registra para trazabilidad.,en proceso,0
TK-00413,27/01/2026,05-Feb-2026,Aplicaciones,Hardware,Alta,Correo,usuario104@lafortuna.com.co,La impresora de la sede norte imprime rayada,El caso fue reportado por teléfono y se registra para trazabilidad.,CERRADO,0
TK-00984,2026-03-10,,Operaciones,compras,Crítica,Mesa de ayuda,usuario178@lafortuna.com.co,Necesito cotización para equipos de la bodega,Requerimiento remitido por la jefatura del área para gestión.,Escalado,0
TK-01670,04/11/2025,2025-11-10,Comercial,viaticos,Media,formulario,usuario044@lafortuna.com.co,Necesito anticipo para comisión,El caso fue reportado por teléfono y se registra para trazabilidad.,Cerrado,0
TK-00616,2026-06-08,11/06/2026,Comercial,Incidente,2-Media,formulario,usuario154@lafortuna.com.co,Se cayó el servicio de facturación,,CERRADO,0
TK-01497,25-Mar-2025,11-Abr-2025,Infraestructura,informes,Alta,Correo,usuario173@lafortuna.com.co,El informe muestra cifras distintas al sistema,,cerrado,0
TK-00664,2025-11-17,04/12/2025,Infraestructura,Gestion de accesos,media,Teléfono,usuario131@lafortuna.com.co,Me retiraron el acceso y aún trabajo en el proceso,El solicitante indica que la novedad se presenta de forma intermitente desde hace tres días.,cerrado,1
TK-01710,2026-06-13,,Calidad,nómina,Crítica,Formulario web,usuario146@lafortuna.com.co,Error en el descuento de la quincena,Se adjunta captura de pantalla del mensaje de error recibido.,Escalado,0
TK-00250,06/05/2026,,Comercial,Red,ALTA,Mesa de ayuda,usuario048@lafortuna.com.co,No carga el sistema desde la sede sur,El usuario reporta la novedad desde el inicio de la jornada y requiere solución para continuar con su labor.,Abierto,0
TK-01027,20-Nov-2025,,Calidad,Compras,alta,Correo,usuario060@lafortuna.com.co,Necesito cotización para equipos de la bodega,El solicitante indica que la novedad se presenta de forma intermitente desde hace tres días.,En proceso,0
TK-00988,2025-01-16,,Aplicaciones,Otros,ALTA,Teléfono,usuario090@lafortuna.com.co,Pendiente por definir,Requerimiento remitido por la jefatura del área para gestión.,REABIERTO,3
TK-01827,2025-01-06,,Infraestructura,Incidentes,CRITICA,Formulario web,usuario141@lafortuna.com.co,Caída total del sistema en la sede principal,Se solicita atención prioritaria porque afecta la operación del área y el cierre del periodo.,Reabierto,1
TK-00900,2026-06-09,2026-07-19,Comercial,Aplicaciones,Alta,Formulario web,usuario128@lafortuna.com.co,Aparece un mensaje de sesión expirada cada cinco minutos,El solicitante indica que la novedad se presenta de forma intermitente desde hace tres días.,CERRADO,0
TK-01949,2026-06-07,2026-07-08,,aplicaciones,1-Alta,Teléfono,usuario109@lafortuna.com.co,Aparece un mensaje de sesión expirada cada cinco minutos,El solicitante indica que la novedad se presenta de forma intermitente desde hace tres días.,Cerrado,0
TK-00428,05/06/2025,,Compras,RED,Critica,formulario,usuario143@lafortuna.com.co,Muy lenta la conexión en la bodega,Se solicita atención prioritaria porque afecta la operación del área y el cierre del periodo.,Escalado,0
TK-00278,31/08/2025,,Infraestructura,Gestión de accesos,MEDIA,Teléfono,usuario075@lafortuna.com.co,Solicito permiso al módulo de cartera,Se adjunta captura de pantalla del mensaje de error recibido.,en proceso,0
TK-01536,10/06/2026,,Talento Humano,INCIDENTE,baja,Mesa de ayuda,usuario046@lafortuna.com.co,Los usuarios reportan lentitud generalizada,Se solicita atención prioritaria porque afecta la operación del área y el cierre del periodo.,abierto,0
TK-01209,01-Jul-2025,,Operaciones,Incidentes,Media,Teléfono,usuario166@lafortuna.com.co,Pérdida de información en el módulo de inventario,El usuario reporta la novedad desde el inicio de la jornada y requiere solución para continuar con su labor.,Abierto,0
TK-00093,30/05/2025,2025-06-22,Talento Humano,Incidentes,CRITICA,Mesa de ayuda,usuario124@lafortuna.com.co,Pérdida de información en el módulo de inventario,,CERRADO,0
TK-00513,05/11/2025,12/11/2025,Compras,Viaticos,3-Baja,Correo,usuario133@lafortuna.com.co,Cómo legalizo los viáticos del viaje a la costa,El solicitante indica que la novedad se presenta de forma intermitente desde hace tres días.,CERRADO,0
TK-00577,15-Jul-2025,23-Ago-2025,Talento Humano,nomina,3-Baja,correo,usuario115@lafortuna.com.co,Diferencia en el pago de horas extras,El usuario reporta la novedad desde el inicio de la jornada y requiere solución para continuar con su labor.,CERRADO,0
TK-01411,2026-01-19,08-Feb-2026,Operaciones,Otros,Alta,correo,usuario161@lafortuna.com.co,Requerimiento del área,Se adjunta captura de pantalla del mensaje de error recibido.,Cerrado,
TK-01347,17/09/2025,2025-10-28,Aplicaciones,,Alta,Formulario web,usuario110@lafortuna.com.co,Pendiente por definir,Se adjunta captura de pantalla del mensaje de error recibido.,CERRADO,1
TK-01900,16/02/2026,03-Mar-2026,Contabilidad,VACACIONES,MEDIA,formulario,usuario072@lafortuna.com.co,Puedo dividir mis vacaciones en dos periodos,El usuario reporta la novedad desde el inicio de la jornada y requiere solución para continuar con su labor.,cerrado,0
TK-00268,30/06/2025,,Talento Humano,Gestion de accesos,1-Alta,Correo,usuario115@lafortuna.com.co,Necesito acceso a la carpeta compartida de mi área,El usuario reporta la novedad desde el inicio de la jornada y requiere solución para continuar con su labor.,Escalado,0
TK-00143,2026-05-22,,Contabilidad,Hardware,ALTA,Mesa de ayuda,usuario037@lafortuna.com.co,Necesito un monitor adicional para el puesto,El caso fue reportado por teléfono y se registra para trazabilidad.,En proceso,0
TK-00640,13/05/2026,,Operaciones,accesos,Critica,Correo,usuario042@lafortuna.com.co,Me retiraron el acceso y aún trabajo en el proceso,Requerimiento remitido por la jefatura del área para gestión.,en proceso,0
TK-00638,14/04/2026,,Infraestructura,equipos,Baja,formulario,usuario158@lafortuna.com.co,La impresora de la sede norte imprime rayada,El caso fue reportado por teléfono y se registra para trazabilidad.,en proceso,0
TK-01423,31/01/2025,,Infraestructura,Viáticos,alta,Mesa de ayuda,usuario137@lafortuna.com.co,Necesito anticipo para comisión,Se adjunta captura de pantalla del mensaje de error recibido.,Abierto,0
TK-01038,2026-03-29,,Calidad,Incidente,Alta,Formulario web,usuario126@lafortuna.com.co,Pérdida de información en el módulo de inventario,El solicitante indica que la novedad se presenta de forma intermitente desde hace tres días.,en proceso,0
TK-00199,2025-08-05,,Comercial,software,1-Alta,Telefono,usuario131@lafortuna.com.co,La aplicación se cierra al generar el informe,El caso fue reportado por teléfono y se registra para trazabilidad.,En proceso,0
TK-00738,2025-11-16,,Operaciones,Ordenes de compra,Critica,Mesa de ayuda,usuario042@lafortuna.com.co,Necesito cotización para equipos de la bodega,Se adjunta captura de pantalla del mensaje de error recibido.,abierto,0
TK-00484,15-May-2025,16-May-2025,Aplicaciones,Compras,media,Telefono,usuario133@lafortuna.com.co,Estado de la orden de compra 4471,El usuario reporta la novedad desde el inicio de la jornada y requiere solución para continuar con su labor.,En proceso,
TK-00019,24/09/2025,,Calidad,red,MEDIA,Teléfono,usuario092@lafortuna.com.co,No carga el sistema desde la sede sur,Se adjunta captura de pantalla del mensaje de error recibido.,REABIERTO,1
TK-00078,29-Jun-2025,30-Jun-2025,Compras,reportes,Alta,Correo,usuario048@lafortuna.com.co,El reporte no incluye la sede nueva,Requerimiento remitido por la jefatura del área para gestión.,cerrado,0
TK-01162,09/06/2025,,Talento Humano,reportes,Baja,Teléfono,usuario133@lafortuna.com.co,Solicito exportar el listado a Excel,Se adjunta captura de pantalla del mensaje de error recibido.,Escalado,0
TK-01379,16/04/2025,30-Abr-2025,Operaciones,Conectividad,ALTA,Teléfono,usuario129@lafortuna.com.co,No carga el sistema desde la sede sur,El usuario reporta la novedad desde el inicio de la jornada y requiere solución para continuar con su labor.,CERRADO,0
TK-00065,12-May-2026,,,Conectividad,CRITICA,Telefono,,Sin internet en el segundo piso,,abierto,0
TK-00155,2025-11-20,,Calidad,Otros,Critica,Formulario web,usuario175@lafortuna.com.co,Requerimiento del área,El caso fue reportado por teléfono y se registra para trazabilidad.,Reabierto,1
TK-01395,03-Jul-2025,2025-08-05,Calidad,Accesos,ALTA,correo,,Me retiraron el acceso y aún trabajo en el proceso,El usuario reporta la novedad desde el inicio de la jornada y requiere solución para continuar con su labor.,Cerrado,0
TK-00770,14/02/2025,,Aplicaciones,reportes,media,correo,usuario068@lafortuna.com.co,El reporte no incluye la sede nueva,El solicitante indica que la novedad se presenta de forma intermitente desde hace tres días.,Abierto,0
TK-00819,24-Nov-2025,24-Dic-2025,Aplicaciones,aplicaciones,3-Baja,Correo,usuario079@lafortuna.com.co,La versión instalada no coincide con la del área,El solicitante indica que la novedad se presenta de forma intermitente desde hace tres días.,en proceso,0
TK-00043,16/02/2026,,Compras,Hardware,1-Alta,formulario,usuario114@lafortuna.com.co,Necesito un monitor adicional para el puesto,Se adjunta captura de pantalla del mensaje de error recibido.,En proceso,0
TK-01572,03/08/2025,,Comercial,informes,2-Media,Formulario web,usuario118@lafortuna.com.co,Necesito el reporte de ventas del trimestre,El solicitante indica que la novedad se presenta de forma intermitente desde hace tres días.,abierto,0
TK-00009,2025-10-27,,Compras,incidente,Critica,Correo,usuario086@lafortuna.com.co,Pérdida de información en el módulo de inventario,El usuario reporta la novedad desde el inicio de la jornada y requiere solución para continuar con su labor.,Escalado,0
TK-00839,05/11/2025,28/11/2025,Talento Humano,Capacitación,3-Baja,Teléfono,usuario054@lafortuna.com.co,Cuándo es la próxima inducción,El caso fue reportado por teléfono y se registra para trazabilidad.,CERRADO,0
TK-01186,2025-02-14,,Operaciones,viaticos,3-Baja,formulario,usuario174@lafortuna.com.co,No me han reembolsado los gastos del mes pasado,Se solicita atención prioritaria porque afecta la operación del área y el cierre del periodo.,Escalado,0
TK-01183,25-Sep-2025,28/10/2025,Infraestructura,ACCESOS,MEDIA,Correo,usuario158@lafortuna.com.co,Solicito permiso al módulo de cartera,Se solicita atención prioritaria porque afecta la operación del área y el cierre del periodo.,Reabierto,1
TK-00523,22/05/2025,2025-06-16,Talento Humano,SOFTWARE,1-Alta,Formulario web,usuario152@lafortuna.com.co,La aplicación se cierra al generar el informe,El caso fue reportado por teléfono y se registra para trazabilidad.,cerrado,0
TK-00990,04-Jul-2025,15/08/2025,Operaciones,Acceso,media,Formulario web,usuario092@lafortuna.com.co,Se bloqueó mi usuario tras varios intentos,El caso fue reportado por teléfono y se registra para trazabilidad.,Cerrado,0
TK-01626,2025-11-12,,Aplicaciones,Nomina,MEDIA,Mesa de ayuda,usuario075@lafortuna.com.co,Error en el descuento de la quincena,El caso fue reportado por teléfono y se registra para trazabilidad.,abierto,0
TK-00013,31/03/2026,,Compras,incidente,baja,formulario,usuario119@lafortuna.com.co,Los usuarios reportan lentitud generalizada,El caso fue reportado por teléfono y se registra para trazabilidad.,reabierto,1
TK-01456,2026-03-03,05/03/2026,Talento Humano,Viáticos,1-Alta,formulario,usuario085@lafortuna.com.co,Necesito anticipo para comisión,El solicitante indica que la novedad se presenta de forma intermitente desde hace tres días.,Cerrado,1
TK-00406,2026-05-28,15-Jun-2026,Comercial,Viáticos,alta,Telefono,usuario131@lafortuna.com.co,Cuál es el monto autorizado para hospedaje,El usuario reporta la novedad desde el inicio de la jornada y requiere solución para continuar con su labor.,CERRADO,0
TK-00695,04/02/2026,,Operaciones,Acceso,Alta,Formulario web,usuario051@lafortuna.com.co,Me retiraron el acceso y aún trabajo en el proceso,,reabierto,3
TK-01171,2025-07-29,,Comercial,hardware,Crítica,Telefono,usuario018@lafortuna.com.co,El teclado dejó de responder,Requerimiento remitido por la jefatura del área para gestión.,En proceso,0
TK-00418,03/06/2026,,Compras,Aplicaciones,1-Alta,Telefono,usuario156@lafortuna.com.co,Aparece un mensaje de sesión expirada cada cinco minutos,Se adjunta captura de pantalla del mensaje de error recibido.,Reabierto,2
TK-01887,06/06/2026,,Aplicaciones,Accesos,media,Teléfono,usuario042@lafortuna.com.co,Se bloqueó mi usuario tras varios intentos,El solicitante indica que la novedad se presenta de forma intermitente desde hace tres días.,abierto,0
TK-00119,25-Sep-2025,,Contabilidad,vacaciones,Media,Correo,usuario033@lafortuna.com.co,Me negaron las vacaciones solicitadas,El solicitante indica que la novedad se presenta de forma intermitente desde hace tres días.,REABIERTO,
TK-01109,30-Mar-2026,,Talento Humano,Gestión de accesos,alta,Correo,usuario176@lafortuna.com.co,Solicito permiso al módulo de cartera,,reabierto,2
TK-01736,16-Ene-2025,,,red,Baja,Mesa de ayuda,usuario070@lafortuna.com.co,Sin internet en el segundo piso,El solicitante indica que la novedad se presenta de forma intermitente desde hace tres días.,Reabierto,2
TK-00516,18/10/2025,19-Nov-2025,Compras,otros,1-Alta,Correo,usuario144@lafortuna.com.co,Consulta general,Requerimiento remitido por la jefatura del área para gestión.,REABIERTO,1
TK-00047,13/11/2025,,Compras,SOFTWARE,Alta,Telefono,,La versión instalada no coincide con la del área,El solicitante indica que la novedad se presenta de forma intermitente desde hace tres días.,en proceso,0
TK-00110,04-May-2026,,Compras,aplicaciones,alta,formulario,,La versión instalada no coincide con la del área,Se solicita atención prioritaria porque afecta la operación del área y el cierre del periodo.,Abierto,0
TK-01579,07/01/2026,,Comercial,software,3-Baja,correo,usuario149@lafortuna.com.co,Error al guardar el formulario de ingreso,El solicitante indica que la novedad se presenta de forma intermitente desde hace tres días.,en proceso,0
TK-00198,10/05/2025,,Infraestructura,Reportes,2-Media,formulario,usuario129@lafortuna.com.co,El informe muestra cifras distintas al sistema,El usuario reporta la novedad desde el inicio de la jornada y requiere solución para continuar con su labor.,Escalado,0
TK-00692,02/06/2026,,Infraestructura,aplicaciones,baja,Mesa de ayuda,usuario073@lafortuna.com.co,Necesito que instalen el visor de planos,El caso fue reportado por teléfono y se registra para trazabilidad.,Abierto,
TK-01890,23/05/2026,,Infraestructura,Nomina,ALTA,correo,usuario040@lafortuna.com.co,Error en el descuento de la quincena,,reabierto,2
TK-01502,12/02/2026,2026-03-16,Calidad,viáticos,CRITICA,Mesa de ayuda,usuario114@lafortuna.com.co,No me han reembolsado los gastos del mes pasado,El usuario reporta la novedad desde el inicio de la jornada y requiere solución para continuar con su labor.,En proceso,0
TK-00509,2025-04-28,,Aplicaciones,viaticos,CRITICA,correo,usuario087@lafortuna.com.co,Necesito anticipo para comisión,El usuario reporta la novedad desde el inicio de la jornada y requiere solución para continuar con su labor.,REABIERTO,3
TK-00782,10-Jun-2025,,Comercial,hardware,Crítica,Telefono,usuario164@lafortuna.com.co,El portátil no enciende desde ayer,El usuario reporta la novedad desde el inicio de la jornada y requiere solución para continuar con su labor.,abierto,0
TK-00575,30/05/2025,26/06/2025,Contabilidad,Software,Media,correo,usuario175@lafortuna.com.co,Necesito que instalen el visor de planos,Se adjunta captura de pantalla del mensaje de error recibido.,Reabierto,2
TK-01177,10/02/2025,,Compras,Nómina,baja,Mesa de ayuda,usuario174@lafortuna.com.co,No me llegó el desprendible de pago,El caso fue reportado por teléfono y se registra para trazabilidad.,Abierto,0
TK-00912,24-Feb-2026,2026-04-09,Compras,HARDWARE,Critica,Correo,usuario167@lafortuna.com.co,El teclado dejó de responder,,Cerrado,0
TK-00258,2025-03-11,,Compras,Reportes,Crítica,formulario,,Solicito exportar el listado a Excel,El solicitante indica que la novedad se presenta de forma intermitente desde hace tres días.,abierto,0
TK-00696,18/02/2025,,Aplicaciones,INCIDENTE,Baja,Correo,usuario111@lafortuna.com.co,Se cayó el servicio de facturación,Requerimiento remitido por la jefatura del área para gestión.,Escalado,0
TK-00246,2026-01-11,,Contabilidad,otros,Media,Teléfono,usuario110@lafortuna.com.co,Consulta general,Se solicita atención prioritaria porque afecta la operación del área y el cierre del periodo.,Reabierto,
TK-01714,16/12/2025,,Calidad,accesos,3-Baja,Formulario web,usuario129@lafortuna.com.co,Me retiraron el acceso y aún trabajo en el proceso,El solicitante indica que la novedad se presenta de forma intermitente desde hace tres días.,reabierto,2
TK-01382,01-Mar-2025,,Calidad,NOMINA,MEDIA,formulario,usuario162@lafortuna.com.co,No me llegó el desprendible de pago,Requerimiento remitido por la jefatura del área para gestión.,Abierto,0
TK-01374,2025-01-30,,Talento Humano,SOFTWARE,ALTA,correo,,La aplicación se cierra al generar el informe,Requerimiento remitido por la jefatura del área para gestión.,Abierto,0
TK-01290,2026-06-05,,Talento Humano,Informes,2-Media,Teléfono,usuario059@lafortuna.com.co,Necesito el reporte de ventas del trimestre,,reabierto,1
TK-00542,10/04/2025,,Comercial,VACACIONES,Baja,Correo,usuario128@lafortuna.com.co,Cuántos días tengo acumulados,El solicitante indica que la novedad se presenta de forma intermitente desde hace tres días.,En proceso,0
TK-01399,2025-04-04,,Infraestructura,Acceso,3-Baja,correo,usuario056@lafortuna.com.co,Se bloqueó mi usuario tras varios intentos,El solicitante indica que la novedad se presenta de forma intermitente desde hace tres días.,abierto,0
TK-01493,18-Mar-2025,,Infraestructura,Conectividad,Media,correo,usuario013@lafortuna.com.co,Muy lenta la conexión en la bodega,El solicitante indica que la novedad se presenta de forma intermitente desde hace tres días.,En proceso,0
TK-00368,29-Jun-2025,,Talento Humano,Software,MEDIA,Mesa de ayuda,usuario010@lafortuna.com.co,Aparece un mensaje de sesión expirada cada cinco minutos,Se solicita atención prioritaria porque afecta la operación del área y el cierre del periodo.,reabierto,3
TK-00526,16-May-2025,18-Jun-2025,Talento Humano,aplicaciones,3-Baja,Formulario web,usuario142@lafortuna.com.co,Aparece un mensaje de sesión expirada cada cinco minutos,El caso fue reportado por teléfono y se registra para trazabilidad.,CERRADO,0
TK-00537,05-Oct-2025,08-Oct-2025,Compras,Nómina,media,Mesa de ayuda,usuario043@lafortuna.com.co,Diferencia en el pago de horas extras,El solicitante indica que la novedad se presenta de forma intermitente desde hace tres días.,CERRADO,0
TK-00349,24/11/2025,16-Dic-2025,Calidad,viaticos,MEDIA,Telefono,usuario008@lafortuna.com.co,Cuál es el monto autorizado para hospedaje,Requerimiento remitido por la jefatura del área para gestión.,cerrado,0
TK-01955,22-Feb-2025,03/03/2025,Infraestructura,Aplicaciones,CRITICA,Mesa de ayuda,usuario136@lafortuna.com.co,Necesito que instalen el visor de planos,Requerimiento remitido por la jefatura del área para gestión.,Cerrado,0
TK-00026,2025-04-16,26/05/2025,Contabilidad,Gestión de accesos,3-Baja,formulario,usuario010@lafortuna.com.co,No puedo entrar al sistema Centrica,El solicitante indica que la novedad se presenta de forma intermitente desde hace tres días.,CERRADO,0
TK-01418,08-Ago-2025,,Compras,Gestion de accesos,3-Baja,formulario,usuario107@lafortuna.com.co,Necesito acceso a la carpeta compartida de mi área,Requerimiento remitido por la jefatura del área para gestión.,Abierto,0
TK-00425,2025-04-20,08/05/2025,Calidad,nomina,Media,Formulario web,usuario177@lafortuna.com.co,Diferencia en el pago de horas extras,Se solicita atención prioritaria porque afecta la operación del área y el cierre del periodo.,CERRADO,0
TK-00613,22/10/2025,2025-11-19,Aplicaciones,Viaticos,baja,correo,usuario053@lafortuna.com.co,Necesito anticipo para comisión,,en proceso,0
TK-01509,05-Jul-2025,04/08/2025,Comercial,VACACIONES,media,Correo,usuario068@lafortuna.com.co,Me negaron las vacaciones solicitadas,,En proceso,0
TK-01909,24-Mar-2026,,Calidad,red,2-Media,Formulario web,usuario140@lafortuna.com.co,Muy lenta la conexión en la bodega,Se solicita atención prioritaria porque afecta la operación del área y el cierre del periodo.,abierto,0
TK-01461,2025-07-31,17-Ago-2025,Compras,Capacitación,Media,Correo,usuario025@lafortuna.com.co,Necesito material del curso de la semana pasada,Requerimiento remitido por la jefatura del área para gestión.,Cerrado,0
TK-01841,19/04/2025,,Aplicaciones,Viáticos,Alta,correo,usuario131@lafortuna.com.co,Cuál es el monto autorizado para hospedaje,,Abierto,0
TK-00036,2026-01-11,,,Accesos,Critica,Correo,usuario002@lafortuna.com.co,Me retiraron el acceso y aún trabajo en el proceso,El caso fue reportado por teléfono y se registra para trazabilidad.,Escalado,0
TK-00195,11-Sep-2025,22-Oct-2025,Contabilidad,Gestión de accesos,Alta,Mesa de ayuda,,Necesito acceso a la carpeta compartida de mi área,El solicitante indica que la novedad se presenta de forma intermitente desde hace tres días.,CERRADO,0
TK-00891,2025-05-25,,Comercial,hardware,Crítica,formulario,usuario160@lafortuna.com.co,La impresora de la sede norte imprime rayada,Se adjunta captura de pantalla del mensaje de error recibido.,reabierto,2
TK-00502,14/02/2025,,Talento Humano,aplicaciones,Media,Formulario web,usuario018@lafortuna.com.co,Aparece un mensaje de sesión expirada cada cinco minutos,El solicitante indica que la novedad se presenta de forma intermitente desde hace tres días.,en proceso,0
TK-01037,2025-04-12,2025-04-26,Infraestructura,compras,media,Mesa de ayuda,usuario038@lafortuna.com.co,Estado de la orden de compra 4471,El caso fue reportado por teléfono y se registra para trazabilidad.,CERRADO,0
TK-00689,16/02/2025,25/02/2025,Talento Humano,RED,MEDIA,formulario,usuario012@lafortuna.com.co,No carga el sistema desde la sede sur,Se solicita atención prioritaria porque afecta la operación del área y el cierre del periodo.,en proceso,0
TK-00382,13-May-2026,,Aplicaciones,reportes,1-Alta,Telefono,usuario008@lafortuna.com.co,El reporte no incluye la sede nueva,El caso fue reportado por teléfono y se registra para trazabilidad.,Abierto,0
TK-01693,13/02/2026,,Calidad,Nómina,media,Telefono,usuario036@lafortuna.com.co,Solicito certificado laboral con salario,El solicitante indica que la novedad se presenta de forma intermitente desde hace tres días.,abierto,0
TK-01306,10/01/2025,10-Ene-2025,Comercial,Viáticos,ALTA,correo,usuario083@lafortuna.com.co,Necesito anticipo para comisión,Se solicita atención prioritaria porque afecta la operación del área y el cierre del periodo.,Cerrado,1
TK-01884,2025-06-28,2025-06-28,Aplicaciones,Software,baja,Formulario web,usuario091@lafortuna.com.co,La versión instalada no coincide con la del área,Se solicita atención prioritaria porque afecta la operación del área y el cierre del periodo.,CERRADO,0
TK-00506,2026-01-21,23/02/2026,Comercial,SOFTWARE,media,Formulario web,,La aplicación se cierra al generar el informe,,CERRADO,0
TK-00838,25-Sep-2025,,Calidad,Gestión de accesos,Crítica,formulario,usuario042@lafortuna.com.co,Solicito permiso al módulo de cartera,Se solicita atención prioritaria porque afecta la operación del área y el cierre del periodo.,reabierto,2
TK-01289,18-Mar-2026,2026-04-20,Calidad,viáticos,3-Baja,Telefono,usuario159@lafortuna.com.co,Necesito anticipo para comisión,Se solicita atención prioritaria porque afecta la operación del área y el cierre del periodo.,Cerrado,0
TK-01224,22/09/2025,,Compras,Equipos,media,Correo,usuario064@lafortuna.com.co,La impresora de la sede norte imprime rayada,El caso fue reportado por teléfono y se registra para trazabilidad.,reabierto,3
TK-00208,13-Mar-2026,,Operaciones,Compras,2-Media,formulario,usuario071@lafortuna.com.co,El proveedor no ha entregado lo solicitado,El usuario reporta la novedad desde el inicio de la jornada y requiere solución para continuar con su labor.,Escalado,0
TK-00682,07-Nov-2025,2025-11-12,Calidad,OTROS,CRITICA,Mesa de ayuda,usuario170@lafortuna.com.co,Requerimiento del área,Se adjunta captura de pantalla del mensaje de error recibido.,Cerrado,0
TK-00944,29/06/2025,2025-08-08,Infraestructura,Software,MEDIA,Teléfono,usuario170@lafortuna.com.co,Aparece un mensaje de sesión expirada cada cinco minutos,,Cerrado,0
TK-01785,24-Jul-2025,,Contabilidad,Otros,ALTA,Mesa de ayuda,usuario154@lafortuna.com.co,Requerimiento del área,El usuario reporta la novedad desde el inicio de la jornada y requiere solución para continuar con su labor.,Reabierto,3
TK-00527,2026-03-06,,Contabilidad,capacitacion,MEDIA,Formulario web,usuario052@lafortuna.com.co,Solicito capacitación en el módulo nuevo,El caso fue reportado por teléfono y se registra para trazabilidad.,abierto,
TK-01156,23/06/2026,20-Jul-2026,Aplicaciones,hardware,Crítica,formulario,usuario023@lafortuna.com.co,Necesito un monitor adicional para el puesto,Requerimiento remitido por la jefatura del área para gestión.,Cerrado,0
TK-00298,2025-08-25,,Aplicaciones,aplicaciones,Baja,Mesa de ayuda,usuario078@lafortuna.com.co,Necesito que instalen el visor de planos,Requerimiento remitido por la jefatura del área para gestión.,En proceso,0
TK-01775,31/01/2026,,,conectividad,Critica,Correo,usuario111@lafortuna.com.co,No carga el sistema desde la sede sur,El usuario reporta la novedad desde el inicio de la jornada y requiere solución para continuar con su labor.,abierto,0
TK-00957,2026-01-16,18/02/2026,Compras,Red,Alta,Mesa de ayuda,usuario112@lafortuna.com.co,Sin internet en el segundo piso,Requerimiento remitido por la jefatura del área para gestión.,cerrado,0
TK-00053,2025-09-23,,Calidad,Software,CRITICA,Telefono,,La aplicación se cierra al generar el informe,Se adjunta captura de pantalla del mensaje de error recibido.,Escalado,0
TK-01768,2025-12-28,,Compras,compras,Media,Mesa de ayuda,usuario164@lafortuna.com.co,El proveedor no ha entregado lo solicitado,El caso fue reportado por teléfono y se registra para trazabilidad.,En proceso,0
TK-00408,2025-06-15,21-Jul-2025,Infraestructura,software,3-Baja,Telefono,usuario070@lafortuna.com.co,Necesito que instalen el visor de planos,,Cerrado,0
TK-00639,09-Ene-2026,22/02/2026,Talento Humano,Reportes,MEDIA,correo,usuario171@lafortuna.com.co,Solicito exportar el listado a Excel,El usuario reporta la novedad desde el inicio de la jornada y requiere solución para continuar con su labor.,en proceso,0
TK-00792,06/05/2025,,Compras,RED,media,correo,usuario113@lafortuna.com.co,Sin internet en el segundo piso,El caso fue reportado por teléfono y se registra para trazabilidad.,Escalado,0
TK-01059,19-May-2025,,Talento Humano,Accesos,Alta,Telefono,usuario003@lafortuna.com.co,Me retiraron el acceso y aún trabajo en el proceso,Se adjunta captura de pantalla del mensaje de error recibido.,Abierto,0
TK-01189,05/01/2026,,Contabilidad,Órdenes de compra,3-Baja,correo,usuario172@lafortuna.com.co,Cómo registro un proveedor nuevo,Se adjunta captura de pantalla del mensaje de error recibido.,Abierto,0
TK-00652,20/11/2025,,Contabilidad,software,Critica,Mesa de ayuda,usuario149@lafortuna.com.co,Necesito que instalen el visor de planos,El caso fue reportado por teléfono y se registra para trazabilidad.,En proceso,0
TK-01617,30/08/2025,,Comercial,VACACIONES,ALTA,Mesa de ayuda,usuario001@lafortuna.com.co,Con cuánta anticipación debo solicitar vacaciones,El solicitante indica que la novedad se presenta de forma intermitente desde hace tres días.,abierto,0
TK-00773,14-Sep-2025,,Talento Humano,software,Baja,Telefono,usuario060@lafortuna.com.co,Necesito que instalen el visor de planos,El caso fue reportado por teléfono y se registra para trazabilidad.,Abierto,0
TK-01238,2026-03-17,2026-04-07,Contabilidad,ACCESOS,Alta,Telefono,usuario119@lafortuna.com.co,Me retiraron el acceso y aún trabajo en el proceso,Requerimiento remitido por la jefatura del área para gestión.,cerrado,0
TK-00282,11-Abr-2026,12-Abr-2026,Aplicaciones,Gestion de accesos,alta,Formulario web,usuario095@lafortuna.com.co,Me retiraron el acceso y aún trabajo en el proceso,El caso fue reportado por teléfono y se registra para trazabilidad.,reabierto,
TK-01335,09/07/2025,,Infraestructura,software,ALTA,formulario,,La versión instalada no coincide con la del área,Se solicita atención prioritaria porque afecta la operación del área y el cierre del periodo.,REABIERTO,2
TK-01679,2026-05-08,,Infraestructura,Acceso,Media,Correo,usuario030@lafortuna.com.co,No puedo entrar al sistema Centrica,Se solicita atención prioritaria porque afecta la operación del área y el cierre del periodo.,Escalado,0
TK-01485,19/11/2025,24-Dic-2025,Aplicaciones,aplicaciones,alta,Telefono,usuario056@lafortuna.com.co,Necesito que instalen el visor de planos,El usuario reporta la novedad desde el inicio de la jornada y requiere solución para continuar con su labor.,Cerrado,0
TK-00003,2026-04-14,,Operaciones,Acceso,1-Alta,Mesa de ayuda,usuario159@lafortuna.com.co,No puedo entrar al sistema Centrica,Se solicita atención prioritaria porque afecta la operación del área y el cierre del periodo.,REABIERTO,1
TK-00844,10/02/2025,,Contabilidad,Acceso,Media,correo,usuario021@lafortuna.com.co,Solicito permiso al módulo de cartera,Requerimiento remitido por la jefatura del área para gestión.,reabierto,3
TK-01140,23-Ago-2025,,Operaciones,Viáticos,Baja,correo,,Cómo legalizo los viáticos del viaje a la costa,Se adjunta captura de pantalla del mensaje de error recibido.,Reabierto,3
TK-01133,28-Dic-2025,09/01/2026,Contabilidad,Ordenes de compra,ALTA,Correo,usuario107@lafortuna.com.co,Cómo registro un proveedor nuevo,El usuario reporta la novedad desde el inicio de la jornada y requiere solución para continuar con su labor.,CERRADO,0
TK-00256,30-Abr-2025,,Talento Humano,Equipos,Media,Formulario web,usuario057@lafortuna.com.co,La impresora de la sede norte imprime rayada,El usuario reporta la novedad desde el inicio de la jornada y requiere solución para continuar con su labor.,REABIERTO,1
TK-01563,21-Jul-2025,,Comercial,Reportes,Alta,correo,usuario149@lafortuna.com.co,El reporte no incluye la sede nueva,,reabierto,1
TK-00412,25/03/2025,09-May-2025,Compras,otros,baja,Correo,usuario029@lafortuna.com.co,Consulta general,El solicitante indica que la novedad se presenta de forma intermitente desde hace tres días.,CERRADO,1
TK-00576,04-Abr-2026,,Talento Humano,aplicaciones,Media,formulario,usuario007@lafortuna.com.co,Aparece un mensaje de sesión expirada cada cinco minutos,Se adjunta captura de pantalla del mensaje de error recibido.,REABIERTO,1
TK-00602,13/01/2026,17-Ene-2026,Infraestructura,COMPRAS,baja,Teléfono,usuario037@lafortuna.com.co,Necesito cotización para equipos de la bodega ,El caso fue reportado por teléfono y se registra para trazabilidad.,CERRADO,0
TK-01198,18/11/2025,,Calidad,Órdenes de compra,Media,Telefono,usuario164@lafortuna.com.co,Necesito cotización para equipos de la bodega,,REABIERTO,2
TK-01126,17/06/2026,,Aplicaciones,Hardware,baja,formulario,usuario071@lafortuna.com.co,El portátil no enciende desde ayer,Requerimiento remitido por la jefatura del área para gestión.,Reabierto,2
TK-00947,2025-07-02,2025-08-12,Calidad,Capacitacion,Baja,Mesa de ayuda,usuario095@lafortuna.com.co,Cuándo es la próxima inducción,Se solicita atención prioritaria porque afecta la operación del área y el cierre del periodo.,cerrado,0
TK-00317,2025-01-16,,Operaciones,hardware,media,Teléfono,usuario130@lafortuna.com.co,El portátil no enciende desde ayer,El solicitante indica que la novedad se presenta de forma intermitente desde hace tres días.,Escalado,0
TK-01774,2025-09-28,,Contabilidad,Órdenes de compra,Baja,Teléfono,usuario060@lafortuna.com.co,Estado de la orden de compra 4471,El usuario reporta la novedad desde el inicio de la jornada y requiere solución para continuar con su labor.,REABIERTO,1
TK-00800,2025-07-27,,Calidad,Informes,Critica,Telefono,usuario152@lafortuna.com.co,El reporte no incluye la sede nueva,,Escalado,0
TK-00253,2026-04-27,,Infraestructura,Gestion de accesos,Baja,Telefono,usuario130@lafortuna.com.co,No puedo entrar al sistema Centrica,Requerimiento remitido por la jefatura del área para gestión.,reabierto,1
TK-01559,23/04/2025,13/05/2025,Comercial,accesos,ALTA,Correo,usuario128@lafortuna.com.co,Solicito permiso al módulo de cartera,Requerimiento remitido por la jefatura del área para gestión.,Cerrado,0
TK-00164,23-Dic-2025,,Operaciones,Incidentes,alta,Teléfono,usuario159@lafortuna.com.co,Se cayó el servicio de facturación,El usuario reporta la novedad desde el inicio de la jornada y requiere solución para continuar con su labor.,En proceso,0
TK-00569,18-Jun-2025,,Operaciones,Incidente,Alta,Teléfono,usuario093@lafortuna.com.co,Se cayó el servicio de facturación,Se solicita atención prioritaria porque afecta la operación del área y el cierre del periodo.,Escalado,0
TK-01618,03-Feb-2025,,Comercial,software,Crítica,correo,,Necesito que instalen el visor de planos,El solicitante indica que la novedad se presenta de forma intermitente desde hace tres días.,Abierto,0
TK-01885,29/07/2025,2025-08-29,Compras,Red,CRITICA,formulario,usuario161@lafortuna.com.co,Muy lenta la conexión en la bodega,Requerimiento remitido por la jefatura del área para gestión.,cerrado,0
TK-00627,2026-01-30,,Aplicaciones,aplicaciones,media,Formulario web,usuario166@lafortuna.com.co,Necesito que instalen el visor de planos,,Escalado,0
TK-00213,01-Oct-2025,05-Nov-2025,Talento Humano,viáticos,Crítica,Teléfono,usuario125@lafortuna.com.co,Cuál es el monto autorizado para hospedaje,Se solicita atención prioritaria porque afecta la operación del área y el cierre del periodo.,cerrado,1
TK-00371,2026-03-20,,Aplicaciones,viáticos,2-Media,Teléfono,usuario087@lafortuna.com.co,Cuál es el monto autorizado para hospedaje,Requerimiento remitido por la jefatura del área para gestión.,Reabierto,1
TK-00591,2026-04-05,28-Abr-2026,Operaciones,aplicaciones,ALTA,Mesa de ayuda,usuario010@lafortuna.com.co,Aparece un mensaje de sesión expirada cada cinco minutos,El solicitante indica que la novedad se presenta de forma intermitente desde hace tres días.,cerrado,0
TK-00449,2025-06-15,,Infraestructura,aplicaciones,Crítica,formulario,usuario168@lafortuna.com.co,Aparece un mensaje de sesión expirada cada cinco minutos,El usuario reporta la novedad desde el inicio de la jornada y requiere solución para continuar con su labor.,Abierto,0
TK-01365,2025-09-10,10-Sep-2025,Operaciones,Capacitación,ALTA,correo,usuario077@lafortuna.com.co,Necesito material del curso de la semana pasada,,CERRADO,0
TK-00457,2025-06-06,,Infraestructura,equipos,3-Baja,Teléfono,usuario105@lafortuna.com.co,El teclado dejó de responder,El solicitante indica que la novedad se presenta de forma intermitente desde hace tres días.,Abierto,0
TK-01812,07/05/2026,,Operaciones,VACACIONES,1-Alta,Telefono,usuario157@lafortuna.com.co,Puedo dividir mis vacaciones en dos periodos,Se adjunta captura de pantalla del mensaje de error recibido.,en proceso,0
TK-00196,14-Sep-2025,,Infraestructura,compras,1-Alta,Teléfono,usuario046@lafortuna.com.co,Estado de la orden de compra 4471,El usuario reporta la novedad desde el inicio de la jornada y requiere solución para continuar con su labor.,Abierto,0
TK-00606,31/03/2026,,Calidad,Viáticos,alta,Teléfono,usuario063@lafortuna.com.co,Cuál es el monto autorizado para hospedaje,Se adjunta captura de pantalla del mensaje de error recibido.,Abierto,0
TK-01845,03-Mar-2026,,Infraestructura,Hardware,CRITICA,Telefono,usuario013@lafortuna.com.co,La impresora de la sede norte imprime rayada,El solicitante indica que la novedad se presenta de forma intermitente desde hace tres días.,Reabierto,3
TK-00923,12-Ene-2025,,Compras,ACCESOS,Critica,Mesa de ayuda,usuario004@lafortuna.com.co,Solicito permiso al módulo de cartera,El solicitante indica que la novedad se presenta de forma intermitente desde hace tres días.,abierto,0
TK-01960,2026-01-21,,Infraestructura,Sin clasificar,Crítica,Telefono,usuario050@lafortuna.com.co,Solicitud varias,El caso fue reportado por teléfono y se registra para trazabilidad.,REABIERTO,3
TK-01401,17/10/2025,,Calidad,otros,CRITICA,correo,usuario127@lafortuna.com.co,Pendiente por definir,El caso fue reportado por teléfono y se registra para trazabilidad.,abierto,0
TK-01862,08-Sep-2025,,Calidad,Red,baja,correo,usuario016@lafortuna.com.co,No carga el sistema desde la sede sur,El solicitante indica que la novedad se presenta de forma intermitente desde hace tres días.,Abierto,0
TK-00845,21-Sep-2025,23/10/2025,Calidad,reportes,media,formulario,usuario158@lafortuna.com.co,El informe muestra cifras distintas al sistema,Se adjunta captura de pantalla del mensaje de error recibido.,Cerrado,0
TK-00605,03-Nov-2025,2025-11-07,Calidad,Incidente,2-Media,formulario,usuario001@lafortuna.com.co,Se cayó el servicio de facturación,,Cerrado,0
TK-01570,2026-01-05,2026-02-09,Calidad,aplicaciones,baja,Telefono,usuario059@lafortuna.com.co,La aplicación se cierra al generar el informe,El usuario reporta la novedad desde el inicio de la jornada y requiere solución para continuar con su labor.,reabierto,2
TK-00814,07-Ene-2026,,Compras,Sin clasificar,3-Baja,Correo,usuario095@lafortuna.com.co,Consulta general,El usuario reporta la novedad desde el inicio de la jornada y requiere solución para continuar con su labor.,reabierto,3
TK-00163,24/04/2026,2026-05-27,Infraestructura,red,Baja,Mesa de ayuda,usuario109@lafortuna.com.co,Sin internet en el segundo piso,Se adjunta captura de pantalla del mensaje de error recibido.,cerrado,1
TK-00750,2026-02-03,,Compras,Compras,Critica,Mesa de ayuda,usuario160@lafortuna.com.co,El proveedor no ha entregado lo solicitado,Requerimiento remitido por la jefatura del área para gestión.,REABIERTO,3
TK-01146,10/06/2025,,Comercial,Gestión de accesos,alta,Teléfono,usuario023@lafortuna.com.co,Me retiraron el acceso y aún trabajo en el proceso,El caso fue reportado por teléfono y se registra para trazabilidad.,REABIERTO,2
TK-00965,26-Jun-2025,23/07/2025,Calidad,Otros,Baja,Formulario web,usuario043@lafortuna.com.co,Requerimiento del área,Se solicita atención prioritaria porque afecta la operación del área y el cierre del periodo.,Cerrado,0
TK-00161,20/04/2025,21/04/2025,Comercial,hardware,2-Media,Teléfono,usuario113@lafortuna.com.co,La impresora de la sede norte imprime rayada,Se adjunta captura de pantalla del mensaje de error recibido.,Cerrado,0
TK-01422,24/10/2025,,Aplicaciones,Otros,media,Correo,usuario165@lafortuna.com.co,Pendiente por definir,El usuario reporta la novedad desde el inicio de la jornada y requiere solución para continuar con su labor.,en proceso,0
TK-00743,02/05/2025,,Comercial,HARDWARE,Critica,Formulario web,usuario073@lafortuna.com.co,El teclado dejó de responder,Se adjunta captura de pantalla del mensaje de error recibido.,Reabierto,
TK-00431,2025-12-15,,,informes,ALTA,Telefono,usuario096@lafortuna.com.co,El informe muestra cifras distintas al sistema,El usuario reporta la novedad desde el inicio de la jornada y requiere solución para continuar con su labor.,REABIERTO,2
TK-01004,2026-02-08,2026-03-02,Calidad,Aplicaciones,Alta,Teléfono,usuario028@lafortuna.com.co,La versión instalada no coincide con la del área,Se solicita atención prioritaria porque afecta la operación del área y el cierre del periodo.,Cerrado,0
TK-00470,2026-03-19,13-Abr-2026,Infraestructura,Capacitación,Critica,Mesa de ayuda,,Necesito material del curso de la semana pasada,El solicitante indica que la novedad se presenta de forma intermitente desde hace tres días.,Cerrado,0
TK-01562,2026-06-04,,Talento Humano,red,Alta,Telefono,usuario135@lafortuna.com.co,No carga el sistema desde la sede sur,Requerimiento remitido por la jefatura del área para gestión.,en proceso,0
TK-01891,20-Mar-2025,,Talento Humano,OTROS,alta,formulario,usuario010@lafortuna.com.co,Consulta general,Requerimiento remitido por la jefatura del área para gestión.,REABIERTO,1
TK-00190,30-Ene-2026,18/02/2026,Operaciones,Órdenes de compra,1-Alta,Mesa de ayuda,usuario086@lafortuna.com.co,Necesito cotización para equipos de la bodega,,cerrado,0
TK-00001,10/06/2026,20-Jun-2026,Talento Humano,VACACIONES,ALTA,Telefono,usuario095@lafortuna.com.co,Me negaron las vacaciones solicitadas,El usuario reporta la novedad desde el inicio de la jornada y requiere solución para continuar con su labor.,CERRADO,
TK-00796,2025-10-05,,Comercial,Capacitacion,CRITICA,Correo,usuario044@lafortuna.com.co,Cuándo es la próxima inducción,Requerimiento remitido por la jefatura del área para gestión.,abierto,0
TK-00514,16-Dic-2025,,Infraestructura,nomina,Media,Mesa de ayuda,usuario038@lafortuna.com.co,No me llegó el desprendible de pago,Se adjunta captura de pantalla del mensaje de error recibido.,Reabierto,2
TK-01474,2025-01-08,01/02/2025,Comercial,accesos,alta,Mesa de ayuda,usuario161@lafortuna.com.co,Se bloqueó mi usuario tras varios intentos,El solicitante indica que la novedad se presenta de forma intermitente desde hace tres días.,cerrado,0
TK-00517,2025-07-18,,Talento Humano,accesos,alta,Formulario web,usuario119@lafortuna.com.co,Necesito acceso a la carpeta compartida de mi área,Requerimiento remitido por la jefatura del área para gestión.,abierto,0
TK-01858,2025-12-05,,Compras,software,1-Alta,Correo,usuario124@lafortuna.com.co,Aparece un mensaje de sesión expirada cada cinco minutos,El usuario reporta la novedad desde el inicio de la jornada y requiere solución para continuar con su labor.,Reabierto,3
TK-00499,2025-04-02,,Comercial,Hardware,alta,correo,usuario106@lafortuna.com.co,El teclado dejó de responder,El usuario reporta la novedad desde el inicio de la jornada y requiere solución para continuar con su labor.,En proceso,0
TK-01149,2025-01-24,,Talento Humano,compras,alta,Teléfono,usuario075@lafortuna.com.co,El proveedor no ha entregado lo solicitado,El solicitante indica que la novedad se presenta de forma intermitente desde hace tres días.,reabierto,3
TK-01815,11-Ago-2025,,Compras,Software,Critica,Mesa de ayuda,usuario049@lafortuna.com.co,Error al guardar el formulario de ingreso,,abierto,0
TK-00633,17/06/2025,18/07/2025,Calidad,Compras,Alta,Teléfono,usuario004@lafortuna.com.co,Cómo registro un proveedor nuevo,,Cerrado,0
TK-00300,09-Mar-2025,01/04/2025,Infraestructura,accesos,Alta,Formulario web,usuario168@lafortuna.com.co,Me retiraron el acceso y aún trabajo en el proceso,Requerimiento remitido por la jefatura del área para gestión.,Reabierto,1
TK-00391,2026-03-31,18-Abr-2026,Contabilidad,reportes,3-Baja,Telefono,usuario010@lafortuna.com.co,El reporte no incluye la sede nueva,El usuario reporta la novedad desde el inicio de la jornada y requiere solución para continuar con su labor.,CERRADO,0
TK-01758,22-Abr-2026,31-May-2026,Infraestructura,Aplicaciones,MEDIA,Telefono,usuario079@lafortuna.com.co,La aplicación se cierra al generar el informe,Requerimiento remitido por la jefatura del área para gestión.,Cerrado,0
TK-00910,06/05/2026,,Operaciones,Incidente,Baja,correo,usuario049@lafortuna.com.co,Los usuarios reportan lentitud generalizada,Se solicita atención prioritaria porque afecta la operación del área y el cierre del periodo.,REABIERTO,1
TK-01458,2025-11-09,,Compras,SOFTWARE,Critica,formulario,usuario150@lafortuna.com.co,Necesito que instalen el visor de planos,El caso fue reportado por teléfono y se registra para trazabilidad.,Abierto,0
TK-01654,20-Feb-2025,,Compras,Sin clasificar,alta,Telefono,usuario128@lafortuna.com.co,Pendiente por definir,Requerimiento remitido por la jefatura del área para gestión.,en proceso,0
TK-01759,08/06/2026,,Compras,,Baja,Teléfono,usuario035@lafortuna.com.co,Requerimiento del área,El caso fue reportado por teléfono y se registra para trazabilidad.,reabierto,2
TK-01511,22/07/2025,01/09/2025,Compras,INCIDENTE,MEDIA,Mesa de ayuda,,Se cayó el servicio de facturación,El caso fue reportado por teléfono y se registra para trazabilidad.,CERRADO,0
TK-00573,26-Mar-2026,28/04/2026,Comercial,Red,ALTA,formulario,usuario155@lafortuna.com.co,Sin internet en el segundo piso,El solicitante indica que la novedad se presenta de forma intermitente desde hace tres días.,CERRADO,0
TK-01671,02/01/2025,08/01/2025,Compras,Gestion de accesos,CRITICA,Correo,usuario128@lafortuna.com.co,Solicito permiso al módulo de cartera,Requerimiento remitido por la jefatura del área para gestión.,Cerrado,0
TK-01869,20/10/2025,21-Oct-2025,Comercial,VACACIONES,ALTA,Teléfono,usuario041@lafortuna.com.co,Con cuánta anticipación debo solicitar vacaciones,Se solicita atención prioritaria porque afecta la operación del área y el cierre del periodo.,reabierto,1
TK-00237,25/06/2026,,Talento Humano,Sin clasificar,CRITICA,correo,usuario042@lafortuna.com.co,Solicitud varias,Requerimiento remitido por la jefatura del área para gestión.,Reabierto,1
TK-00097,2025-08-07,,Infraestructura,vacaciones,MEDIA,Mesa de ayuda,usuario030@lafortuna.com.co,Cuántos días tengo acumulados,,Escalado,0
TK-01957,03-Jun-2025,,Talento Humano,VACACIONES,1-Alta,Mesa de ayuda,usuario098@lafortuna.com.co,Puedo dividir mis vacaciones en dos periodos,El solicitante indica que la novedad se presenta de forma intermitente desde hace tres días.,En proceso,0
TK-01082,04/02/2026,,Compras,capacitacion,ALTA,Correo,usuario030@lafortuna.com.co,Solicito capacitación en el módulo nuevo,Requerimiento remitido por la jefatura del área para gestión.,en proceso,0
TK-01127,2025-04-29,07-May-2025,Infraestructura,Capacitación,alta,Formulario web,usuario102@lafortuna.com.co,Cuándo es la próxima inducción,Se solicita atención prioritaria porque afecta la operación del área y el cierre del periodo.,Escalado,0
TK-01622,18-Nov-2025,,Compras,viáticos,Baja,correo,usuario100@lafortuna.com.co,Cuál es el monto autorizado para hospedaje,Se adjunta captura de pantalla del mensaje de error recibido.,Abierto,0
TK-00710,2025-07-24,,Comercial,Sin clasificar,CRITICA,Mesa de ayuda,usuario093@lafortuna.com.co,Pendiente por definir,El caso fue reportado por teléfono y se registra para trazabilidad.,En proceso,0
TK-00351,13/01/2025,,Operaciones,viáticos,Baja,Formulario web,usuario015@lafortuna.com.co,Cómo legalizo los viáticos del viaje a la costa,El solicitante indica que la novedad se presenta de forma intermitente desde hace tres días.,Reabierto,1
TK-00372,19/06/2025,,Talento Humano,incidente,MEDIA,Mesa de ayuda,usuario095@lafortuna.com.co,Caída total del sistema en la sede principal,El solicitante indica que la novedad se presenta de forma intermitente desde hace tres días.,en proceso,0
TK-00541,19-Ago-2025,28-Sep-2025,Calidad,Accesos,1-Alta,Formulario web,usuario101@lafortuna.com.co,No puedo entrar al sistema Centrica,,reabierto,3
TK-00447,2025-05-01,,Compras,RED,Critica,Teléfono,usuario056@lafortuna.com.co,No carga el sistema desde la sede sur,,En proceso,0
TK-01067,2026-06-03,,Aplicaciones,Otros,3-Baja,Mesa de ayuda,usuario068@lafortuna.com.co,Consulta general,El caso fue reportado por teléfono y se registra para trazabilidad.,abierto,0
TK-00186,09-Jun-2025,,Aplicaciones,aplicaciones,ALTA,Mesa de ayuda,usuario016@lafortuna.com.co,Necesito que instalen el visor de planos,El caso fue reportado por teléfono y se registra para trazabilidad.,Abierto,0
TK-00401,13-Abr-2026,,Compras,otros,2-Media,Mesa de ayuda,usuario075@lafortuna.com.co,Requerimiento del área,,en proceso,0
TK-00940,23-Abr-2025,,Infraestructura,red,Alta,Mesa de ayuda,usuario019@lafortuna.com.co,Muy lenta la conexión en la bodega,Se solicita atención prioritaria porque afecta la operación del área y el cierre del periodo.,Abierto,0
TK-00347,25-Feb-2025,,Talento Humano,Órdenes de compra,Critica,formulario,usuario128@lafortuna.com.co,Cómo registro un proveedor nuevo,Se adjunta captura de pantalla del mensaje de error recibido.,En proceso,0
TK-00320,11/11/2025,,Talento Humano,Sin clasificar,alta,Telefono,usuario108@lafortuna.com.co,Requerimiento del área,El solicitante indica que la novedad se presenta de forma intermitente desde hace tres días.,Abierto,0
TK-01596,2025-03-17,21-Mar-2025,Talento Humano,HARDWARE,media,Teléfono,usuario176@lafortuna.com.co,El teclado dejó de responder,El caso fue reportado por teléfono y se registra para trazabilidad.,Reabierto,3
TK-00226,08-Abr-2026,,Calidad,Red,Critica,Mesa de ayuda,usuario063@lafortuna.com.co,Sin internet en el segundo piso,Requerimiento remitido por la jefatura del área para gestión.,reabierto,1
TK-00897,10-Feb-2025,,Operaciones,informes,MEDIA,correo,usuario176@lafortuna.com.co,Solicito exportar el listado a Excel,El solicitante indica que la novedad se presenta de forma intermitente desde hace tres días.,Abierto,0
TK-01585,2025-06-15,30-Jul-2025,Aplicaciones,hardware,MEDIA,formulario,usuario171@lafortuna.com.co,El portátil no enciende desde ayer,Se solicita atención prioritaria porque afecta la operación del área y el cierre del periodo.,cerrado,0
TK-01241,2025-05-28,,Aplicaciones,Informes,Baja,Formulario web,usuario005@lafortuna.com.co,El informe muestra cifras distintas al sistema,El usuario reporta la novedad desde el inicio de la jornada y requiere solución para continuar con su labor.,Abierto,0
TK-00851,09/08/2025,,Infraestructura,equipos,Critica,Mesa de ayuda,usuario033@lafortuna.com.co,El portátil no enciende desde ayer,El solicitante indica que la novedad se presenta de forma intermitente desde hace tres días.,Reabierto,3
TK-00758,24/07/2025,,Talento Humano,Sin clasificar,Critica,correo,usuario028@lafortuna.com.co,Requerimiento del área,Se solicita atención prioritaria porque afecta la operación del área y el cierre del periodo.,en proceso,0
TK-00608,2025-02-05,,Operaciones,Conectividad,baja,Correo,usuario063@lafortuna.com.co,Muy lenta la conexión en la bodega,El solicitante indica que la novedad se presenta de forma intermitente desde hace tres días.,en proceso,0
TK-01381,2026-02-26,,Calidad,Compras,alta,correo,usuario024@lafortuna.com.co,Necesito cotización para equipos de la bodega,El caso fue reportado por teléfono y se registra para trazabilidad.,en proceso,0
TK-00325,2026-02-10,,Infraestructura,Accesos,Baja,formulario,usuario140@lafortuna.com.co,Necesito acceso a la carpeta compartida de mi área,El caso fue reportado por teléfono y se registra para trazabilidad.,abierto,0
TK-00433,24/01/2025,25-Ene-2025,Talento Humano,ACCESOS,Baja,Telefono,usuario111@lafortuna.com.co,Se bloqueó mi usuario tras varios intentos,,cerrado,0
TK-01790,01-Jul-2025,,Infraestructura,Vacaciones,Media,Teléfono,usuario017@lafortuna.com.co,Puedo dividir mis vacaciones en dos periodos,El caso fue reportado por teléfono y se registra para trazabilidad.,REABIERTO,3
TK-00877,2025-09-20,,Talento Humano,reportes,MEDIA,Mesa de ayuda,,Solicito exportar el listado a Excel,El solicitante indica que la novedad se presenta de forma intermitente desde hace tres días.,Escalado,0
TK-00687,31-Dic-2025,,Aplicaciones,Otros,Alta,Correo,usuario138@lafortuna.com.co,Consulta general,El usuario reporta la novedad desde el inicio de la jornada y requiere solución para continuar con su labor.,Reabierto,2
TK-01902,07/02/2025,,Talento Humano,incidente,Media,Mesa de ayuda,usuario016@lafortuna.com.co,Los usuarios reportan lentitud generalizada,El caso fue reportado por teléfono y se registra para trazabilidad.,Reabierto,3
TK-00970,01-Nov-2025,,Calidad,HARDWARE,Critica,Mesa de ayuda,usuario150@lafortuna.com.co,Solicito reposición de diadema dañada,Se solicita atención prioritaria porque afecta la operación del área y el cierre del periodo.,Escalado,0
TK-01473,02/03/2026,,Talento Humano,Conectividad,1-Alta,formulario,usuario180@lafortuna.com.co,No carga el sistema desde la sede sur,El solicitante indica que la novedad se presenta de forma intermitente desde hace tres días.,reabierto,3
TK-00596,2025-07-24,05-Sep-2025,Contabilidad,software,Alta,Correo,usuario136@lafortuna.com.co,La versión instalada no coincide con la del área,Requerimiento remitido por la jefatura del área para gestión.,Cerrado,0
TK-01310,29-Abr-2025,2025-06-11,Comercial,SOFTWARE,3-Baja,formulario,usuario108@lafortuna.com.co,La aplicación se cierra al generar el informe,Se solicita atención prioritaria porque afecta la operación del área y el cierre del periodo.,en proceso,0
TK-00708,2025-08-15,,Aplicaciones,Capacitacion,Crítica,formulario,usuario111@lafortuna.com.co,Necesito material del curso de la semana pasada,El usuario reporta la novedad desde el inicio de la jornada y requiere solución para continuar con su labor.,Reabierto,2
TK-01700,11-May-2026,26/05/2026,Infraestructura,ACCESOS,Critica,formulario,usuario115@lafortuna.com.co,Se bloqueó mi usuario tras varios intentos,Requerimiento remitido por la jefatura del área para gestión.,Escalado,0
TK-00932,12-Jul-2025,,Calidad,Nómina,ALTA,Telefono,usuario007@lafortuna.com.co,Error en el descuento de la quincena,El usuario reporta la novedad desde el inicio de la jornada y requiere solución para continuar con su labor.,reabierto,2
TK-00772,29-Ene-2026,,Aplicaciones,HARDWARE,Baja,Formulario web,usuario005@lafortuna.com.co,El teclado dejó de responder,Se solicita atención prioritaria porque afecta la operación del área y el cierre del periodo.,Abierto,0
TK-01856,2025-07-07,19-Ago-2025,Infraestructura,,ALTA,Formulario web,usuario147@lafortuna.com.co,Pendiente por definir,Se solicita atención prioritaria porque afecta la operación del área y el cierre del periodo.,cerrado,
TK-01732,2026-01-25,,Contabilidad,vacaciones,Baja,Correo,usuario167@lafortuna.com.co,Me negaron las vacaciones solicitadas,El solicitante indica que la novedad se presenta de forma intermitente desde hace tres días.,En proceso,0
TK-01071,2025-02-06,,Comercial,SOFTWARE,ALTA,Telefono,usuario113@lafortuna.com.co,Necesito que instalen el visor de planos,Se adjunta captura de pantalla del mensaje de error recibido.,reabierto,3
TK-01910,28-Feb-2025,,Comercial,software,Alta,Mesa de ayuda,usuario051@lafortuna.com.co,La aplicación se cierra al generar el informe,Requerimiento remitido por la jefatura del área para gestión.,Reabierto,2
TK-00956,2025-12-06,,Talento Humano,software,Alta,correo,usuario127@lafortuna.com.co,La aplicación se cierra al generar el informe,El usuario reporta la novedad desde el inicio de la jornada y requiere solución para continuar con su labor.,REABIERTO,1
TK-01551,24/12/2025,2026-01-24,Aplicaciones,Sin clasificar,Alta,Correo,usuario063@lafortuna.com.co,Pendiente por definir,El usuario reporta la novedad desde el inicio de la jornada y requiere solución para continuar con su labor.,cerrado,0
TK-00375,19-Dic-2025,,Infraestructura,incidente,Alta,Teléfono,usuario006@lafortuna.com.co,Los usuarios reportan lentitud generalizada,El solicitante indica que la novedad se presenta de forma intermitente desde hace tres días.,En proceso,0
TK-01846,29-Ago-2025,,Operaciones,Aplicaciones,Baja,Formulario web,usuario164@lafortuna.com.co,La aplicación se cierra al generar el informe,Se solicita atención prioritaria porque afecta la operación del área y el cierre del periodo.,REABIERTO,2
TK-00948,15-Ene-2025,30/01/2025,Aplicaciones,Hardware,Crítica,Mesa de ayuda,usuario047@lafortuna.com.co,Solicito reposición de diadema dañada,Requerimiento remitido por la jefatura del área para gestión.,CERRADO,0
TK-00402,16/05/2026,2026-06-09,Comercial,Viaticos,alta,Teléfono,usuario064@lafortuna.com.co,Necesito anticipo para comisión,El usuario reporta la novedad desde el inicio de la jornada y requiere solución para continuar con su labor.,reabierto,3
TK-01317,2025-01-05,,Compras,nómina,CRITICA,Telefono,usuario055@lafortuna.com.co,Solicito certificado laboral con salario,Se solicita atención prioritaria porque afecta la operación del área y el cierre del periodo.,abierto,0
TK-00721,19/02/2026,,Talento Humano,Equipos,Alta,Correo,usuario074@lafortuna.com.co,El portátil no enciende desde ayer,El usuario reporta la novedad desde el inicio de la jornada y requiere solución para continuar con su labor.,Abierto,
TK-01476,2025-12-31,,Comercial,Capacitacion,alta,Mesa de ayuda,usuario132@lafortuna.com.co,Solicito capacitación en el módulo nuevo,El usuario reporta la novedad desde el inicio de la jornada y requiere solución para continuar con su labor.,En proceso,0
TK-01754,17/05/2025,,Infraestructura,Conectividad,MEDIA,Correo,usuario055@lafortuna.com.co,Sin internet en el segundo piso,Se solicita atención prioritaria porque afecta la operación del área y el cierre del periodo.,En proceso,0
TK-01481,31-May-2026,18-Jun-2026,Comercial,hardware,ALTA,Formulario web,usuario116@lafortuna.com.co,El teclado dejó de responder,El solicitante indica que la novedad se presenta de forma intermitente desde hace tres días.,reabierto,3
TK-00042,20-Ago-2025,2025-10-03,Talento Humano,hardware,baja,Teléfono,usuario065@lafortuna.com.co,La impresora de la sede norte imprime rayada,El caso fue reportado por teléfono y se registra para trazabilidad.,en proceso,0
TK-00759,30-May-2026,,Compras,conectividad,Critica,Teléfono,usuario132@lafortuna.com.co,La VPN se desconecta cada media hora,Se solicita atención prioritaria porque afecta la operación del área y el cierre del periodo.,Escalado,0
TK-00870,04/04/2025,20/04/2025,Contabilidad,ACCESOS,Critica,correo,,Solicito permiso al módulo de cartera,,Cerrado,0
TK-01483,2026-02-25,,Calidad,Informes,ALTA,Telefono,usuario165@lafortuna.com.co,El reporte no incluye la sede nueva,Se adjunta captura de pantalla del mensaje de error recibido.,REABIERTO,3
TK-01343,2025-03-27,2025-04-07,Infraestructura,informes,Critica,Telefono,usuario128@lafortuna.com.co,Necesito el reporte de ventas del trimestre,Se solicita atención prioritaria porque afecta la operación del área y el cierre del periodo.,CERRADO,0
TK-01849,2025-07-15,,Comercial,Software,media,Correo,usuario108@lafortuna.com.co,La versión instalada no coincide con la del área,Requerimiento remitido por la jefatura del área para gestión.,Reabierto,1
TK-01353,31/01/2025,,Compras,Gestión de accesos,3-Baja,Formulario web,usuario159@lafortuna.com.co,Me retiraron el acceso y aún trabajo en el proceso,El caso fue reportado por teléfono y se registra para trazabilidad.,abierto,0
TK-01888,31-Jul-2025,,Calidad,informes,media,correo,usuario097@lafortuna.com.co,El informe muestra cifras distintas al sistema,El usuario reporta la novedad desde el inicio de la jornada y requiere solución para continuar con su labor.,reabierto,3
TK-01925,17-Dic-2025,,Operaciones,Gestión de accesos,Media,Telefono,usuario107@lafortuna.com.co,Se bloqueó mi usuario tras varios intentos,El usuario reporta la novedad desde el inicio de la jornada y requiere solución para continuar con su labor.,REABIERTO,3
TK-00091,15-Jul-2025,,Comercial,Informes,Alta,Teléfono,usuario116@lafortuna.com.co,El reporte no incluye la sede nueva,Se solicita atención prioritaria porque afecta la operación del área y el cierre del periodo.,reabierto,3
TK-01745,2025-06-08,,Comercial,equipos,Media,Telefono,usuario009@lafortuna.com.co,Necesito un monitor adicional para el puesto,Se adjunta captura de pantalla del mensaje de error recibido.,Abierto,0
TK-01156,23/06/2026,20-Jul-2026,Aplicaciones,HARDWARE,Crítica,formulario,usuario023@lafortuna.com.co,Necesito un monitor adicional para el puesto ,Requerimiento remitido por la jefatura del área para gestión.,Cerrado,0
TK-01472,04/02/2026,06/02/2026,Compras,ACCESOS,ALTA,Correo,usuario036@lafortuna.com.co,Me retiraron el acceso y aún trabajo en el proceso,Se adjunta captura de pantalla del mensaje de error recibido.,Cerrado,
TK-00430,2025-06-02,,Aplicaciones,Gestión de accesos,alta,Mesa de ayuda,usuario037@lafortuna.com.co,Necesito acceso a la carpeta compartida de mi área,Requerimiento remitido por la jefatura del área para gestión.,Reabierto,1
TK-01619,06/05/2026,07/06/2026,Contabilidad,aplicaciones,ALTA,Correo,usuario100@lafortuna.com.co,Error al guardar el formulario de ingreso,Se solicita atención prioritaria porque afecta la operación del área y el cierre del periodo.,en proceso,0
TK-00525,23/03/2026,,Contabilidad,Sin clasificar,alta,formulario,usuario112@lafortuna.com.co,Consulta general,Requerimiento remitido por la jefatura del área para gestión.,abierto,0
TK-00739,2025-08-13,26-Ago-2025,Compras,Aplicaciones,CRITICA,Teléfono,usuario092@lafortuna.com.co,Necesito que instalen el visor de planos,El usuario reporta la novedad desde el inicio de la jornada y requiere solución para continuar con su labor.,CERRADO,0
TK-01019,27/07/2025,,Calidad,software,baja,Mesa de ayuda,usuario046@lafortuna.com.co,Aparece un mensaje de sesión expirada cada cinco minutos,Requerimiento remitido por la jefatura del área para gestión.,En proceso,0
TK-00763,2025-11-12,27/11/2025,Aplicaciones,Ordenes de compra,Media,correo,usuario111@lafortuna.com.co,Cómo registro un proveedor nuevo,El usuario reporta la novedad desde el inicio de la jornada y requiere solución para continuar con su labor.,cerrado,0
TK-00343,23/12/2025,,Comercial,hardware,Critica,Correo,usuario029@lafortuna.com.co,Necesito un monitor adicional para el puesto,El caso fue reportado por teléfono y se registra para trazabilidad.,En proceso,0
TK-01495,2025-02-15,,,software,Media,Correo,usuario017@lafortuna.com.co,Necesito que instalen el visor de planos,Requerimiento remitido por la jefatura del área para gestión.,abierto,0
TK-00318,30/01/2026,,Aplicaciones,Accesos,3-Baja,formulario,usuario162@lafortuna.com.co,Me retiraron el acceso y aún trabajo en el proceso,Se adjunta captura de pantalla del mensaje de error recibido.,Reabierto,3
TK-00331,16-Feb-2026,02/04/2026,Contabilidad,nómina,ALTA,formulario,usuario166@lafortuna.com.co,Solicito certificado laboral con salario,El caso fue reportado por teléfono y se registra para trazabilidad.,CERRADO,1
TK-01115,15-May-2026,,Infraestructura,Capacitacion,baja,Correo,usuario016@lafortuna.com.co,Solicito capacitación en el módulo nuevo,Se solicita atención prioritaria porque afecta la operación del área y el cierre del periodo.,Abierto,0
TK-01672,15-Jul-2025,,Aplicaciones,Viáticos,1-Alta,Telefono,usuario004@lafortuna.com.co,No me han reembolsado los gastos del mes pasado,,reabierto,1
TK-01760,14-May-2025,,Aplicaciones,OTROS,baja,correo,usuario111@lafortuna.com.co,Consulta general,Requerimiento remitido por la jefatura del área para gestión.,abierto,0
TK-01280,19/03/2025,,Operaciones,red,2-Media,Telefono,usuario017@lafortuna.com.co,La VPN se desconecta cada media hora,El usuario reporta la novedad desde el inicio de la jornada y requiere solución para continuar con su labor.,abierto,0
TK-01358,2025-02-10,2025-02-10,Calidad,Vacaciones,3-Baja,correo,usuario045@lafortuna.com.co,Con cuánta anticipación debo solicitar vacaciones,Requerimiento remitido por la jefatura del área para gestión.,Cerrado,0
TK-01341,27/02/2026,,Infraestructura,Gestión de accesos,Crítica,Telefono,usuario063@lafortuna.com.co,Solicito permiso al módulo de cartera,Se adjunta captura de pantalla del mensaje de error recibido.,Reabierto,1
TK-00497,13/02/2026,,Compras,Compras,alta,Correo,usuario158@lafortuna.com.co,Cómo registro un proveedor nuevo,,En proceso,0
TK-00803,19-May-2025,,Comercial,Capacitacion,CRITICA,correo,usuario083@lafortuna.com.co,Cuándo es la próxima inducción,El usuario reporta la novedad desde el inicio de la jornada y requiere solución para continuar con su labor.,En proceso,0
TK-01312,2026-05-03,22/05/2026,Operaciones,INCIDENTE,Baja,Mesa de ayuda,usuario059@lafortuna.com.co,Los usuarios reportan lentitud generalizada,El usuario reporta la novedad desde el inicio de la jornada y requiere solución para continuar con su labor.,cerrado,0
TK-01933,22-May-2026,,Operaciones,Conectividad,Media,formulario,usuario101@lafortuna.com.co,La VPN se desconecta cada media hora,El usuario reporta la novedad desde el inicio de la jornada y requiere solución para continuar con su labor.,Abierto,0
TK-00554,2025-06-11,,Infraestructura,aplicaciones,CRITICA,Correo,usuario152@lafortuna.com.co,Aparece un mensaje de sesión expirada cada cinco minutos,El usuario reporta la novedad desde el inicio de la jornada y requiere solución para continuar con su labor.,REABIERTO,2
TK-01810,19/05/2025,06-Jun-2025,Aplicaciones,nomina,1-Alta,correo,usuario033@lafortuna.com.co,Solicito certificado laboral con salario,El solicitante indica que la novedad se presenta de forma intermitente desde hace tres días.,CERRADO,0
TK-00185,2025-05-06,,Compras,hardware,Media,Teléfono,usuario033@lafortuna.com.co,Solicito reposición de diadema dañada,Se solicita atención prioritaria porque afecta la operación del área y el cierre del periodo.,abierto,0
TK-01295,18-Mar-2025,2025-04-11,Calidad,Órdenes de compra,Critica,correo,usuario172@lafortuna.com.co,Cómo registro un proveedor nuevo,Se adjunta captura de pantalla del mensaje de error recibido.,CERRADO,0
TK-00287,30-Mar-2025,2025-04-22,Talento Humano,Incidentes,Critica,correo,usuario044@lafortuna.com.co,Los usuarios reportan lentitud generalizada,El usuario reporta la novedad desde el inicio de la jornada y requiere solución para continuar con su labor.,En proceso,
TK-01110,2025-11-03,,Talento Humano,Ordenes de compra,2-Media,formulario,usuario145@lafortuna.com.co,El proveedor no ha entregado lo solicitado,Se solicita atención prioritaria porque afecta la operación del área y el cierre del periodo.,Abierto,0
TK-01663,2026-02-18,,Operaciones,Aplicaciones,ALTA,correo,usuario141@lafortuna.com.co,La aplicación se cierra al generar el informe,El solicitante indica que la novedad se presenta de forma intermitente desde hace tres días.,Reabierto,
TK-00717,2025-12-01,,Contabilidad,red,baja,Telefono,usuario124@lafortuna.com.co,Sin internet en el segundo piso,Se adjunta captura de pantalla del mensaje de error recibido.,en proceso,0
TK-00676,10/01/2025,,Infraestructura,INCIDENTE,CRITICA,Formulario web,usuario150@lafortuna.com.co,Los usuarios reportan lentitud generalizada,Se solicita atención prioritaria porque afecta la operación del área y el cierre del periodo.,en proceso,0
TK-01942,03/03/2026,2026-04-06,Calidad,Gestión de accesos,3-Baja,Telefono,usuario099@lafortuna.com.co,Necesito acceso a la carpeta compartida de mi área,,Reabierto,2
TK-01390,03-Jul-2025,,Aplicaciones,Gestion de accesos,ALTA,formulario,usuario071@lafortuna.com.co,Me retiraron el acceso y aún trabajo en el proceso,,Abierto,0
TK-01789,17/07/2025,,Comercial,,alta,Mesa de ayuda,usuario020@lafortuna.com.co,Requerimiento del área,El usuario reporta la novedad desde el inicio de la jornada y requiere solución para continuar con su labor.,Escalado,0
TK-01944,2026-03-11,07/04/2026,,Aplicaciones,Critica,Mesa de ayuda,usuario176@lafortuna.com.co,La aplicación se cierra al generar el informe,Requerimiento remitido por la jefatura del área para gestión.,en proceso,0
TK-00724,2026-01-03,28/01/2026,Infraestructura,,Crítica,correo,usuario092@lafortuna.com.co,Requerimiento del área,El caso fue reportado por teléfono y se registra para trazabilidad.,Reabierto,
TK-01426,19-Abr-2026,,Calidad,software,baja,Formulario web,usuario159@lafortuna.com.co,Aparece un mensaje de sesión expirada cada cinco minutos,El caso fue reportado por teléfono y se registra para trazabilidad.,reabierto,1
TK-01369,2026-04-20,,Comercial,NOMINA,2-Media,Mesa de ayuda,usuario119@lafortuna.com.co,Diferencia en el pago de horas extras,Se adjunta captura de pantalla del mensaje de error recibido.,en proceso,0
TK-00571,02/02/2026,,Operaciones,reportes,Alta,Mesa de ayuda,usuario060@lafortuna.com.co,El reporte no incluye la sede nueva,El usuario reporta la novedad desde el inicio de la jornada y requiere solución para continuar con su labor.,REABIERTO,
TK-01674,31/03/2026,,Comercial,Acceso,Media,Correo,usuario078@lafortuna.com.co,Necesito acceso a la carpeta compartida de mi área,El solicitante indica que la novedad se presenta de forma intermitente desde hace tres días.,Abierto,0
TK-01954,03-Sep-2025,,Talento Humano,aplicaciones,1-Alta,Formulario web,usuario061@lafortuna.com.co,Error al guardar el formulario de ingreso,Se adjunta captura de pantalla del mensaje de error recibido.,Reabierto,3
TK-01044,31-Oct-2025,08-Nov-2025,Talento Humano,aplicaciones,baja,Correo,usuario125@lafortuna.com.co,Error al guardar el formulario de ingreso,Se adjunta captura de pantalla del mensaje de error recibido.,Cerrado,1
TK-00102,2025-04-03,2025-04-15,Contabilidad,capacitacion,2-Media,Telefono,usuario084@lafortuna.com.co,Cuándo es la próxima inducción,Requerimiento remitido por la jefatura del área para gestión.,CERRADO,0
TK-00064,2026-01-15,,Contabilidad,Software,alta,Teléfono,usuario048@lafortuna.com.co,Aparece un mensaje de sesión expirada cada cinco minutos,,reabierto,
TK-01708,19/04/2026,,Aplicaciones,Red,1-Alta,Correo,usuario089@lafortuna.com.co,No carga el sistema desde la sede sur,Se adjunta captura de pantalla del mensaje de error recibido.,abierto,0
TK-00116,26/09/2025,,Calidad,Gestión de accesos,3-Baja,Correo,usuario102@lafortuna.com.co,Me retiraron el acceso y aún trabajo en el proceso,El usuario reporta la novedad desde el inicio de la jornada y requiere solución para continuar con su labor.,REABIERTO,3
TK-01540,11/08/2025,,Operaciones,Accesos,ALTA,formulario,usuario087@lafortuna.com.co,Me retiraron el acceso y aún trabajo en el proceso,El solicitante indica que la novedad se presenta de forma intermitente desde hace tres días.,En proceso,0
TK-00504,2026-03-04,,Comercial,Conectividad,MEDIA,Teléfono,,Sin internet en el segundo piso,Se adjunta captura de pantalla del mensaje de error recibido.,abierto,0
TK-01755,25-Mar-2025,2025-04-27,Comercial,equipos,1-Alta,correo,usuario015@lafortuna.com.co,Solicito reposición de diadema dañada,El usuario reporta la novedad desde el inicio de la jornada y requiere solución para continuar con su labor.,Cerrado,0
TK-01720,10-Dic-2025,,Aplicaciones,hardware,Baja,Formulario web,,El teclado dejó de responder,El caso fue reportado por teléfono y se registra para trazabilidad.,Escalado,0
TK-00181,03-Feb-2026,07-Mar-2026,Contabilidad,Red,1-Alta,formulario,usuario041@lafortuna.com.co,No carga el sistema desde la sede sur,El caso fue reportado por teléfono y se registra para trazabilidad.,CERRADO,1
TK-00522,2025-12-13,2025-12-19,Calidad,Incidentes,MEDIA,Formulario web,usuario041@lafortuna.com.co,Los usuarios reportan lentitud generalizada,,Escalado,0
TK-01928,11/06/2026,,Calidad,capacitacion,alta,Formulario web,usuario010@lafortuna.com.co,Necesito material del curso de la semana pasada,,reabierto,2
TK-01239,30/07/2025,2025-09-06,Aplicaciones,otros,Critica,Correo,usuario009@lafortuna.com.co,Pendiente por definir,El caso fue reportado por teléfono y se registra para trazabilidad.,CERRADO,0
TK-01047,29/05/2026,18-Jun-2026,Aplicaciones,Software,CRITICA,formulario,usuario134@lafortuna.com.co,La versión instalada no coincide con la del área,Se solicita atención prioritaria porque afecta la operación del área y el cierre del periodo.,en proceso,0
TK-01164,2025-12-15,,Contabilidad,Sin clasificar,ALTA,Teléfono,,Consulta general,El solicitante indica que la novedad se presenta de forma intermitente desde hace tres días.,Abierto,0
TK-01859,12-Feb-2026,,Infraestructura,Aplicaciones,Critica,Correo,usuario076@lafortuna.com.co,Aparece un mensaje de sesión expirada cada cinco minutos,El caso fue reportado por teléfono y se registra para trazabilidad.,Abierto,0
TK-01464,01/05/2026,,Contabilidad,red,MEDIA,Correo,usuario150@lafortuna.com.co,Muy lenta la conexión en la bodega,El solicitante indica que la novedad se presenta de forma intermitente desde hace tres días.,abierto,0
TK-00197,26/02/2025,21-Mar-2025,Aplicaciones,conectividad,CRITICA,Correo,usuario036@lafortuna.com.co,La VPN se desconecta cada media hora,El usuario reporta la novedad desde el inicio de la jornada y requiere solución para continuar con su labor.,Cerrado,0
TK-01250,26-Dic-2025,26/01/2026,Compras,incidente,Alta,Correo,,Los usuarios reportan lentitud generalizada,El solicitante indica que la novedad se presenta de forma intermitente desde hace tres días.,Escalado,0
TK-00807,2026-06-05,,Calidad,Viaticos,Critica,Formulario web,usuario104@lafortuna.com.co,Necesito anticipo para comisión,El solicitante indica que la novedad se presenta de forma intermitente desde hace tres días.,en proceso,0
TK-00549,2025-01-13,14-Feb-2025,Talento Humano,Gestion de accesos,1-Alta,Correo,usuario076@lafortuna.com.co,Me retiraron el acceso y aún trabajo en el proceso,El caso fue reportado por teléfono y se registra para trazabilidad.,cerrado,0
TK-00653,31/03/2026,2026-04-16,Compras,,CRITICA,Telefono,usuario017@lafortuna.com.co,Pendiente por definir,Se solicita atención prioritaria porque afecta la operación del área y el cierre del periodo.,cerrado,1
TK-01330,2025-12-15,,Aplicaciones,Conectividad,alta,Formulario web,usuario072@lafortuna.com.co,No carga el sistema desde la sede sur,Requerimiento remitido por la jefatura del área para gestión.,Abierto,0
TK-01094,11/08/2025,,Talento Humano,Otros,Baja,formulario,usuario146@lafortuna.com.co,Requerimiento del área,El usuario reporta la novedad desde el inicio de la jornada y requiere solución para continuar con su labor.,Abierto,0
TK-01739,2026-04-03,,Contabilidad,Nomina,alta,correo,usuario031@lafortuna.com.co,Solicito certificado laboral con salario,Se adjunta captura de pantalla del mensaje de error recibido.,Abierto,0
TK-01408,2025-02-05,23-Feb-2025,Operaciones,SOFTWARE,Crítica,Correo,usuario092@lafortuna.com.co,Error al guardar el formulario de ingreso,El solicitante indica que la novedad se presenta de forma intermitente desde hace tres días.,CERRADO,0
TK-01797,12/06/2025,,Contabilidad,software,ALTA,Teléfono,usuario144@lafortuna.com.co,Necesito que instalen el visor de planos,,abierto,0
TK-01206,2026-02-05,,Compras,Gestion de accesos,Baja,formulario,usuario026@lafortuna.com.co,Necesito acceso a la carpeta compartida de mi área,El solicitante indica que la novedad se presenta de forma intermitente desde hace tres días.,Escalado,0
TK-01603,08/09/2025,,Talento Humano,Conectividad,Baja,Correo,usuario153@lafortuna.com.co,Sin internet en el segundo piso,El usuario reporta la novedad desde el inicio de la jornada y requiere solución para continuar con su labor.,Abierto,0
TK-00309,10/10/2025,16-Nov-2025,Comercial,Sin clasificar,Alta,Teléfono,usuario152@lafortuna.com.co,Solicitud varias,El solicitante indica que la novedad se presenta de forma intermitente desde hace tres días.,CERRADO,0
TK-00288,03-Ago-2025,,Infraestructura,vacaciones,3-Baja,Correo,usuario043@lafortuna.com.co,Cuántos días tengo acumulados,El caso fue reportado por teléfono y se registra para trazabilidad.,REABIERTO,3
TK-00841,2026-04-08,,Compras,VACACIONES,Crítica,formulario,usuario110@lafortuna.com.co,Cuántos días tengo acumulados,El usuario reporta la novedad desde el inicio de la jornada y requiere solución para continuar con su labor.,Escalado,0
TK-01066,16-Ene-2026,26-Feb-2026,Calidad,accesos,Critica,Teléfono,usuario133@lafortuna.com.co,No puedo entrar al sistema Centrica,El solicitante indica que la novedad se presenta de forma intermitente desde hace tres días.,Cerrado,0
TK-01687,16-May-2026,,Calidad,software,Baja,Formulario web,usuario164@lafortuna.com.co,Aparece un mensaje de sesión expirada cada cinco minutos,Se solicita atención prioritaria porque afecta la operación del área y el cierre del periodo.,en proceso,0
TK-00618,09/01/2026,31-Ene-2026,Calidad,nomina,alta,correo,usuario178@lafortuna.com.co,Error en el descuento de la quincena,El caso fue reportado por teléfono y se registra para trazabilidad.,Cerrado,0
TK-00684,2026-05-21,23/06/2026,Talento Humano,otros,2-Media,correo,usuario022@lafortuna.com.co,Pendiente por definir,Se solicita atención prioritaria porque afecta la operación del área y el cierre del periodo.,reabierto,1
TK-01061,14-Ago-2025,,,Software,media,Telefono,usuario006@lafortuna.com.co,La aplicación se cierra al generar el informe,El solicitante indica que la novedad se presenta de forma intermitente desde hace tres días.,Abierto,0
TK-00654,2026-01-01,03-Feb-2026,Calidad,red,MEDIA,correo,usuario044@lafortuna.com.co,No carga el sistema desde la sede sur,El caso fue reportado por teléfono y se registra para trazabilidad.,Cerrado,0
TK-00305,04/02/2025,,Contabilidad,Viaticos,baja,Mesa de ayuda,usuario065@lafortuna.com.co,Cuál es el monto autorizado para hospedaje,El solicitante indica que la novedad se presenta de forma intermitente desde hace tres días.,en proceso,0
TK-00874,22-Nov-2025,2025-11-22,Contabilidad,HARDWARE,Critica,correo,usuario122@lafortuna.com.co,Solicito reposición de diadema dañada,Se adjunta captura de pantalla del mensaje de error recibido.,CERRADO,0
TK-00996,09/01/2026,2026-02-09,Compras,compras,Media,Teléfono,usuario132@lafortuna.com.co,El proveedor no ha entregado lo solicitado,,cerrado,0
TK-01457,2026-06-08,,Comercial,aplicaciones,Baja,correo,usuario150@lafortuna.com.co,Error al guardar el formulario de ingreso,Se solicita atención prioritaria porque afecta la operación del área y el cierre del periodo.,Reabierto,1
TK-01553,21-Ene-2025,,Aplicaciones,ACCESOS,Critica,correo,usuario127@lafortuna.com.co,Solicito permiso al módulo de cartera,El solicitante indica que la novedad se presenta de forma intermitente desde hace tres días.,abierto,0
TK-01012,2026-05-19,29/06/2026,Comercial,HARDWARE,baja,Mesa de ayuda,usuario051@lafortuna.com.co,El teclado dejó de responder,Requerimiento remitido por la jefatura del área para gestión.,cerrado,0
TK-01829,14-May-2025,2025-06-12,Compras,,Critica,Correo,,Solicitud varias,El solicitante indica que la novedad se presenta de forma intermitente desde hace tres días.,Cerrado,0
TK-01416,02-Jun-2026,24-Jun-2026,Compras,Incidentes,ALTA,Telefono,usuario171@lafortuna.com.co,Caída total del sistema en la sede principal,,cerrado,0
TK-00463,30-Abr-2026,,Calidad,capacitacion,CRITICA,Teléfono,usuario025@lafortuna.com.co,Solicito capacitación en el módulo nuevo,Se solicita atención prioritaria porque afecta la operación del área y el cierre del periodo.,reabierto,
TK-01784,10/05/2026,,Contabilidad,Informes,1-Alta,Correo,usuario095@lafortuna.com.co,Solicito exportar el listado a Excel,El solicitante indica que la novedad se presenta de forma intermitente desde hace tres días.,Escalado,0
TK-01893,12-Nov-2025,,Infraestructura,Capacitacion,2-Media,Formulario web,usuario165@lafortuna.com.co,Necesito material del curso de la semana pasada,El solicitante indica que la novedad se presenta de forma intermitente desde hace tres días.,En proceso,0
TK-01867,2025-08-29,,Infraestructura,RED,media,correo,usuario010@lafortuna.com.co,No carga el sistema desde la sede sur,,en proceso,0
TK-01158,09-Jun-2025,11-Jul-2025,Aplicaciones,Incidentes,Crítica,Mesa de ayuda,usuario162@lafortuna.com.co,Caída total del sistema en la sede principal,Se adjunta captura de pantalla del mensaje de error recibido.,CERRADO,0
TK-00954,06-Mar-2026,,Comercial,Acceso,ALTA,Teléfono,usuario043@lafortuna.com.co,Solicito permiso al módulo de cartera,El caso fue reportado por teléfono y se registra para trazabilidad.,Abierto,0
TK-00675,11/05/2026,,Comercial,conectividad,Alta,Mesa de ayuda,usuario101@lafortuna.com.co,Muy lenta la conexión en la bodega,Se solicita atención prioritaria porque afecta la operación del área y el cierre del periodo.,abierto,0
TK-00141,21-Jun-2026,,Calidad,Incidente,Critica,Mesa de ayuda,usuario155@lafortuna.com.co,Pérdida de información en el módulo de inventario,Se solicita atención prioritaria porque afecta la operación del área y el cierre del periodo.,abierto,0
TK-00713,12/01/2026,,Calidad,Nomina,3-Baja,Teléfono,usuario015@lafortuna.com.co,Solicito certificado laboral con salario,El solicitante indica que la novedad se presenta de forma intermitente desde hace tres días.,Abierto,
TK-00346,17-May-2026,,Infraestructura,Informes,Alta,Telefono,,El reporte no incluye la sede nueva,El caso fue reportado por teléfono y se registra para trazabilidad.,Abierto,
TK-01090,28-Abr-2026,2026-06-09,Contabilidad,Nómina,MEDIA,Mesa de ayuda,usuario080@lafortuna.com.co,Error en el descuento de la quincena,El caso fue reportado por teléfono y se registra para trazabilidad.,cerrado,0
TK-01805,09/05/2026,,Contabilidad,Capacitacion,Alta,Teléfono,usuario109@lafortuna.com.co,Necesito material del curso de la semana pasada,El usuario reporta la novedad desde el inicio de la jornada y requiere solución para continuar con su labor.,Escalado,0
TK-01920,27/04/2025,,Contabilidad,Equipos,1-Alta,correo,usuario023@lafortuna.com.co,El portátil no enciende desde ayer,Se solicita atención prioritaria porque afecta la operación del área y el cierre del periodo.,Reabierto,1
TK-01154,26/02/2025,26-Feb-2025,Operaciones,informes,alta,formulario,usuario098@lafortuna.com.co,El informe muestra cifras distintas al sistema,Se solicita atención prioritaria porque afecta la operación del área y el cierre del periodo.,Cerrado,0
TK-01820,2025-04-22,29/05/2025,Contabilidad,accesos,Alta,correo,usuario115@lafortuna.com.co,Necesito acceso a la carpeta compartida de mi área,El solicitante indica que la novedad se presenta de forma intermitente desde hace tres días.,Cerrado,0
TK-00767,07-May-2026,,Calidad,Nomina,1-Alta,Correo,usuario024@lafortuna.com.co,Solicito certificado laboral con salario,Requerimiento remitido por la jefatura del área para gestión.,En proceso,0
TK-00092,08/12/2025,,Aplicaciones,VACACIONES,baja,Mesa de ayuda,usuario109@lafortuna.com.co,Puedo dividir mis vacaciones en dos periodos,Se adjunta captura de pantalla del mensaje de error recibido.,Escalado,0
TK-00999,14-Nov-2025,,Calidad,Otros,Baja,Formulario web,usuario151@lafortuna.com.co,Consulta general,El solicitante indica que la novedad se presenta de forma intermitente desde hace tres días.,en proceso,0
TK-00823,12/02/2025,,Talento Humano,HARDWARE,ALTA,Formulario web,usuario115@lafortuna.com.co,El teclado dejó de responder,El solicitante indica que la novedad se presenta de forma intermitente desde hace tres días.,En proceso,0
TK-01777,11/05/2025,,Calidad,viaticos,2-Media,correo,usuario035@lafortuna.com.co,Cuál es el monto autorizado para hospedaje,Requerimiento remitido por la jefatura del área para gestión.,abierto,
TK-00284,2025-08-26,2025-09-28,Comercial,capacitacion,Baja,correo,usuario163@lafortuna.com.co,Necesito material del curso de la semana pasada,El caso fue reportado por teléfono y se registra para trazabilidad.,en proceso,0
TK-00079,29-Oct-2025,15-Nov-2025,Aplicaciones,Software,Media,formulario,usuario024@lafortuna.com.co,Aparece un mensaje de sesión expirada cada cinco minutos,El usuario reporta la novedad desde el inicio de la jornada y requiere solución para continuar con su labor.,Cerrado,0
TK-01549,16-Abr-2026,,Contabilidad,Software,3-Baja,correo,usuario150@lafortuna.com.co,Error al guardar el formulario de ingreso,El caso fue reportado por teléfono y se registra para trazabilidad.,abierto,0
TK-01013,2026-01-17,,Infraestructura,Aplicaciones,Media,Mesa de ayuda,usuario149@lafortuna.com.co,Aparece un mensaje de sesión expirada cada cinco minutos,Requerimiento remitido por la jefatura del área para gestión.,abierto,0
TK-00384,2025-11-29,11/01/2026,Infraestructura,Equipos,CRITICA,Formulario web,,Necesito un monitor adicional para el puesto,,REABIERTO,2
TK-00294,05-Ene-2026,2026-01-16,Calidad,Hardware,baja,correo,usuario125@lafortuna.com.co,El portátil no enciende desde ayer,Se solicita atención prioritaria porque afecta la operación del área y el cierre del periodo.,REABIERTO,2
TK-01529,2025-02-11,02/03/2025,Calidad,Gestión de accesos,CRITICA,Telefono,usuario056@lafortuna.com.co,No puedo entrar al sistema Centrica,,CERRADO,0
TK-01229,2025-04-09,22/04/2025,,,alta,Correo,usuario035@lafortuna.com.co,Pendiente por definir,,en proceso,0
TK-00267,14-May-2025,2025-06-17,Compras,red,3-Baja,Formulario web,usuario041@lafortuna.com.co,La VPN se desconecta cada media hora,El solicitante indica que la novedad se presenta de forma intermitente desde hace tres días.,cerrado,0
TK-01292,2025-11-08,,Aplicaciones,Compras,MEDIA,Teléfono,usuario069@lafortuna.com.co,Estado de la orden de compra 4471,Se adjunta captura de pantalla del mensaje de error recibido.,Reabierto,2
TK-00790,28/04/2026,01/05/2026,Compras,OTROS,Alta,Telefono,usuario024@lafortuna.com.co,Pendiente por definir,,Reabierto,1
TK-01319,29-May-2025,,Compras,Compras,MEDIA,Correo,,Necesito cotización para equipos de la bodega,,REABIERTO,2
TK-01698,03-Jul-2025,21-Jul-2025,Compras,Nómina,MEDIA,correo,usuario028@lafortuna.com.co,Error en el descuento de la quincena,Se solicita atención prioritaria porque afecta la operación del área y el cierre del periodo.,CERRADO,0
TK-00656,06/05/2026,,Compras,Software,Media,Telefono,usuario137@lafortuna.com.co,Aparece un mensaje de sesión expirada cada cinco minutos,El caso fue reportado por teléfono y se registra para trazabilidad.,reabierto,3
TK-01833,15-Jul-2025,,Aplicaciones,Incidente,ALTA,Formulario web,usuario065@lafortuna.com.co,Caída total del sistema en la sede principal,Se solicita atención prioritaria porque afecta la operación del área y el cierre del periodo.,En proceso,0
TK-01130,29/05/2026,,Operaciones,vacaciones,Media,Mesa de ayuda,usuario013@lafortuna.com.co,Cuántos días tengo acumulados,El caso fue reportado por teléfono y se registra para trazabilidad.,abierto,0
TK-00249,2025-09-19,,Infraestructura,Informes,Critica,Teléfono,usuario130@lafortuna.com.co,El reporte no incluye la sede nueva,El solicitante indica que la novedad se presenta de forma intermitente desde hace tres días.,Escalado,0
TK-00336,2025-08-25,,Compras,Incidente,Baja,Teléfono,usuario120@lafortuna.com.co,Caída total del sistema en la sede principal,Se adjunta captura de pantalla del mensaje de error recibido.,abierto,
TK-00460,02-Ene-2026,11/01/2026,Contabilidad,Sin clasificar,Crítica,Mesa de ayuda,usuario161@lafortuna.com.co,Pendiente por definir,,CERRADO,0
TK-01634,2026-03-21,,Infraestructura,red,ALTA,correo,usuario036@lafortuna.com.co,La VPN se desconecta cada media hora,El solicitante indica que la novedad se presenta de forma intermitente desde hace tres días.,en proceso,0
TK-01300,23-Mar-2026,14/04/2026,Comercial,Software,1-Alta,Telefono,usuario042@lafortuna.com.co,Necesito que instalen el visor de planos,Requerimiento remitido por la jefatura del área para gestión.,CERRADO,0
TK-01440,01/04/2025,,Talento Humano,Órdenes de compra,baja,formulario,usuario171@lafortuna.com.co,Estado de la orden de compra 4471,Requerimiento remitido por la jefatura del área para gestión.,Abierto,0
TK-01537,01-Feb-2025,12/03/2025,Talento Humano,Incidentes,Media,Mesa de ayuda,usuario046@lafortuna.com.co,Se cayó el servicio de facturación,Requerimiento remitido por la jefatura del área para gestión.,CERRADO,0
TK-00672,14/09/2025,,Compras,Vacaciones,media,Mesa de ayuda,usuario150@lafortuna.com.co,Con cuánta anticipación debo solicitar vacaciones,El usuario reporta la novedad desde el inicio de la jornada y requiere solución para continuar con su labor.,REABIERTO,1
TK-00354,2025-08-28,,Infraestructura,Órdenes de compra,Critica,Mesa de ayuda,usuario054@lafortuna.com.co,Estado de la orden de compra 4471,El usuario reporta la novedad desde el inicio de la jornada y requiere solución para continuar con su labor.,REABIERTO,3
TK-01049,10/03/2025,2025-03-22,Comercial,ACCESOS,media,Correo,usuario158@lafortuna.com.co,No puedo entrar al sistema Centrica,El usuario reporta la novedad desde el inicio de la jornada y requiere solución para continuar con su labor.,Cerrado,0
TK-00480,13/01/2026,,Operaciones,Incidente,2-Media,Correo,usuario128@lafortuna.com.co,Los usuarios reportan lentitud generalizada,El usuario reporta la novedad desde el inicio de la jornada y requiere solución para continuar con su labor.,REABIERTO,3
TK-01697,2026-05-21,04-Jun-2026,Compras,Equipos,media,Correo,usuario159@lafortuna.com.co,Necesito un monitor adicional para el puesto,El solicitante indica que la novedad se presenta de forma intermitente desde hace tres días.,CERRADO,0
TK-00661,26-Ago-2025,,Compras,equipos,Baja,formulario,usuario045@lafortuna.com.co,El portátil no enciende desde ayer,Requerimiento remitido por la jefatura del área para gestión.,En proceso,0
TK-00127,20/07/2025,2025-08-02,Comercial,equipos,2-Media,correo,usuario178@lafortuna.com.co,La impresora de la sede norte imprime rayada,El solicitante indica que la novedad se presenta de forma intermitente desde hace tres días.,En proceso,0
TK-00730,03-Mar-2026,27/03/2026,Calidad,nomina,2-Media,Mesa de ayuda,usuario137@lafortuna.com.co,Error en el descuento de la quincena,Se adjunta captura de pantalla del mensaje de error recibido.,Cerrado,0
TK-01178,2025-08-15,26/09/2025,Infraestructura,Conectividad,MEDIA,correo,usuario068@lafortuna.com.co,No carga el sistema desde la sede sur,Se solicita atención prioritaria porque afecta la operación del área y el cierre del periodo.,en proceso,0
TK-01780,28/01/2026,,Compras,Accesos,Baja,formulario,usuario073@lafortuna.com.co,Necesito acceso a la carpeta compartida de mi área,Se solicita atención prioritaria porque afecta la operación del área y el cierre del periodo.,Escalado,0
TK-01113,2025-01-06,17/01/2025,Contabilidad,HARDWARE,CRITICA,correo,usuario098@lafortuna.com.co,La impresora de la sede norte imprime rayada,El usuario reporta la novedad desde el inicio de la jornada y requiere solución para continuar con su labor.,En proceso,0
TK-01757,19-May-2025,28/06/2025,Operaciones,Software,2-Media,correo,usuario014@lafortuna.com.co,Necesito que instalen el visor de planos,Se adjunta captura de pantalla del mensaje de error recibido.,CERRADO,0
TK-00579,2025-05-05,,Comercial,otros,MEDIA,Mesa de ayuda,usuario075@lafortuna.com.co,Consulta general,El solicitante indica que la novedad se presenta de forma intermitente desde hace tres días.,En proceso,0
TK-01279,18/07/2025,,Comercial,incidente,Media,formulario,usuario130@lafortuna.com.co,Caída total del sistema en la sede principal,Se solicita atención prioritaria porque afecta la operación del área y el cierre del periodo.,abierto,0
TK-00038,2025-05-17,,Comercial,OTROS,media,Correo,usuario121@lafortuna.com.co,Solicitud varias,,en proceso,0
TK-00746,11-Jul-2025,,Talento Humano,VACACIONES,MEDIA,correo,usuario178@lafortuna.com.co,Con cuánta anticipación debo solicitar vacaciones,El caso fue reportado por teléfono y se registra para trazabilidad.,abierto,0
TK-00158,09/07/2025,,Comercial,reportes,1-Alta,Telefono,usuario029@lafortuna.com.co,El informe muestra cifras distintas al sistema,El caso fue reportado por teléfono y se registra para trazabilidad.,abierto,0
TK-00538,09-Jul-2025,,Calidad,Capacitación,CRITICA,Teléfono,usuario127@lafortuna.com.co,Necesito material del curso de la semana pasada,El caso fue reportado por teléfono y se registra para trazabilidad.,Escalado,0
TK-01817,25/04/2025,22-May-2025,Calidad,Gestión de accesos,1-Alta,Teléfono,usuario122@lafortuna.com.co,Solicito permiso al módulo de cartera,El solicitante indica que la novedad se presenta de forma intermitente desde hace tres días.,Cerrado,0
TK-00466,14-May-2026,06/06/2026,Calidad,software,1-Alta,formulario,usuario099@lafortuna.com.co,Necesito que instalen el visor de planos,Se solicita atención prioritaria porque afecta la operación del área y el cierre del periodo.,CERRADO,0
TK-00299,2026-02-13,30/03/2026,Calidad,Ordenes de compra,CRITICA,Correo,usuario162@lafortuna.com.co,El proveedor no ha entregado lo solicitado,Se solicita atención prioritaria porque afecta la operación del área y el cierre del periodo.,cerrado,0
TK-01093,03/08/2025,,Comercial,Sin clasificar,MEDIA,Teléfono,usuario037@lafortuna.com.co,Pendiente por definir,Requerimiento remitido por la jefatura del área para gestión.,Abierto,0
TK-01199,12/02/2026,,Comercial,RED,Baja,Mesa de ayuda,usuario096@lafortuna.com.co,La VPN se desconecta cada media hora,El caso fue reportado por teléfono y se registra para trazabilidad.,en proceso,
TK-01773,29/05/2025,2025-07-11,Infraestructura,viaticos,1-Alta,Mesa de ayuda,usuario035@lafortuna.com.co,Cuál es el monto autorizado para hospedaje,,Cerrado,0
TK-00239,2025-11-03,2025-11-20,Contabilidad,aplicaciones,Crítica,Formulario web,usuario130@lafortuna.com.co,La versión instalada no coincide con la del área,El usuario reporta la novedad desde el inicio de la jornada y requiere solución para continuar con su labor.,Reabierto,1
TK-00597,06/02/2026,,Contabilidad,Informes,Crítica,Telefono,usuario171@lafortuna.com.co,Solicito exportar el listado a Excel,El usuario reporta la novedad desde el inicio de la jornada y requiere solución para continuar con su labor.,reabierto,1
TK-01608,2025-10-08,,Infraestructura,accesos,ALTA,Telefono,usuario103@lafortuna.com.co,Necesito acceso a la carpeta compartida de mi área,El solicitante indica que la novedad se presenta de forma intermitente desde hace tres días.,Abierto,0
TK-00166,19-Ago-2025,30/08/2025,Contabilidad,SOFTWARE,alta,formulario,usuario016@lafortuna.com.co,La versión instalada no coincide con la del área,Requerimiento remitido por la jefatura del área para gestión.,Cerrado,0
TK-00230,2025-12-22,,Talento Humano,conectividad,Alta,Formulario web,usuario110@lafortuna.com.co,Sin internet en el segundo piso,Se adjunta captura de pantalla del mensaje de error recibido.,REABIERTO,3
TK-01447,31/05/2026,09-Jun-2026,Comercial,reportes,Critica,formulario,usuario091@lafortuna.com.co,El reporte no incluye la sede nueva,Requerimiento remitido por la jefatura del área para gestión.,CERRADO,1
TK-00022,20/06/2026,2026-07-31,Contabilidad,equipos,alta,Teléfono,usuario088@lafortuna.com.co,Necesito un monitor adicional para el puesto,El caso fue reportado por teléfono y se registra para trazabilidad.,Reabierto,3
TK-01021,06-Nov-2025,22-Nov-2025,Aplicaciones,ACCESOS,baja,Formulario web,usuario105@lafortuna.com.co,Se bloqueó mi usuario tras varios intentos,Se solicita atención prioritaria porque afecta la operación del área y el cierre del periodo.,CERRADO,1
TK-00211,23/05/2026,,Comercial,Software,Crítica,Telefono,usuario162@lafortuna.com.co,Error al guardar el formulario de ingreso,Se solicita atención prioritaria porque afecta la operación del área y el cierre del periodo.,reabierto,2
TK-00495,02/11/2025,,Talento Humano,otros,2-Media,Telefono,usuario021@lafortuna.com.co,Solicitud varias,Requerimiento remitido por la jefatura del área para gestión.,REABIERTO,1
TK-01581,21/01/2026,,Operaciones,equipos,Critica,Teléfono,usuario097@lafortuna.com.co,El teclado dejó de responder,Se adjunta captura de pantalla del mensaje de error recibido.,en proceso,0
TK-01814,23/08/2025,01/09/2025,Compras,Aplicaciones,Crítica,correo,usuario105@lafortuna.com.co,La aplicación se cierra al generar el informe,Se adjunta captura de pantalla del mensaje de error recibido.,reabierto,1
TK-00884,03-Ago-2025,,Compras,Vacaciones,1-Alta,formulario,usuario172@lafortuna.com.co,Cuántos días tengo acumulados,El caso fue reportado por teléfono y se registra para trazabilidad.,en proceso,0
TK-01593,2025-02-18,,Compras,hardware,ALTA,Correo,usuario062@lafortuna.com.co,Solicito reposición de diadema dañada,Se solicita atención prioritaria porque afecta la operación del área y el cierre del periodo.,Abierto,0
TK-01776,2025-12-14,23-Ene-2026,Aplicaciones,HARDWARE,Alta,Correo,usuario013@lafortuna.com.co,La impresora de la sede norte imprime rayada,,CERRADO,0
TK-01083,27/06/2025,,Infraestructura,conectividad,1-Alta,Mesa de ayuda,usuario171@lafortuna.com.co,Muy lenta la conexión en la bodega,Se solicita atención prioritaria porque afecta la operación del área y el cierre del periodo.,abierto,0
TK-00669,05-Jul-2025,2025-07-26,Compras,VACACIONES,3-Baja,Correo,usuario104@lafortuna.com.co,Me negaron las vacaciones solicitadas,El usuario reporta la novedad desde el inicio de la jornada y requiere solución para continuar con su labor.,CERRADO,0
TK-01201,12/08/2025,,Contabilidad,accesos,Baja,Formulario web,usuario034@lafortuna.com.co,Se bloqueó mi usuario tras varios intentos,Se solicita atención prioritaria porque afecta la operación del área y el cierre del periodo.,abierto,0
TK-00824,2025-02-28,,Compras,HARDWARE,alta,correo,usuario174@lafortuna.com.co,Necesito un monitor adicional para el puesto,Se adjunta captura de pantalla del mensaje de error recibido.,Reabierto,
TK-01134,2026-06-12,04-Jul-2026,Aplicaciones,incidente,CRITICA,correo,usuario004@lafortuna.com.co,Pérdida de información en el módulo de inventario,,En proceso,0
TK-01932,2026-03-17,,Operaciones,Acceso,3-Baja,Telefono,usuario034@lafortuna.com.co,Necesito acceso a la carpeta compartida de mi área,El caso fue reportado por teléfono y se registra para trazabilidad.,Reabierto,1
TK-01927,19-Jun-2025,2025-07-04,Calidad,SOFTWARE,baja,Formulario web,usuario097@lafortuna.com.co,Necesito que instalen el visor de planos,El usuario reporta la novedad desde el inicio de la jornada y requiere solución para continuar con su labor.,Cerrado,1
TK-01544,23-Jun-2026,,Contabilidad,Reportes,Alta,Mesa de ayuda,usuario038@lafortuna.com.co,Solicito exportar el listado a Excel,,Reabierto,3
TK-01825,24/05/2025,26/06/2025,Compras,Sin clasificar,MEDIA,formulario,usuario010@lafortuna.com.co,Solicitud varias,El solicitante indica que la novedad se presenta de forma intermitente desde hace tres días.,cerrado,0
TK-01748,08/09/2025,,Aplicaciones,accesos,Crítica,correo,usuario122@lafortuna.com.co,Me retiraron el acceso y aún trabajo en el proceso,Se solicita atención prioritaria porque afecta la operación del área y el cierre del periodo.,Abierto,0
TK-00925,24/01/2026,,Calidad,conectividad,Alta,Formulario web,usuario028@lafortuna.com.co,No carga el sistema desde la sede sur,El usuario reporta la novedad desde el inicio de la jornada y requiere solución para continuar con su labor.,en proceso,0
TK-01584,12/02/2026,,Contabilidad,Hardware,Alta,Telefono,usuario066@lafortuna.com.co,Solicito reposición de diadema dañada,,En proceso,0
TK-00436,06-Nov-2025,,Comercial,vacaciones,Crítica,formulario,usuario107@lafortuna.com.co,Con cuánta anticipación debo solicitar vacaciones,El usuario reporta la novedad desde el inicio de la jornada y requiere solución para continuar con su labor.,abierto,0
TK-00805,2025-05-12,2025-06-11,Aplicaciones,red,MEDIA,Telefono,usuario094@lafortuna.com.co,Sin internet en el segundo piso,El caso fue reportado por teléfono y se registra para trazabilidad.,CERRADO,0
TK-00235,2026-03-09,,Calidad,informes,Critica,correo,usuario104@lafortuna.com.co,El reporte no incluye la sede nueva,Requerimiento remitido por la jefatura del área para gestión.,abierto,0
TK-00446,2025-11-26,,Infraestructura,software,Crítica,correo,usuario061@lafortuna.com.co,Error al guardar el formulario de ingreso,Se adjunta captura de pantalla del mensaje de error recibido.,Reabierto,3
TK-01923,30-Nov-2025,,Infraestructura,Red,Media,Formulario web,usuario002@lafortuna.com.co,Sin internet en el segundo piso,,Abierto,
TK-01545,2025-01-20,,Comercial,Compras,Alta,correo,usuario061@lafortuna.com.co,Necesito cotización para equipos de la bodega,El solicitante indica que la novedad se presenta de forma intermitente desde hace tres días.,abierto,0
TK-00179,26-Dic-2025,2026-01-29,Infraestructura,capacitación,1-Alta,Formulario web,usuario097@lafortuna.com.co,Solicito capacitación en el módulo nuevo,El usuario reporta la novedad desde el inicio de la jornada y requiere solución para continuar con su labor.,Cerrado,0
TK-01136,27-Oct-2025,22/11/2025,Compras,Compras,Alta,Teléfono,usuario060@lafortuna.com.co,Estado de la orden de compra 4471,Se adjunta captura de pantalla del mensaje de error recibido.,Cerrado,0
TK-01313,11/06/2025,17-Jul-2025,Operaciones,ACCESOS,2-Media,correo,usuario161@lafortuna.com.co,Se bloqueó mi usuario tras varios intentos,El usuario reporta la novedad desde el inicio de la jornada y requiere solución para continuar con su labor.,cerrado,1
TK-01345,2026-02-12,19/03/2026,Operaciones,Nómina,media,correo,usuario010@lafortuna.com.co,Diferencia en el pago de horas extras,Se adjunta captura de pantalla del mensaje de error recibido.,cerrado,0
TK-01711,2025-01-09,2025-01-21,Contabilidad,Hardware,ALTA,correo,usuario033@lafortuna.com.co,El teclado dejó de responder,Se adjunta captura de pantalla del mensaje de error recibido.,En proceso,0
TK-00789,2025-01-26,,Comercial,Incidente,media,Teléfono,usuario143@lafortuna.com.co,Los usuarios reportan lentitud generalizada,El caso fue reportado por teléfono y se registra para trazabilidad.,Escalado,0
TK-01200,13/09/2025,04/10/2025,Compras,Aplicaciones,1-Alta,Correo,usuario042@lafortuna.com.co,La versión instalada no coincide con la del área,Se adjunta captura de pantalla del mensaje de error recibido.,CERRADO,0
TK-01375,2025-01-13,,Contabilidad,Accesos,alta,correo,usuario140@lafortuna.com.co,No puedo entrar al sistema Centrica,Se solicita atención prioritaria porque afecta la operación del área y el cierre del periodo.,en proceso,0
TK-00471,21/08/2025,09-Sep-2025,Aplicaciones,accesos,ALTA,Formulario web,usuario035@lafortuna.com.co,Se bloqueó mi usuario tras varios intentos,El caso fue reportado por teléfono y se registra para trazabilidad.,cerrado,0
TK-01734,2025-12-31,,Contabilidad,red,Baja,Correo,usuario141@lafortuna.com.co,La VPN se desconecta cada media hora,El usuario reporta la novedad desde el inicio de la jornada y requiere solución para continuar con su labor.,Abierto,0
TK-00566,05-Abr-2025,,Comercial,INCIDENTE,ALTA,Teléfono,usuario084@lafortuna.com.co,Se cayó el servicio de facturación,Se adjunta captura de pantalla del mensaje de error recibido.,Abierto,0
TK-01249,09-May-2026,,Comercial,Red,1-Alta,Mesa de ayuda,usuario114@lafortuna.com.co,Muy lenta la conexión en la bodega,,En proceso,0
TK-00243,2025-05-15,,Compras,Nómina,ALTA,formulario,usuario107@lafortuna.com.co,No me llegó el desprendible de pago,El solicitante indica que la novedad se presenta de forma intermitente desde hace tres días.,en proceso,0
TK-01221,27/02/2026,,Contabilidad,Ordenes de compra,2-Media,Mesa de ayuda,usuario140@lafortuna.com.co,Cómo registro un proveedor nuevo,Se adjunta captura de pantalla del mensaje de error recibido.,en proceso,0
TK-00903,28-Mar-2026,,Infraestructura,Nomina,Alta,correo,usuario048@lafortuna.com.co,Diferencia en el pago de horas extras,El solicitante indica que la novedad se presenta de forma intermitente desde hace tres días.,Abierto,0
TK-00816,06/05/2026,12/06/2026,Compras,Software,alta,Formulario web,usuario134@lafortuna.com.co,Aparece un mensaje de sesión expirada cada cinco minutos,El usuario reporta la novedad desde el inicio de la jornada y requiere solución para continuar con su labor.,cerrado,1
TK-00876,13/02/2025,,Contabilidad,Otros,CRITICA,Mesa de ayuda,usuario013@lafortuna.com.co,Pendiente por definir,Se adjunta captura de pantalla del mensaje de error recibido.,abierto,0
TK-01946,09/06/2025,20-Jun-2025,Aplicaciones,SOFTWARE,alta,correo,usuario171@lafortuna.com.co,Necesito que instalen el visor de planos,,reabierto,1
TK-01699,08-Abr-2026,2026-04-13,Calidad,aplicaciones,CRITICA,Mesa de ayuda,usuario153@lafortuna.com.co,Necesito que instalen el visor de planos,El caso fue reportado por teléfono y se registra para trazabilidad.,cerrado,0
TK-01653,2025-10-04,,Operaciones,Software,3-Baja,Telefono,usuario172@lafortuna.com.co,Necesito que instalen el visor de planos,El usuario reporta la novedad desde el inicio de la jornada y requiere solución para continuar con su labor.,Abierto,0
TK-01350,21-Jun-2025,04/07/2025,Operaciones,VACACIONES,Alta,Formulario web,usuario046@lafortuna.com.co,Me negaron las vacaciones solicitadas,Se solicita atención prioritaria porque afecta la operación del área y el cierre del periodo.,cerrado,0
TK-00424,05/05/2026,,Aplicaciones,Gestión de accesos,ALTA,correo,usuario120@lafortuna.com.co,Me retiraron el acceso y aún trabajo en el proceso,El usuario reporta la novedad desde el inicio de la jornada y requiere solución para continuar con su labor.,Abierto,0
TK-01439,17/04/2025,,Contabilidad,conectividad,Media,Mesa de ayuda,usuario048@lafortuna.com.co,No carga el sistema desde la sede sur,Se solicita atención prioritaria porque afecta la operación del área y el cierre del periodo.,Abierto,0
TK-00376,04-Abr-2026,,Compras,compras,2-Media,Formulario web,usuario037@lafortuna.com.co,Estado de la orden de compra 4471,,Escalado,
TK-00058,21-Nov-2025,,Calidad,Incidentes,alta,Correo,usuario167@lafortuna.com.co,Caída total del sistema en la sede principal,Se solicita atención prioritaria porque afecta la operación del área y el cierre del periodo.,Escalado,0
TK-01573,13-Mar-2026,09-Abr-2026,Contabilidad,Capacitacion,Alta,Teléfono,usuario088@lafortuna.com.co,Cuándo es la próxima inducción,Se adjunta captura de pantalla del mensaje de error recibido.,cerrado,0
TK-00002,2025-12-10,2026-01-10,Compras,viaticos,baja,Mesa de ayuda,usuario097@lafortuna.com.co,Cómo legalizo los viáticos del viaje a la costa,El solicitante indica que la novedad se presenta de forma intermitente desde hace tres días.,CERRADO,0
TK-00292,25-Ene-2026,,Operaciones,Hardware,Media,Correo,usuario030@lafortuna.com.co,Necesito un monitor adicional para el puesto,El caso fue reportado por teléfono y se registra para trazabilidad.,Escalado,0
TK-01587,2026-01-18,,Contabilidad,Equipos,CRITICA,Mesa de ayuda,,Necesito un monitor adicional para el puesto,El caso fue reportado por teléfono y se registra para trazabilidad.,Reabierto,3
TK-01144,20/07/2025,2025-08-23,Comercial,otros,ALTA,Mesa de ayuda,usuario079@lafortuna.com.co,Requerimiento del área,Se adjunta captura de pantalla del mensaje de error recibido.,Reabierto,1
TK-00171,2026-03-31,24/04/2026,Comercial,SOFTWARE,Baja,Formulario web,usuario063@lafortuna.com.co,La aplicación se cierra al generar el informe,El caso fue reportado por teléfono y se registra para trazabilidad.,cerrado,0
TK-01726,2025-04-14,02-May-2025,Infraestructura,Capacitación,Critica,correo,usuario107@lafortuna.com.co,Necesito material del curso de la semana pasada,El caso fue reportado por teléfono y se registra para trazabilidad.,Cerrado,0
TK-00769,26/09/2025,,Comercial,SOFTWARE,1-Alta,Telefono,usuario040@lafortuna.com.co,La versión instalada no coincide con la del área,El usuario reporta la novedad desde el inicio de la jornada y requiere solución para continuar con su labor.,Escalado,0
TK-00914,07/05/2026,2026-05-22,Aplicaciones,Compras,2-Media,Correo,usuario032@lafortuna.com.co,Necesito cotización para equipos de la bodega,El solicitante indica que la novedad se presenta de forma intermitente desde hace tres días.,Escalado,0
TK-01029,07-Jun-2026,30/06/2026,Aplicaciones,Conectividad,MEDIA,Formulario web,usuario037@lafortuna.com.co,No carga el sistema desde la sede sur,Se adjunta captura de pantalla del mensaje de error recibido.,CERRADO,0
TK-01746,21/02/2026,,Talento Humano,viáticos,baja,Telefono,usuario099@lafortuna.com.co,No me han reembolsado los gastos del mes pasado,El usuario reporta la novedad desde el inicio de la jornada y requiere solución para continuar con su labor.,abierto,0
TK-01588,13/02/2025,,Comercial,incidente,ALTA,Correo,usuario137@lafortuna.com.co,Se cayó el servicio de facturación,El solicitante indica que la novedad se presenta de forma intermitente desde hace tres días.,Reabierto,2
TK-01185,13/09/2025,,Talento Humano,ACCESOS,ALTA,Correo,usuario022@lafortuna.com.co,No puedo entrar al sistema Centrica,Requerimiento remitido por la jefatura del área para gestión.,REABIERTO,3
TK-01477,19-Dic-2025,07-Ene-2026,Contabilidad,aplicaciones,media,Telefono,usuario152@lafortuna.com.co,Aparece un mensaje de sesión expirada cada cinco minutos,El usuario reporta la novedad desde el inicio de la jornada y requiere solución para continuar con su labor.,CERRADO,0
TK-01707,23/05/2026,,Aplicaciones,aplicaciones,baja,Teléfono,usuario089@lafortuna.com.co,La versión instalada no coincide con la del área,Se adjunta captura de pantalla del mensaje de error recibido.,En proceso,0
TK-00037,2025-07-09,,Aplicaciones,Accesos,media,Telefono,usuario006@lafortuna.com.co,Necesito acceso a la carpeta compartida de mi área,El usuario reporta la novedad desde el inicio de la jornada y requiere solución para continuar con su labor.,Escalado,0
TK-01045,26-Mar-2025,,Infraestructura,Conectividad,3-Baja,correo,usuario139@lafortuna.com.co,Muy lenta la conexión en la bodega,Requerimiento remitido por la jefatura del área para gestión.,reabierto,
TK-00241,2026-03-16,,Comercial,Aplicaciones,Baja,Teléfono,usuario129@lafortuna.com.co,La aplicación se cierra al generar el informe,Se solicita atención prioritaria porque afecta la operación del área y el cierre del periodo.,Abierto,0
TK-00272,25/05/2025,,Operaciones,conectividad,Baja,correo,usuario168@lafortuna.com.co,Sin internet en el segundo piso,Requerimiento remitido por la jefatura del área para gestión.,abierto,0
TK-00924,2025-04-05,,Calidad,Aplicaciones,Media,formulario,usuario160@lafortuna.com.co,Aparece un mensaje de sesión expirada cada cinco minutos,Se adjunta captura de pantalla del mensaje de error recibido.,abierto,0
TK-01525,11/06/2026,,Calidad,informes,Alta,Formulario web,usuario012@lafortuna.com.co,El reporte no incluye la sede nueva,,En proceso,0
TK-00335,30/05/2026,,,Gestión de accesos,Critica,Mesa de ayuda,usuario041@lafortuna.com.co,Necesito acceso a la carpeta compartida de mi área,Se solicita atención prioritaria porque afecta la operación del área y el cierre del periodo.,en proceso,0
TK-00904,2025-04-19,,Calidad,,Critica,Formulario web,usuario008@lafortuna.com.co,Solicitud varias,Requerimiento remitido por la jefatura del área para gestión.,en proceso,0
TK-00464,28/03/2026,,Operaciones,Viaticos,ALTA,Formulario web,usuario136@lafortuna.com.co,Necesito anticipo para comisión,Requerimiento remitido por la jefatura del área para gestión.,reabierto,2
TK-01363,2025-03-30,2025-04-01,Calidad,nómina,alta,correo,usuario118@lafortuna.com.co,Diferencia en el pago de horas extras,Se adjunta captura de pantalla del mensaje de error recibido.,cerrado,0
TK-00427,2025-10-05,,Infraestructura,Viaticos,1-Alta,Mesa de ayuda,usuario123@lafortuna.com.co,Necesito anticipo para comisión,,Abierto,0
TK-00397,21-Sep-2025,,Contabilidad,Ordenes de compra,3-Baja,Telefono,usuario069@lafortuna.com.co,Necesito cotización para equipos de la bodega,El usuario reporta la novedad desde el inicio de la jornada y requiere solución para continuar con su labor.,abierto,0
TK-00647,17/09/2025,2025-11-01,Compras,Viaticos,3-Baja,formulario,usuario115@lafortuna.com.co,No me han reembolsado los gastos del mes pasado,Se adjunta captura de pantalla del mensaje de error recibido.,en proceso,0
TK-00873,2025-05-08,,Comercial,vacaciones,media,correo,usuario008@lafortuna.com.co,Con cuánta anticipación debo solicitar vacaciones,El caso fue reportado por teléfono y se registra para trazabilidad.,REABIERTO,1
TK-01367,19-Jun-2026,,Aplicaciones,Compras,3-Baja,correo,usuario087@lafortuna.com.co,Cómo registro un proveedor nuevo,Se adjunta captura de pantalla del mensaje de error recibido.,reabierto,1
TK-01337,13/02/2025,10/03/2025,Calidad,HARDWARE,1-Alta,Formulario web,usuario083@lafortuna.com.co,La impresora de la sede norte imprime rayada,El caso fue reportado por teléfono y se registra para trazabilidad.,Reabierto,1
TK-01686,08/11/2025,,Comercial,capacitación,1-Alta,Correo,usuario074@lafortuna.com.co,Solicito capacitación en el módulo nuevo,El usuario reporta la novedad desde el inicio de la jornada y requiere solución para continuar con su labor.,Reabierto,1
TK-01609,07/08/2025,31-Ago-2025,Infraestructura,compras,3-Baja,Telefono,usuario172@lafortuna.com.co,El proveedor no ha entregado lo solicitado,Se adjunta captura de pantalla del mensaje de error recibido.,CERRADO,1
TK-01743,2026-06-02,12-Jun-2026,Calidad,Accesos,media,Telefono,usuario172@lafortuna.com.co,Se bloqueó mi usuario tras varios intentos,Se adjunta captura de pantalla del mensaje de error recibido.,Cerrado,0
TK-01761,28/05/2026,,Comercial,Vacaciones,Alta,Correo,usuario138@lafortuna.com.co,Puedo dividir mis vacaciones en dos periodos,El usuario reporta la novedad desde el inicio de la jornada y requiere solución para continuar con su labor.,Abierto,0
TK-01762,2026-04-22,02-Jun-2026,Infraestructura,Red,Media,correo,usuario048@lafortuna.com.co,Sin internet en el segundo piso,El caso fue reportado por teléfono y se registra para trazabilidad.,reabierto,3
TK-01834,2025-02-26,,,Acceso,CRITICA,Correo,usuario017@lafortuna.com.co,Solicito permiso al módulo de cartera,Requerimiento remitido por la jefatura del área para gestión.,en proceso,0
TK-00853,18/02/2025,28/02/2025,Aplicaciones,nomina,Crítica,formulario,usuario088@lafortuna.com.co,Solicito certificado laboral con salario,El usuario reporta la novedad desde el inicio de la jornada y requiere solución para continuar con su labor.,cerrado,0
TK-00337,18-Mar-2026,,Infraestructura,Capacitacion,CRITICA,formulario,usuario039@lafortuna.com.co,Necesito material del curso de la semana pasada,Se solicita atención prioritaria porque afecta la operación del área y el cierre del periodo.,Reabierto,2
TK-00977,12-Ene-2025,,Comercial,SOFTWARE,Critica,formulario,usuario142@lafortuna.com.co,La versión instalada no coincide con la del área,El usuario reporta la novedad desde el inicio de la jornada y requiere solución para continuar con su labor.,abierto,0
TK-01578,2026-01-01,,Comercial,Aplicaciones,Media,Mesa de ayuda,usuario025@lafortuna.com.co,La aplicación se cierra al generar el informe,,En proceso,0
TK-01058,2026-06-25,26/07/2026,Infraestructura,Equipos,Baja,Telefono,usuario050@lafortuna.com.co,Necesito un monitor adicional para el puesto,El usuario reporta la novedad desde el inicio de la jornada y requiere solución para continuar con su labor.,cerrado,1
TK-01794,17/01/2025,,Contabilidad,informes,Baja,Formulario web,,Necesito el reporte de ventas del trimestre,El solicitante indica que la novedad se presenta de forma intermitente desde hace tres días.,Escalado,0
TK-01469,22/03/2026,,Calidad,software,MEDIA,correo,usuario099@lafortuna.com.co,Aparece un mensaje de sesión expirada cada cinco minutos,Se adjunta captura de pantalla del mensaje de error recibido.,en proceso,0
TK-01223,2025-10-19,,Aplicaciones,compras,MEDIA,Formulario web,usuario114@lafortuna.com.co,Necesito cotización para equipos de la bodega,El usuario reporta la novedad desde el inicio de la jornada y requiere solución para continuar con su labor.,abierto,0
TK-01565,01-Jun-2025,,Talento Humano,Órdenes de compra,baja,Mesa de ayuda,usuario096@lafortuna.com.co,El proveedor no ha entregado lo solicitado,Se solicita atención prioritaria porque afecta la operación del área y el cierre del periodo.,Abierto,0
TK-01400,01-Mar-2026,15/03/2026,Comercial,capacitación,Critica,Telefono,usuario026@lafortuna.com.co,Solicito capacitación en el módulo nuevo,Requerimiento remitido por la jefatura del área para gestión.,reabierto,3
TK-01062,12/08/2025,,Operaciones,hardware,1-Alta,formulario,usuario006@lafortuna.com.co,El teclado dejó de responder,El usuario reporta la novedad desde el inicio de la jornada y requiere solución para continuar con su labor.,REABIERTO,
TK-00303,22/02/2026,,Aplicaciones,incidente,3-Baja,Telefono,usuario159@lafortuna.com.co,Los usuarios reportan lentitud generalizada,El solicitante indica que la novedad se presenta de forma intermitente desde hace tres días.,Reabierto,2
TK-01543,14-Ene-2026,,Contabilidad,equipos,Baja,Correo,,Solicito reposición de diadema dañada,Requerimiento remitido por la jefatura del área para gestión.,REABIERTO,3
TK-00066,2026-02-20,,,conectividad,MEDIA,correo,usuario109@lafortuna.com.co,Sin internet en el segundo piso,Se adjunta captura de pantalla del mensaje de error recibido.,En proceso,
TK-00592,17-Ene-2026,,Infraestructura,SOFTWARE,media,correo,usuario095@lafortuna.com.co,La aplicación se cierra al generar el informe,El usuario reporta la novedad desde el inicio de la jornada y requiere solución para continuar con su labor.,REABIERTO,1
TK-00950,13-Oct-2025,,Operaciones,viáticos,2-Media,correo,usuario135@lafortuna.com.co,Necesito anticipo para comisión,El caso fue reportado por teléfono y se registra para trazabilidad.,abierto,0
TK-00468,2025-11-06,,Calidad,Nomina,MEDIA,formulario,usuario101@lafortuna.com.co,Solicito certificado laboral con salario,El caso fue reportado por teléfono y se registra para trazabilidad.,En proceso,
TK-00877,2025-09-20,,Talento Humano,reportes,MEDIA,Mesa de ayuda,,Solicito exportar el listado a Excel,El solicitante indica que la novedad se presenta de forma intermitente desde hace tres días.,Escalado,0
TK-00794,13/03/2026,,Infraestructura,Accesos,1-Alta,Correo,usuario045@lafortuna.com.co,Se bloqueó mi usuario tras varios intentos,El usuario reporta la novedad desde el inicio de la jornada y requiere solución para continuar con su labor.,abierto,0
TK-01175,17-Dic-2025,30/12/2025,Compras,HARDWARE,CRITICA,correo,usuario099@lafortuna.com.co,Necesito un monitor adicional para el puesto,El solicitante indica que la novedad se presenta de forma intermitente desde hace tres días.,Cerrado,0
TK-00890,03-Nov-2025,,Aplicaciones,Gestión de accesos,Critica,Teléfono,usuario084@lafortuna.com.co,Me retiraron el acceso y aún trabajo en el proceso,El caso fue reportado por teléfono y se registra para trazabilidad.,En proceso,0
TK-01873,2025-02-25,21-Mar-2025,Compras,SOFTWARE,baja,Formulario web,usuario051@lafortuna.com.co,Error al guardar el formulario de ingreso ,Requerimiento remitido por la jefatura del área para gestión.,Cerrado,
TK-00588,2026-01-30,20/02/2026,Talento Humano,Red,Critica,Teléfono,usuario013@lafortuna.com.co,La VPN se desconecta cada media hora,Se solicita atención prioritaria porque afecta la operación del área y el cierre del periodo.,REABIERTO,3
TK-01015,22/04/2026,13/05/2026,Calidad,nómina,Crítica,Correo,usuario008@lafortuna.com.co,Solicito certificado laboral con salario,Se solicita atención prioritaria porque afecta la operación del área y el cierre del periodo.,Cerrado,0
TK-01770,26-Dic-2025,,Calidad,Gestion de accesos,CRITICA,Teléfono,usuario126@lafortuna.com.co,Necesito acceso a la carpeta compartida de mi área,Requerimiento remitido por la jefatura del área para gestión.,REABIERTO,2
TK-01569,2025-01-22,08-Feb-2025,Compras,nómina,baja,Teléfono,usuario116@lafortuna.com.co,Error en el descuento de la quincena,,Cerrado,0
TK-00933,28/12/2025,,Compras,,Baja,Correo,usuario126@lafortuna.com.co,Consulta general,El solicitante indica que la novedad se presenta de forma intermitente desde hace tres días.,Reabierto,3
TK-01889,08-Jun-2026,,Compras,aplicaciones,media,Correo,,Aparece un mensaje de sesión expirada cada cinco minutos,El caso fue reportado por teléfono y se registra para trazabilidad.,en proceso,0
TK-00922,2025-11-25,,Infraestructura,SOFTWARE,2-Media,Telefono,usuario081@lafortuna.com.co,La versión instalada no coincide con la del área,Requerimiento remitido por la jefatura del área para gestión.,Abierto,0
TK-00580,2025-08-23,27-Ago-2025,Infraestructura,Vacaciones,Critica,Formulario web,usuario020@lafortuna.com.co,Puedo dividir mis vacaciones en dos periodos,El caso fue reportado por teléfono y se registra para trazabilidad.,cerrado,0
TK-01309,2025-10-04,,Contabilidad,Gestion de accesos,Crítica,Mesa de ayuda,usuario115@lafortuna.com.co,Necesito acceso a la carpeta compartida de mi área,El usuario reporta la novedad desde el inicio de la jornada y requiere solución para continuar con su labor.,REABIERTO,3
TK-01688,2025-08-05,,Contabilidad,red,2-Media,formulario,usuario052@lafortuna.com.co,La VPN se desconecta cada media hora,El caso fue reportado por teléfono y se registra para trazabilidad.,Escalado,0
TK-01959,26/06/2026,,Talento Humano,SOFTWARE,baja,Correo,usuario111@lafortuna.com.co,La versión instalada no coincide con la del área,Se solicita atención prioritaria porque afecta la operación del área y el cierre del periodo.,Reabierto,1
TK-00011,04-May-2025,07/06/2025,Talento Humano,HARDWARE,MEDIA,correo,usuario048@lafortuna.com.co,Solicito reposición de diadema dañada,Se solicita atención prioritaria porque afecta la operación del área y el cierre del periodo.,CERRADO,0
TK-01236,18/09/2025,,Operaciones,Aplicaciones,2-Media,Formulario web,usuario126@lafortuna.com.co,La versión instalada no coincide con la del área,Requerimiento remitido por la jefatura del área para gestión.,Escalado,0
TK-01252,2025-03-17,,Aplicaciones,Nómina,Alta,formulario,usuario003@lafortuna.com.co,Diferencia en el pago de horas extras,El solicitante indica que la novedad se presenta de forma intermitente desde hace tres días.,REABIERTO,2
TK-01028,12/01/2025,,Contabilidad,conectividad,2-Media,Teléfono,,Sin internet en el segundo piso,El solicitante indica que la novedad se presenta de forma intermitente desde hace tres días.,REABIERTO,1
TK-00410,27-Dic-2025,,Operaciones,Viáticos,2-Media,Correo,usuario146@lafortuna.com.co,Cuál es el monto autorizado para hospedaje,Requerimiento remitido por la jefatura del área para gestión.,Escalado,0
TK-00042,20-Ago-2025,2025-10-03,Talento Humano,hardware,baja,Teléfono,usuario065@lafortuna.com.co,La impresora de la sede norte imprime rayada,El caso fue reportado por teléfono y se registra para trazabilidad.,en proceso,0
TK-01051,29/04/2025,,Talento Humano,HARDWARE,media,Telefono,usuario023@lafortuna.com.co,La impresora de la sede norte imprime rayada,Requerimiento remitido por la jefatura del área para gestión.,En proceso,0
TK-01040,11/08/2025,,Aplicaciones,nómina,MEDIA,formulario,usuario107@lafortuna.com.co,Solicito certificado laboral con salario,,REABIERTO,2
TK-01863,2026-06-07,,Infraestructura,Acceso,2-Media,Mesa de ayuda,usuario024@lafortuna.com.co,Se bloqueó mi usuario tras varios intentos,Se solicita atención prioritaria porque afecta la operación del área y el cierre del periodo.,En proceso,0
TK-00023,27-Jun-2026,,Comercial,Capacitacion,2-Media,Teléfono,usuario149@lafortuna.com.co,Solicito capacitación en el módulo nuevo,,reabierto,3
TK-00316,2026-06-23,,Talento Humano,Compras,media,formulario,usuario010@lafortuna.com.co,Cómo registro un proveedor nuevo,Requerimiento remitido por la jefatura del área para gestión.,abierto,0
TK-00942,2026-01-22,,Infraestructura,conectividad,baja,Teléfono,usuario068@lafortuna.com.co,No carga el sistema desde la sede sur,Se solicita atención prioritaria porque afecta la operación del área y el cierre del periodo.,Reabierto,3
TK-01064,11/04/2026,,Infraestructura,software,baja,Formulario web,usuario046@lafortuna.com.co,Error al guardar el formulario de ingreso,El usuario reporta la novedad desde el inicio de la jornada y requiere solución para continuar con su labor.,reabierto,3
TK-00673,2025-01-22,,Comercial,Gestión de accesos,ALTA,Mesa de ayuda,usuario169@lafortuna.com.co,Me retiraron el acceso y aún trabajo en el proceso,El usuario reporta la novedad desde el inicio de la jornada y requiere solución para continuar con su labor.,Escalado,0
TK-00219,12/06/2025,,Compras,NOMINA,ALTA,Telefono,usuario035@lafortuna.com.co,Solicito certificado laboral con salario,Se adjunta captura de pantalla del mensaje de error recibido.,Escalado,0
TK-00530,28/10/2025,,Operaciones,hardware,Baja,Teléfono,usuario018@lafortuna.com.co,El teclado dejó de responder,El caso fue reportado por teléfono y se registra para trazabilidad.,reabierto,
TK-01195,08-Mar-2025,,Aplicaciones,Ordenes de compra,baja,correo,usuario150@lafortuna.com.co,Cómo registro un proveedor nuevo,Requerimiento remitido por la jefatura del área para gestión.,abierto,0
TK-01283,2025-03-11,,Comercial,Informes,Critica,Formulario web,usuario170@lafortuna.com.co,Solicito exportar el listado a Excel,Requerimiento remitido por la jefatura del área para gestión.,Reabierto,2
TK-01835,09-Ene-2025,2025-01-12,Compras,SOFTWARE,3-Baja,formulario,usuario171@lafortuna.com.co,Error al guardar el formulario de ingreso,El solicitante indica que la novedad se presenta de forma intermitente desde hace tres días.,Escalado,0
TK-01937,22/07/2025,2025-08-13,Calidad,software,Crítica,Correo,usuario134@lafortuna.com.co,La versión instalada no coincide con la del área,Se adjunta captura de pantalla del mensaje de error recibido.,Cerrado,0
TK-00144,19-Mar-2026,,Compras,Aplicaciones,Media,Correo,,La aplicación se cierra al generar el informe,,Escalado,0
TK-01078,19/06/2026,03/08/2026,Calidad,Capacitación,3-Baja,Correo,usuario165@lafortuna.com.co,Necesito material del curso de la semana pasada,El solicitante indica que la novedad se presenta de forma intermitente desde hace tres días.,CERRADO,0
TK-01412,2025-09-27,2025-10-07,Infraestructura,Otros,alta,formulario,usuario036@lafortuna.com.co,Solicitud varias,El usuario reporta la novedad desde el inicio de la jornada y requiere solución para continuar con su labor.,Escalado,0
TK-01180,2025-02-21,,Aplicaciones,Equipos,Baja,Mesa de ayuda,usuario070@lafortuna.com.co,Solicito reposición de diadema dañada,Se solicita atención prioritaria porque afecta la operación del área y el cierre del periodo.,En proceso,0
TK-00005,05-Sep-2025,05-Oct-2025,Operaciones,Aplicaciones,Alta,Correo,usuario126@lafortuna.com.co,Necesito que instalen el visor de planos,El solicitante indica que la novedad se presenta de forma intermitente desde hace tres días.,en proceso,0
TK-01851,2025-04-12,,Infraestructura,OTROS,2-Media,Formulario web,usuario083@lafortuna.com.co,Solicitud varias,El solicitante indica que la novedad se presenta de forma intermitente desde hace tres días.,en proceso,0
TK-01348,20-Feb-2025,,Talento Humano,ACCESOS,3-Baja,formulario,usuario162@lafortuna.com.co,Me retiraron el acceso y aún trabajo en el proceso,Se adjunta captura de pantalla del mensaje de error recibido.,Escalado,0
TK-00642,22/11/2025,,Talento Humano,Órdenes de compra,Critica,correo,usuario164@lafortuna.com.co,Cómo registro un proveedor nuevo,El caso fue reportado por teléfono y se registra para trazabilidad.,Abierto,0
TK-01750,10/04/2026,09/05/2026,Infraestructura,Incidentes,Alta,Telefono,usuario117@lafortuna.com.co,Caída total del sistema en la sede principal,Se solicita atención prioritaria porque afecta la operación del área y el cierre del periodo.,CERRADO,1
TK-01360,11-Mar-2026,,Contabilidad,Gestion de accesos,Media,formulario,usuario068@lafortuna.com.co,Solicito permiso al módulo de cartera,El solicitante indica que la novedad se presenta de forma intermitente desde hace tres días.,en proceso,0
TK-01265,24-Jun-2025,25/06/2025,Compras,Software,Baja,Formulario web,usuario009@lafortuna.com.co,Aparece un mensaje de sesión expirada cada cinco minutos,,Cerrado,0
TK-01452,2025-10-17,,Operaciones,conectividad,Alta,Correo,usuario139@lafortuna.com.co,No carga el sistema desde la sede sur,,en proceso,0
TK-01724,2025-09-14,29-Sep-2025,Comercial,Compras,media,Formulario web,usuario020@lafortuna.com.co,El proveedor no ha entregado lo solicitado,,CERRADO,0
TK-01331,2025-10-11,,Infraestructura,RED,media,Teléfono,usuario056@lafortuna.com.co,Muy lenta la conexión en la bodega,Se solicita atención prioritaria porque afecta la operación del área y el cierre del periodo.,REABIERTO,3
TK-00007,2025-01-04,28/01/2025,Compras,Conectividad,media,Formulario web,usuario159@lafortuna.com.co,Muy lenta la conexión en la bodega,El usuario reporta la novedad desde el inicio de la jornada y requiere solución para continuar con su labor.,Cerrado,0
TK-01683,03-Ene-2026,,Comercial,HARDWARE,alta,correo,usuario035@lafortuna.com.co,Necesito un monitor adicional para el puesto,El caso fue reportado por teléfono y se registra para trazabilidad.,Reabierto,3
TK-01208,25-May-2026,,Infraestructura,reportes,MEDIA,Correo,usuario163@lafortuna.com.co,El reporte no incluye la sede nueva,El usuario reporta la novedad desde el inicio de la jornada y requiere solución para continuar con su labor.,REABIERTO,2
TK-01484,06/03/2026,,Infraestructura,viaticos,2-Media,correo,usuario062@lafortuna.com.co,Cuál es el monto autorizado para hospedaje,Se adjunta captura de pantalla del mensaje de error recibido.,REABIERTO,2
TK-00742,21/03/2026,,Aplicaciones,HARDWARE,Critica,Formulario web,usuario172@lafortuna.com.co,Necesito un monitor adicional para el puesto,El solicitante indica que la novedad se presenta de forma intermitente desde hace tres días.,abierto,0
TK-01434,2025-04-27,25-May-2025,Talento Humano,Informes,Crítica,correo,usuario095@lafortuna.com.co,Solicito exportar el listado a Excel,,cerrado,1
TK-00620,31-Mar-2026,29-Abr-2026,Aplicaciones,otros,2-Media,Correo,usuario117@lafortuna.com.co,Solicitud varias,Requerimiento remitido por la jefatura del área para gestión.,Cerrado,0
TK-00192,12-Abr-2025,22-Abr-2025,Compras,Capacitación,Media,Formulario web,usuario081@lafortuna.com.co,Necesito material del curso de la semana pasada,Se adjunta captura de pantalla del mensaje de error recibido.,REABIERTO,
TK-01042,18/01/2025,03-Mar-2025,Aplicaciones,Gestión de accesos,CRITICA,formulario,usuario077@lafortuna.com.co,Necesito acceso a la carpeta compartida de mi área,,cerrado,0
TK-00760,19-Jul-2025,28-Ago-2025,Contabilidad,Software,Crítica,Correo,usuario035@lafortuna.com.co,Aparece un mensaje de sesión expirada cada cinco minutos,El solicitante indica que la novedad se presenta de forma intermitente desde hace tres días.,cerrado,0
TK-00786,2026-04-24,,Calidad,accesos,1-Alta,Mesa de ayuda,usuario157@lafortuna.com.co,Necesito acceso a la carpeta compartida de mi área,El caso fue reportado por teléfono y se registra para trazabilidad.,Abierto,0
TK-01467,03-Dic-2025,,Compras,Conectividad,1-Alta,Mesa de ayuda,usuario113@lafortuna.com.co,No carga el sistema desde la sede sur,Se adjunta captura de pantalla del mensaje de error recibido.,Reabierto,3
TK-01682,18-Dic-2025,,Infraestructura,,Crítica,formulario,usuario061@lafortuna.com.co,Requerimiento del área,Se solicita atención prioritaria porque afecta la operación del área y el cierre del periodo.,abierto,0
TK-01861,07/12/2025,23/12/2025,Comercial,hardware,ALTA,Teléfono,usuario035@lafortuna.com.co,La impresora de la sede norte imprime rayada,Requerimiento remitido por la jefatura del área para gestión.,cerrado,
TK-00188,2025-01-01,,Calidad,Otros,alta,correo,usuario044@lafortuna.com.co,Requerimiento del área,Requerimiento remitido por la jefatura del área para gestión.,Abierto,0
TK-00117,29/05/2025,19-Jun-2025,Talento Humano,Aplicaciones,CRITICA,Teléfono,usuario180@lafortuna.com.co,La aplicación se cierra al generar el informe,El caso fue reportado por teléfono y se registra para trazabilidad.,cerrado,0
TK-00441,20/04/2026,,Talento Humano,Accesos,MEDIA,Formulario web,usuario005@lafortuna.com.co,Solicito permiso al módulo de cartera,,reabierto,1
TK-01055,02-Nov-2025,2025-11-06,Contabilidad,Acceso,baja,Mesa de ayuda,usuario155@lafortuna.com.co,Necesito acceso a la carpeta compartida de mi área,El caso fue reportado por teléfono y se registra para trazabilidad.,Cerrado,0
TK-01676,2026-05-18,,Compras,nómina,3-Baja,correo,usuario127@lafortuna.com.co,Error en el descuento de la quincena,,reabierto,2
TK-00073,01-Feb-2025,14/02/2025,Infraestructura,Ordenes de compra,Baja,Formulario web,,El proveedor no ha entregado lo solicitado,El usuario reporta la novedad desde el inicio de la jornada y requiere solución para continuar con su labor.,Escalado,0
TK-00231,30-Abr-2026,2026-05-25,Aplicaciones,Gestion de accesos,Crítica,correo,usuario025@lafortuna.com.co,Necesito acceso a la carpeta compartida de mi área,,cerrado,1
TK-00122,13-Nov-2025,20-Nov-2025,Operaciones,Nomina,Critica,Formulario web,usuario129@lafortuna.com.co,Solicito certificado laboral con salario,El usuario reporta la novedad desde el inicio de la jornada y requiere solución para continuar con su labor.,CERRADO,0
TK-01788,29-Jun-2026,17-Jul-2026,Contabilidad,Accesos,ALTA,formulario,usuario039@lafortuna.com.co,No puedo entrar al sistema Centrica,,CERRADO,1
TK-00883,2026-05-22,,Calidad,ACCESOS,Alta,formulario,usuario069@lafortuna.com.co,Se bloqueó mi usuario tras varios intentos ,Requerimiento remitido por la jefatura del área para gestión.,Abierto,0
TK-01405,2025-05-07,,Infraestructura,Órdenes de compra,Alta,Mesa de ayuda,usuario010@lafortuna.com.co,El proveedor no ha entregado lo solicitado,El solicitante indica que la novedad se presenta de forma intermitente desde hace tres días.,Escalado,0
